CustomerID,Age,Gender,Category,ItemPurchased,Amount,Season,PaymentMethod,ItemRating,DiscountApplied(%),PreviousPurchases
1,58,Female,Accessories,Handbag,116,Autumn,Card,3.5,18,4
2,40,Male,Mens Clothing,Shirt,103,Spring,Card,4.1,13,4
3,66,Female,Sports,Football,35,Spring,Card,3.3,11,3
4,39,Female,Accessories,Handbag,153,Spring,Card,4.4,13,4
5,23,Female,Home,Curtains,151,Winter,Card,4.1,20,10
6,48,Male,Groceries,Snacks,37,Autumn,Card,2.5,14,2
7,54,Male,Electronics,Mobile Phone,1396,Autumn,Card,4.7,18,4
8,59,Female,Beauty,Perfume,36,Summer,Card,4.6,14,7
9,51,Male,Electronics,Smart Watch,2239,Spring,Card,4.3,20,5
10,47,Female,Footwear,Formal Shoes,225,Spring,Card,4.7,18,4
11,32,Male,Mens Clothing,T-Shirt,121,Spring,Card,3.2,8,4
12,31,Female,Accessories,Handbag,44,Summer,Card,3.6,8,4
13,21,Male,Sports,Yoga Mat,79,Winter,Cash on Delivery,3.8,16,8
14,22,Female,Footwear,Sandals,189,Summer,Card,2.9,10,5
15,47,Male,Sports,Dumbbells,222,Winter,Card,3.9,12,6
16,60,Male,Sports,Dumbbells,218,Spring,Card,4.6,27,11
17,54,Female,Footwear,Sneakers,44,Spring,Cash on Delivery,2.9,20,5
18,57,Female,Womens Clothing,Jeans,137,Autumn,Card,3.4,22,6
19,68,Female,Home,Lamp,105,Autumn,Card,4.5,14,7
20,22,Female,Womens Clothing,Skirt,174,Summer,Card,3.6,18,4
21,61,Female,Footwear,Sneakers,69,Autumn,Card,4.9,22,6
22,65,Female,Sports,Dumbbells,31,Spring,Cash on Delivery,3.8,14,7
23,25,Male,Sports,Football,143,Autumn,Card,5,13,4
24,35,Male,Mens Clothing,Jeans,37,Summer,Card,4.2,13,4
25,28,Female,Womens Clothing,Top,57,Winter,Card,4.1,26,8
26,41,Male,Sports,Football,46,Winter,Cash on Delivery,3.3,11,3
27,58,Female,Home,Lamp,138,Autumn,Card,3.7,11,3
28,24,Male,Sports,Yoga Mat,31,Autumn,Card,4.4,20,10
29,50,Female,Sports,Yoga Mat,179,Spring,Card,3.7,11,3
30,69,Male,Sports,Football,206,Autumn,Card,2.7,22,6
31,43,Male,Electronics,Smart Watch,1572,Autumn,Card,3.5,14,7
32,33,Male,Footwear,Formal Shoes,173,Spring,Card,4.6,19,7
33,58,Female,Beauty,Perfume,135,Spring,Card,3.7,9,2
34,26,Female,Womens Clothing,Dress,170,Autumn,Card,3.8,14,2
35,67,Male,Sports,Football,238,Winter,Card,3.3,17,6
36,32,Female,Womens Clothing,Jeans,50,Winter,Cash on Delivery,2.4,12,6
37,25,Female,Groceries,Rice Pack,29,Summer,Cash on Delivery,5,8,4
38,50,Male,Mens Clothing,Jacket,183,Autumn,Card,3.9,8,4
39,47,Female,Womens Clothing,Jeans,129,Winter,Card,3.7,14,7
40,66,Male,Sports,Yoga Mat,220,Spring,Card,4,2,1
41,20,Female,Beauty,Perfume,97,Spring,Card,4.1,19,7
42,22,Male,Electronics,Laptop,2393,Winter,Card,5,6,3
43,23,Female,Footwear,Formal Shoes,115,Summer,Card,4.2,19,7
44,66,Male,Electronics,Mobile Phone,2260,Spring,Card,4.6,9,2
45,53,Female,Accessories,Sunglasses,165,Autumn,Card,2.6,14,7
46,24,Female,Womens Clothing,Dress,66,Autumn,Card,3.7,14,7
47,22,Male,Mens Clothing,Shirt,63,Winter,Card,3.6,4,2
48,31,Female,Beauty,Makeup Set,63,Autumn,Card,3.5,18,4
49,36,Female,Footwear,Sneakers,165,Summer,Card,4.6,24,7
50,42,Female,Footwear,Sneakers,222,Winter,Card,3.2,18,4
51,36,Male,Home,Lamp,270,Winter,Card,2.3,12,6
52,25,Female,Womens Clothing,Skirt,91,Autumn,Cash on Delivery,4.6,18,4
53,49,Male,Home,Kitchen Set,45,Summer,Cash on Delivery,3.9,4,2
54,25,Female,Footwear,Formal Shoes,180,Autumn,Card,3.9,22,6
55,52,Female,Accessories,Handbag,118,Winter,Card,3.1,8,4
56,42,Female,Beauty,Makeup Set,31,Summer,Card,2,2,1
57,43,Female,Womens Clothing,Skirt,188,Autumn,Card,4.2,17,6
58,49,Male,Groceries,Snacks,55,Summer,Card,4.4,19,7
59,34,Male,Electronics,Headphones,1460,Spring,Card,4,24,7
60,58,Male,Mens Clothing,Shirt,83,Spring,Cash on Delivery,4.4,9,2
61,24,Male,Mens Clothing,Jeans,121,Summer,Card,4.3,12,6
62,55,Female,Accessories,Handbag,152,Winter,Card,4.7,15,5
63,59,Female,Groceries,Snacks,59,Winter,Cash on Delivery,4,18,4
64,70,Male,Groceries,Cooking Oil,73,Winter,Card,2.9,9,2
65,20,Male,Footwear,Sandals,124,Spring,Card,3.5,6,3
66,30,Female,Womens Clothing,Skirt,155,Summer,Card,3,6,3
67,25,Male,Electronics,Laptop,1951,Autumn,Card,3.8,14,2
68,41,Female,Footwear,Sneakers,103,Spring,Card,4,12,6
69,35,Female,Beauty,Makeup Set,113,Spring,Card,3.8,10,5
70,29,Male,Sports,Football,31,Autumn,Card,3.7,16,3
71,42,Male,Sports,Yoga Mat,101,Spring,Card,3,32,11
72,20,Male,Footwear,Formal Shoes,213,Winter,Card,5,11,3
73,53,Male,Sports,Yoga Mat,197,Winter,Card,4.4,17,6
74,58,Male,Sports,Yoga Mat,246,Autumn,Card,4.5,11,3
75,40,Female,Womens Clothing,Top,124,Summer,Card,3,6,3
76,59,Female,Beauty,Skincare Kit,43,Winter,Card,3.1,13,4
77,70,Male,Mens Clothing,Shirt,96,Autumn,Card,2.7,20,5
78,38,Male,Electronics,Mobile Phone,2888,Winter,Card,3.6,8,4
79,62,Female,Accessories,Sunglasses,151,Autumn,Card,4.1,20,5
80,35,Female,Accessories,Handbag,141,Autumn,Card,5,19,7
81,26,Male,Groceries,Cooking Oil,74,Spring,Card,4.7,11,3
82,58,Male,Mens Clothing,Jacket,36,Autumn,Card,3.4,6,3
83,45,Male,Footwear,Sandals,209,Summer,Card,4.4,18,9
84,58,Female,Womens Clothing,Dress,98,Spring,Card,4.1,26,8
85,49,Female,Womens Clothing,Dress,37,Summer,Cash on Delivery,3.7,16,3
86,65,Female,Beauty,Makeup Set,42,Winter,Card,3.3,19,7
87,22,Female,Beauty,Makeup Set,146,Summer,Card,3.5,24,7
88,44,Male,Electronics,Mobile Phone,1644,Autumn,Card,3.2,11,3
89,61,Male,Electronics,Laptop,2338,Spring,Card,3.8,14,2
90,56,Female,Groceries,Rice Pack,69,Summer,Cash on Delivery,5,19,7
91,35,Female,Accessories,Sunglasses,46,Spring,Cash on Delivery,4.6,18,4
92,51,Male,Footwear,Sandals,40,Winter,Card,3.8,18,4
93,36,Female,Footwear,Sneakers,204,Spring,Card,4.4,19,7
94,20,Female,Accessories,Wallet,159,Winter,Card,4.6,20,5
95,25,Male,Footwear,Sandals,183,Autumn,Card,3.5,20,5
96,21,Male,Mens Clothing,Jacket,76,Summer,Card,4.4,12,6
97,20,Female,Accessories,Wallet,54,Summer,Card,4.1,16,3
98,65,Female,Accessories,Handbag,41,Autumn,Cash on Delivery,4,10,5
99,39,Female,Footwear,Sneakers,74,Spring,Card,3.5,17,6
100,51,Male,Electronics,Smart Watch,2450,Autumn,Card,1.9,4,2
101,65,Female,Home,Curtains,87,Spring,Cash on Delivery,3.6,12,6
102,58,Female,Womens Clothing,Skirt,64,Summer,Card,3.2,13,4
103,50,Female,Footwear,Formal Shoes,171,Autumn,Card,5,21,8
104,42,Female,Groceries,Snacks,21,Autumn,Card,3.6,19,7
105,60,Male,Mens Clothing,Jacket,146,Winter,Card,3.3,2,1
106,50,Female,Footwear,Sneakers,113,Spring,Card,3.9,10,5
107,55,Female,Footwear,Formal Shoes,178,Summer,Card,4.2,17,6
108,61,Female,Womens Clothing,Skirt,100,Summer,Card,3.8,4,2
109,33,Female,Footwear,Formal Shoes,60,Summer,Card,3.3,8,4
110,66,Male,Footwear,Formal Shoes,76,Winter,Card,4,14,7
111,66,Male,Electronics,Laptop,2263,Autumn,Card,3.8,13,4
112,45,Male,Footwear,Formal Shoes,78,Winter,Cash on Delivery,3.2,9,2
113,69,Female,Womens Clothing,Top,85,Autumn,Cash on Delivery,4.6,17,6
114,27,Female,Sports,Football,125,Spring,Card,3.2,20,10
115,23,Male,Footwear,Formal Shoes,123,Summer,Card,3.4,8,4
116,60,Male,Electronics,Mobile Phone,1318,Winter,Card,4.2,26,8
117,31,Female,Beauty,Perfume,71,Spring,Cash on Delivery,4.2,18,4
118,28,Male,Sports,Yoga Mat,133,Autumn,Card,2.9,9,2
119,56,Male,Footwear,Sandals,201,Summer,Card,4,18,4
120,34,Female,Womens Clothing,Skirt,47,Spring,Cash on Delivery,4.1,15,5
121,37,Female,Footwear,Formal Shoes,66,Winter,Cash on Delivery,3.2,15,5
122,63,Female,Accessories,Sunglasses,20,Autumn,Cash on Delivery,3.7,17,6
123,35,Male,Electronics,Smart Watch,1187,Autumn,Card,3.5,15,5
124,53,Male,Electronics,Mobile Phone,559,Autumn,Card,3.4,17,6
125,54,Male,Footwear,Formal Shoes,130,Winter,Card,4.2,13,4
126,65,Female,Groceries,Beverages,19,Spring,Cash on Delivery,3.4,6,3
127,24,Female,Beauty,Makeup Set,97,Autumn,Cash on Delivery,2.4,13,4
128,55,Male,Sports,Dumbbells,70,Spring,Cash on Delivery,3.4,18,4
129,64,Male,Sports,Yoga Mat,248,Winter,Card,3.7,19,7
130,21,Male,Sports,Football,150,Autumn,Card,3.6,21,8
131,66,Male,Home,Lamp,133,Spring,Card,3.5,17,6
132,39,Female,Beauty,Makeup Set,37,Winter,Card,3.4,14,7
133,53,Female,Footwear,Sneakers,89,Summer,Cash on Delivery,1.8,16,3
134,25,Female,Womens Clothing,Top,141,Spring,Card,3.9,11,3
135,30,Female,Sports,Football,122,Autumn,Card,3.5,16,3
136,23,Male,Electronics,Headphones,1052,Autumn,Card,4.1,24,7
137,41,Female,Groceries,Cooking Oil,77,Winter,Card,3.9,18,4
138,40,Female,Beauty,Skincare Kit,124,Spring,Card,3.1,17,6
139,23,Female,Footwear,Formal Shoes,140,Autumn,Card,4.1,18,9
140,59,Male,Footwear,Formal Shoes,121,Summer,Card,3.6,10,5
141,56,Female,Groceries,Snacks,59,Autumn,Card,2.6,2,1
142,34,Male,Sports,Dumbbells,64,Autumn,Card,3,8,4
143,59,Male,Footwear,Formal Shoes,42,Spring,Cash on Delivery,3.2,4,2
144,40,Female,Footwear,Formal Shoes,166,Autumn,Card,3.8,14,7
145,33,Female,Womens Clothing,Top,77,Summer,Card,4.2,6,3
146,68,Female,Womens Clothing,Dress,158,Spring,Card,3.6,23,9
147,48,Male,Footwear,Formal Shoes,85,Summer,Card,4.7,26,8
148,27,Female,Footwear,Sneakers,196,Summer,Card,4,17,6
149,46,Male,Sports,Football,146,Summer,Card,3.6,8,4
150,35,Male,Mens Clothing,T-Shirt,115,Winter,Card,4.1,13,4
151,57,Male,Sports,Football,32,Winter,Cash on Delivery,5,16,3
152,35,Female,Footwear,Formal Shoes,142,Spring,Card,3.6,16,3
153,38,Female,Footwear,Formal Shoes,246,Autumn,Card,3.1,8,4
154,68,Male,Footwear,Sandals,194,Spring,Card,3.8,18,4
155,66,Female,Accessories,Handbag,172,Winter,Card,2.5,17,6
156,38,Female,Womens Clothing,Skirt,94,Summer,Cash on Delivery,4.1,22,6
157,20,Female,Womens Clothing,Dress,57,Summer,Card,3.1,15,5
158,47,Female,Footwear,Formal Shoes,130,Spring,Card,3.1,13,4
159,62,Male,Mens Clothing,Shirt,161,Autumn,Card,4.7,18,4
160,33,Male,Electronics,Mobile Phone,862,Spring,Card,3.5,12,6
161,23,Male,Footwear,Formal Shoes,158,Spring,Card,5,13,4
162,25,Female,Beauty,Skincare Kit,143,Autumn,Card,4.5,17,6
163,29,Male,Sports,Football,70,Summer,Cash on Delivery,3,8,4
164,60,Female,Womens Clothing,Dress,35,Summer,Card,4.2,20,5
165,69,Male,Footwear,Sandals,83,Summer,Cash on Delivery,5,21,8
166,35,Male,Footwear,Formal Shoes,75,Autumn,Card,2.5,16,3
167,49,Female,Accessories,Handbag,149,Summer,Card,4.3,26,8
168,52,Female,Womens Clothing,Top,44,Autumn,Cash on Delivery,3.4,24,7
169,28,Male,Mens Clothing,Jacket,180,Winter,Card,3.2,6,3
170,70,Male,Sports,Football,123,Autumn,Card,3.4,10,5
171,53,Female,Footwear,Sandals,77,Autumn,Cash on Delivery,5,24,7
172,36,Male,Sports,Football,227,Summer,Card,3.4,14,2
173,53,Female,Womens Clothing,Jeans,95,Winter,Cash on Delivery,3.6,13,4
174,38,Female,Womens Clothing,Skirt,167,Winter,Card,4.1,16,3
175,38,Male,Sports,Yoga Mat,52,Winter,Card,2.3,4,2
176,54,Male,Mens Clothing,Shirt,38,Winter,Cash on Delivery,3.5,12,6
177,67,Female,Accessories,Wallet,157,Summer,Card,3.3,8,4
178,36,Female,Beauty,Skincare Kit,110,Spring,Card,3.8,16,3
179,48,Female,Accessories,Wallet,115,Winter,Card,3.5,8,4
180,20,Female,Womens Clothing,Top,73,Winter,Card,2.5,11,3
181,48,Male,Sports,Yoga Mat,162,Summer,Card,3.4,11,3
182,40,Male,Mens Clothing,Jeans,80,Summer,Card,4.4,18,4
183,60,Male,Footwear,Formal Shoes,248,Autumn,Card,4.2,6,3
184,52,Male,Sports,Yoga Mat,187,Winter,Card,4.7,7,1
185,66,Male,Home,Curtains,61,Winter,Card,4,8,4
186,60,Female,Accessories,Handbag,22,Spring,Cash on Delivery,3.8,19,7
187,36,Male,Footwear,Sandals,142,Autumn,Card,3.5,4,2
188,57,Female,Accessories,Wallet,85,Autumn,Card,2.8,18,4
189,63,Male,Footwear,Sandals,162,Autumn,Card,3.5,12,6
190,38,Male,Mens Clothing,T-Shirt,31,Summer,Card,4.4,19,7
191,23,Male,Groceries,Cooking Oil,7,Spring,Cash on Delivery,3.7,18,4
192,56,Female,Home,Lamp,158,Winter,Card,4.8,10,5
193,51,Female,Beauty,Skincare Kit,82,Winter,Card,3.2,13,4
194,65,Male,Sports,Dumbbells,150,Winter,Card,3.5,20,5
195,36,Male,Sports,Yoga Mat,153,Summer,Card,4,6,3
196,46,Male,Mens Clothing,Shirt,108,Spring,Card,3.8,6,3
197,31,Female,Sports,Yoga Mat,246,Winter,Card,4.1,20,5
198,70,Female,Beauty,Makeup Set,79,Winter,Card,2,12,6
199,68,Male,Footwear,Sandals,226,Spring,Card,4.5,13,4
200,29,Female,Beauty,Makeup Set,63,Summer,Card,4.5,17,6
201,20,Female,Beauty,Perfume,39,Spring,Card,4.6,19,7
202,30,Male,Mens Clothing,T-Shirt,128,Summer,Card,3,12,1
203,57,Female,Beauty,Perfume,129,Spring,Card,4.4,15,5
204,46,Female,Beauty,Perfume,49,Spring,Cash on Delivery,3.4,19,7
205,55,Female,Footwear,Formal Shoes,91,Autumn,Card,4.4,24,7
206,68,Male,Groceries,Cooking Oil,64,Winter,Card,4.5,24,7
207,62,Male,Mens Clothing,T-Shirt,127,Autumn,Card,4.9,14,7
208,29,Male,Groceries,Snacks,55,Autumn,Cash on Delivery,2.9,16,8
209,58,Female,Accessories,Sunglasses,38,Autumn,Card,3.5,14,2
210,50,Female,Beauty,Makeup Set,81,Spring,Cash on Delivery,4.9,20,5
211,22,Female,Footwear,Sneakers,183,Winter,Card,2.4,6,3
212,29,Female,Womens Clothing,Jeans,173,Autumn,Card,3.8,13,4
213,43,Male,Sports,Yoga Mat,142,Winter,Card,2.9,24,7
214,25,Male,Groceries,Rice Pack,63,Autumn,Card,2.9,16,3
215,32,Male,Footwear,Sneakers,155,Spring,Card,4.1,18,4
216,47,Male,Footwear,Formal Shoes,162,Autumn,Card,4,19,7
217,26,Female,Beauty,Makeup Set,61,Spring,Card,4.6,21,8
218,69,Female,Groceries,Beverages,52,Winter,Cash on Delivery,3.6,10,5
219,25,Female,Womens Clothing,Top,123,Autumn,Card,4.3,24,7
220,63,Female,Sports,Dumbbells,246,Spring,Card,4,13,4
221,45,Female,Sports,Football,229,Autumn,Card,4.9,16,8
222,43,Female,Womens Clothing,Jeans,32,Summer,Card,3.5,7,1
223,40,Female,Footwear,Formal Shoes,148,Winter,Card,3.7,10,5
224,48,Male,Sports,Football,32,Winter,Cash on Delivery,4.1,6,3
225,39,Male,Sports,Football,79,Winter,Card,4,8,4
226,23,Male,Sports,Dumbbells,121,Autumn,Card,3.2,17,6
227,42,Female,Womens Clothing,Jeans,65,Summer,Card,3.7,11,3
228,43,Male,Electronics,Smart Watch,2234,Summer,Card,4.2,12,6
229,60,Male,Sports,Yoga Mat,106,Summer,Card,3.4,16,3
230,55,Male,Electronics,Headphones,2024,Summer,Card,3.2,18,4
231,55,Male,Mens Clothing,Shirt,122,Summer,Card,4.1,13,4
232,51,Female,Beauty,Perfume,113,Autumn,Card,4.9,22,6
233,58,Male,Footwear,Sandals,66,Winter,Cash on Delivery,2.7,6,3
234,22,Male,Sports,Dumbbells,123,Autumn,Card,3.1,22,6
235,54,Female,Beauty,Makeup Set,130,Spring,Card,5,10,5
236,59,Male,Mens Clothing,Jacket,192,Autumn,Card,3.9,21,8
237,22,Female,Accessories,Sunglasses,22,Winter,Cash on Delivery,3.6,16,3
238,24,Male,Electronics,Mobile Phone,1118,Summer,Card,2.9,13,4
239,58,Female,Footwear,Formal Shoes,194,Spring,Card,3,21,8
240,24,Female,Beauty,Makeup Set,112,Summer,Card,3.7,8,4
241,35,Female,Womens Clothing,Top,195,Autumn,Card,3.6,9,2
242,63,Male,Footwear,Formal Shoes,96,Winter,Card,3.2,9,2
243,51,Female,Accessories,Sunglasses,116,Winter,Card,2.9,19,7
244,47,Male,Sports,Football,147,Spring,Card,5,24,7
245,69,Male,Electronics,Headphones,2518,Autumn,Card,4.3,28,9
246,66,Female,Beauty,Makeup Set,55,Summer,Card,3.6,11,3
247,35,Female,Accessories,Wallet,162,Spring,Card,3.4,22,6
248,36,Male,Footwear,Sneakers,110,Spring,Card,3.9,19,7
249,59,Female,Accessories,Handbag,145,Summer,Card,4.5,22,6
250,20,Male,Mens Clothing,Jeans,99,Autumn,Cash on Delivery,3.8,18,9
251,46,Female,Beauty,Skincare Kit,117,Winter,Card,4.2,12,6
252,68,Male,Mens Clothing,Jacket,171,Winter,Card,3.8,14,7
253,66,Male,Sports,Yoga Mat,112,Autumn,Card,3.4,21,8
254,70,Female,Home,Kitchen Set,96,Autumn,Cash on Delivery,2.9,14,2
255,43,Female,Beauty,Perfume,118,Winter,Card,4.1,12,6
256,67,Male,Electronics,Laptop,1598,Summer,Card,5,30,10
257,48,Male,Mens Clothing,T-Shirt,180,Summer,Card,3.7,17,6
258,38,Female,Accessories,Sunglasses,22,Autumn,Cash on Delivery,4.7,9,2
259,41,Female,Beauty,Perfume,29,Summer,Card,2.3,8,4
260,33,Female,Accessories,Wallet,80,Summer,Cash on Delivery,4.2,14,2
261,21,Female,Beauty,Perfume,125,Summer,Card,4.3,19,7
262,26,Female,Home,Lamp,73,Summer,Card,3.1,14,7
263,35,Female,Beauty,Skincare Kit,48,Spring,Card,3.6,13,4
264,51,Male,Mens Clothing,Shirt,75,Spring,Cash on Delivery,3.2,22,6
265,58,Male,Sports,Dumbbells,246,Winter,Card,3.5,12,6
266,65,Female,Beauty,Makeup Set,135,Autumn,Card,4.3,24,7
267,31,Male,Footwear,Sneakers,220,Spring,Card,3.4,6,3
268,67,Male,Mens Clothing,Jacket,160,Winter,Card,4.5,10,5
269,29,Male,Electronics,Laptop,2392,Winter,Card,3.4,14,7
270,31,Female,Beauty,Makeup Set,113,Autumn,Card,5,13,4
271,42,Male,Groceries,Snacks,57,Spring,Card,5,17,6
272,33,Female,Groceries,Snacks,18,Autumn,Cash on Delivery,3.7,30,10
273,59,Male,Groceries,Beverages,22,Spring,Card,3.9,28,9
274,36,Male,Electronics,Smart Watch,2852,Autumn,Card,3.4,8,4
275,61,Female,Womens Clothing,Skirt,164,Autumn,Card,3.6,11,3
276,22,Male,Sports,Dumbbells,205,Autumn,Card,3.3,16,3
277,68,Female,Footwear,Sneakers,76,Spring,Cash on Delivery,4.3,20,5
278,24,Female,Footwear,Formal Shoes,105,Summer,Card,2.3,5,0
279,36,Male,Footwear,Formal Shoes,213,Autumn,Card,4,18,4
280,28,Female,Accessories,Handbag,98,Autumn,Card,3.3,24,7
281,59,Male,Electronics,Laptop,1775,Winter,Card,3.2,16,8
282,53,Female,Beauty,Makeup Set,146,Summer,Card,3.2,10,5
283,50,Male,Mens Clothing,T-Shirt,144,Winter,Card,4.6,8,4
284,39,Female,Womens Clothing,Jeans,108,Autumn,Card,4.9,13,4
285,27,Male,Footwear,Sneakers,138,Summer,Card,3.6,14,7
286,40,Female,Accessories,Handbag,102,Winter,Card,5,10,5
287,28,Female,Footwear,Sandals,198,Autumn,Card,3.6,20,5
288,61,Female,Sports,Dumbbells,172,Winter,Card,3,16,8
289,54,Male,Electronics,Laptop,2904,Spring,Card,3.7,30,10
290,51,Male,Footwear,Formal Shoes,207,Summer,Card,2.2,8,4
291,31,Female,Womens Clothing,Jeans,64,Autumn,Cash on Delivery,3.7,8,4
292,61,Male,Sports,Yoga Mat,65,Summer,Cash on Delivery,1.8,22,6
293,50,Female,Accessories,Sunglasses,68,Spring,Card,2.5,14,7
294,65,Female,Beauty,Skincare Kit,96,Autumn,Card,4,14,2
295,46,Female,Sports,Yoga Mat,143,Spring,Card,3.2,10,5
296,48,Male,Home,Lamp,219,Winter,Card,3.7,21,8
297,58,Male,Sports,Dumbbells,57,Winter,Card,2.5,2,1
298,20,Male,Mens Clothing,Jeans,170,Spring,Card,3.6,12,6
299,36,Female,Womens Clothing,Skirt,68,Spring,Cash on Delivery,3.8,19,7
300,66,Male,Mens Clothing,Jeans,141,Summer,Card,3.4,22,6
301,66,Female,Accessories,Sunglasses,57,Autumn,Cash on Delivery,3.5,18,4
302,32,Female,Womens Clothing,Dress,42,Autumn,Cash on Delivery,3.5,8,4
303,51,Male,Footwear,Formal Shoes,107,Autumn,Card,2.8,18,4
304,54,Female,Womens Clothing,Top,145,Summer,Card,3.1,14,7
305,25,Female,Accessories,Wallet,102,Autumn,Card,4.2,16,3
306,23,Male,Electronics,Headphones,1365,Spring,Card,4.6,24,7
307,52,Female,Groceries,Rice Pack,19,Spring,Cash on Delivery,2.5,10,5
308,61,Male,Mens Clothing,Jacket,167,Summer,Card,5,9,2
309,30,Male,Mens Clothing,Shirt,82,Summer,Card,2.4,11,3
310,45,Female,Sports,Dumbbells,81,Summer,Card,4.6,11,3
311,46,Male,Footwear,Sandals,119,Summer,Card,2.7,10,5
312,35,Female,Beauty,Skincare Kit,77,Summer,Card,4.3,8,4
313,48,Female,Accessories,Wallet,85,Spring,Card,4.3,4,2
314,48,Female,Footwear,Sandals,102,Spring,Card,3.6,24,7
315,30,Male,Groceries,Beverages,11,Autumn,Cash on Delivery,2.8,23,9
316,43,Male,Sports,Yoga Mat,30,Summer,Cash on Delivery,2.4,16,3
317,69,Female,Groceries,Snacks,79,Winter,Card,3.4,15,5
318,22,Female,Sports,Football,237,Spring,Card,3.4,7,1
319,39,Female,Groceries,Cooking Oil,57,Summer,Card,4.4,8,4
320,60,Female,Womens Clothing,Dress,188,Spring,Card,3.8,4,2
321,67,Female,Womens Clothing,Dress,144,Spring,Card,3.4,24,7
322,56,Female,Home,Curtains,140,Spring,Card,3.9,19,7
323,22,Male,Sports,Dumbbells,233,Summer,Card,4.1,6,3
324,65,Female,Beauty,Skincare Kit,80,Autumn,Card,5,24,7
325,38,Female,Sports,Football,240,Autumn,Card,3.4,8,4
326,42,Female,Sports,Yoga Mat,125,Autumn,Card,2.2,21,8
327,48,Female,Sports,Dumbbells,175,Winter,Card,4.4,18,4
328,32,Female,Footwear,Sandals,170,Summer,Card,4.8,13,4
329,62,Male,Sports,Dumbbells,212,Spring,Card,5,11,3
330,57,Male,Electronics,Headphones,2525,Autumn,Card,3.8,17,6
331,62,Male,Mens Clothing,Shirt,84,Spring,Cash on Delivery,2.9,10,5
332,60,Male,Mens Clothing,T-Shirt,129,Spring,Card,4.6,18,4
333,47,Male,Home,Curtains,284,Autumn,Card,3.3,16,3
334,57,Female,Womens Clothing,Skirt,140,Autumn,Card,5,12,6
335,53,Female,Accessories,Wallet,29,Autumn,Cash on Delivery,3.2,24,7
336,48,Female,Accessories,Sunglasses,79,Spring,Card,4,15,5
337,63,Female,Womens Clothing,Top,77,Winter,Cash on Delivery,2.1,17,6
338,49,Male,Mens Clothing,Shirt,164,Winter,Card,2.9,6,3
339,62,Female,Womens Clothing,Jeans,34,Autumn,Card,2.8,9,2
340,50,Female,Accessories,Wallet,62,Winter,Card,3.5,18,4
341,35,Male,Sports,Dumbbells,166,Summer,Card,3.3,14,2
342,29,Male,Footwear,Sandals,133,Summer,Card,4.4,14,2
343,25,Female,Beauty,Skincare Kit,83,Autumn,Card,4.4,8,4
344,28,Female,Beauty,Skincare Kit,139,Autumn,Card,5,21,8
345,44,Male,Mens Clothing,T-Shirt,146,Spring,Card,3.4,6,3
346,47,Female,Accessories,Handbag,29,Autumn,Cash on Delivery,3,10,5
347,22,Female,Footwear,Sandals,123,Winter,Card,4.1,14,2
348,69,Male,Footwear,Sneakers,99,Summer,Card,3,24,7
349,41,Male,Sports,Yoga Mat,207,Spring,Card,3.9,13,4
350,54,Female,Beauty,Makeup Set,88,Spring,Card,3.6,18,4
351,40,Female,Beauty,Skincare Kit,47,Winter,Card,3,12,6
352,63,Female,Sports,Dumbbells,105,Spring,Card,4.3,18,9
353,47,Male,Mens Clothing,Shirt,84,Autumn,Cash on Delivery,3.1,13,4
354,68,Female,Beauty,Perfume,137,Summer,Card,3.6,7,1
355,53,Male,Electronics,Headphones,2521,Winter,Card,3.1,18,4
356,25,Male,Sports,Football,43,Summer,Card,2.2,6,3
357,34,Female,Beauty,Skincare Kit,124,Spring,Card,5,4,2
358,66,Female,Footwear,Formal Shoes,195,Spring,Card,2.6,6,3
359,30,Male,Mens Clothing,Shirt,66,Summer,Card,3.3,16,3
360,59,Female,Accessories,Handbag,69,Spring,Card,2.7,21,8
361,22,Female,Sports,Yoga Mat,95,Winter,Cash on Delivery,4.1,9,2
362,23,Male,Footwear,Sandals,218,Spring,Card,3.4,18,4
363,59,Male,Sports,Dumbbells,222,Summer,Card,3,16,8
364,70,Female,Accessories,Sunglasses,158,Summer,Card,4.5,24,7
365,28,Male,Footwear,Formal Shoes,93,Winter,Card,3.8,16,3
366,30,Female,Womens Clothing,Skirt,152,Autumn,Card,4,24,7
367,50,Male,Sports,Dumbbells,163,Summer,Card,2.8,11,3
368,66,Male,Sports,Football,56,Spring,Cash on Delivery,4.1,2,1
369,34,Female,Beauty,Makeup Set,42,Winter,Cash on Delivery,3.5,4,2
370,49,Male,Electronics,Laptop,2544,Summer,Card,3.6,10,5
371,53,Female,Accessories,Handbag,90,Spring,Cash on Delivery,4.1,6,3
372,53,Male,Footwear,Formal Shoes,224,Autumn,Card,5,20,5
373,52,Female,Accessories,Wallet,37,Winter,Card,3.3,13,4
374,61,Male,Footwear,Formal Shoes,42,Spring,Cash on Delivery,2.5,20,10
375,28,Male,Mens Clothing,Jacket,51,Summer,Cash on Delivery,2.6,4,2
376,54,Female,Womens Clothing,Skirt,184,Spring,Card,4,18,4
377,36,Female,Beauty,Perfume,122,Winter,Card,3.8,16,3
378,35,Female,Womens Clothing,Jeans,66,Summer,Card,2.9,16,3
379,63,Male,Footwear,Formal Shoes,119,Spring,Card,4.5,8,4
380,51,Male,Mens Clothing,Jacket,123,Winter,Card,3.6,11,3
381,26,Male,Mens Clothing,Shirt,37,Spring,Card,3.6,20,5
382,54,Male,Electronics,Mobile Phone,1626,Spring,Card,5,26,13
383,70,Male,Footwear,Sneakers,150,Spring,Card,4.6,12,6
384,45,Male,Electronics,Laptop,1401,Winter,Card,2.8,6,3
385,43,Male,Sports,Football,80,Winter,Card,3.9,17,6
386,37,Female,Groceries,Rice Pack,30,Summer,Card,4.7,24,7
387,47,Male,Mens Clothing,T-Shirt,113,Winter,Card,4.6,14,7
388,45,Male,Sports,Football,160,Winter,Card,3,6,3
389,44,Female,Home,Lamp,155,Winter,Card,4.5,13,4
390,39,Male,Groceries,Cooking Oil,77,Winter,Cash on Delivery,3.3,19,7
391,42,Male,Electronics,Mobile Phone,846,Autumn,Card,2.9,25,10
392,26,Female,Womens Clothing,Jeans,178,Winter,Card,4.5,13,4
393,42,Male,Footwear,Sandals,81,Summer,Card,4.1,14,2
394,33,Male,Sports,Yoga Mat,144,Summer,Card,3.9,11,3
395,70,Male,Sports,Yoga Mat,62,Summer,Cash on Delivery,3.7,28,9
396,55,Female,Footwear,Sneakers,121,Summer,Card,2.9,20,5
397,28,Male,Mens Clothing,Jeans,177,Spring,Card,3.7,16,3
398,27,Male,Electronics,Laptop,1092,Summer,Card,4.9,11,3
399,29,Female,Womens Clothing,Jeans,197,Summer,Card,3.7,26,8
400,70,Female,Womens Clothing,Top,90,Spring,Cash on Delivery,3.8,16,8
401,38,Female,Accessories,Wallet,141,Spring,Card,3.9,11,3
402,32,Male,Mens Clothing,T-Shirt,125,Winter,Card,4.2,9,2
403,56,Female,Accessories,Handbag,83,Autumn,Cash on Delivery,4.1,18,4
404,32,Male,Home,Kitchen Set,84,Winter,Card,4.5,19,7
405,42,Male,Electronics,Laptop,1607,Autumn,Card,4,21,8
406,28,Female,Footwear,Formal Shoes,170,Spring,Card,3.8,13,4
407,30,Female,Beauty,Skincare Kit,48,Spring,Card,3.7,18,4
408,31,Female,Womens Clothing,Jeans,152,Spring,Card,3.5,24,7
409,60,Female,Beauty,Perfume,78,Autumn,Card,4.7,11,3
410,46,Female,Womens Clothing,Top,56,Summer,Cash on Delivery,3.1,22,6
411,66,Male,Sports,Dumbbells,141,Winter,Card,3.7,26,8
412,69,Male,Sports,Dumbbells,32,Autumn,Cash on Delivery,4,18,4
413,56,Male,Mens Clothing,Shirt,176,Autumn,Card,2.7,16,3
414,23,Male,Electronics,Headphones,2970,Autumn,Card,3.6,12,6
415,68,Male,Mens Clothing,Shirt,43,Summer,Cash on Delivery,5,7,1
416,38,Female,Beauty,Makeup Set,99,Autumn,Card,3.5,23,9
417,39,Female,Footwear,Sneakers,70,Summer,Card,3,10,5
418,64,Female,Groceries,Cooking Oil,28,Summer,Card,2.3,15,5
419,26,Female,Home,Kitchen Set,175,Winter,Card,4.5,12,1
420,58,Female,Accessories,Sunglasses,105,Autumn,Card,4.5,22,6
421,33,Male,Electronics,Headphones,2028,Winter,Card,3.6,8,4
422,54,Female,Beauty,Skincare Kit,44,Spring,Cash on Delivery,4.9,16,3
423,37,Female,Accessories,Wallet,125,Spring,Card,4.6,22,6
424,27,Male,Mens Clothing,Shirt,117,Summer,Card,3.7,20,5
425,67,Female,Accessories,Sunglasses,82,Spring,Cash on Delivery,3.8,13,4
426,34,Female,Beauty,Perfume,109,Winter,Card,4.9,13,4
427,70,Female,Accessories,Wallet,150,Autumn,Card,4.5,10,5
428,21,Female,Groceries,Beverages,21,Autumn,Card,2.7,14,7
429,67,Female,Footwear,Sneakers,203,Summer,Card,3.3,10,5
430,45,Female,Accessories,Sunglasses,67,Autumn,Cash on Delivery,3.6,21,8
431,64,Male,Electronics,Mobile Phone,1948,Summer,Card,4.2,20,5
432,51,Female,Womens Clothing,Jeans,109,Autumn,Card,3.7,15,5
433,41,Female,Groceries,Rice Pack,42,Summer,Cash on Delivery,2.5,10,5
434,61,Male,Mens Clothing,Jacket,58,Summer,Card,3.5,18,4
435,47,Male,Groceries,Snacks,29,Summer,Cash on Delivery,3.8,15,5
436,38,Male,Mens Clothing,Shirt,59,Summer,Card,4.1,12,6
437,50,Female,Accessories,Sunglasses,129,Autumn,Card,4.3,19,7
438,29,Male,Mens Clothing,T-Shirt,163,Autumn,Card,4.7,27,11
439,24,Female,Footwear,Sneakers,43,Summer,Card,3.6,18,9
440,57,Male,Mens Clothing,Jacket,34,Summer,Cash on Delivery,4.3,20,10
441,42,Male,Sports,Yoga Mat,36,Summer,Cash on Delivery,4.4,22,6
442,48,Male,Mens Clothing,T-Shirt,78,Winter,Cash on Delivery,3.3,10,5
443,22,Female,Womens Clothing,Dress,163,Winter,Card,3.7,10,5
444,64,Female,Accessories,Wallet,144,Winter,Card,3.3,4,2
445,43,Male,Sports,Dumbbells,170,Autumn,Card,3.8,20,5
446,26,Male,Electronics,Smart Watch,2141,Spring,Card,4.8,19,7
447,55,Male,Sports,Yoga Mat,140,Autumn,Card,2.8,12,6
448,63,Male,Groceries,Cooking Oil,18,Autumn,Cash on Delivery,3.3,13,4
449,65,Female,Accessories,Wallet,130,Summer,Card,2.5,10,5
450,24,Male,Home,Kitchen Set,77,Winter,Card,2.3,8,4
451,69,Female,Womens Clothing,Jeans,165,Spring,Card,3.7,19,7
452,67,Male,Electronics,Smart Watch,1534,Summer,Card,4,8,4
453,64,Male,Groceries,Cooking Oil,44,Summer,Card,3.8,13,4
454,32,Male,Footwear,Sandals,99,Summer,Cash on Delivery,3.8,12,1
455,21,Female,Womens Clothing,Dress,106,Summer,Card,2.6,15,5
456,45,Male,Electronics,Mobile Phone,2491,Autumn,Card,4.3,17,6
457,41,Male,Mens Clothing,Jacket,155,Autumn,Card,3.2,24,7
458,69,Female,Footwear,Sneakers,71,Winter,Cash on Delivery,5,15,5
459,24,Male,Mens Clothing,Jacket,177,Winter,Card,1.9,20,5
460,57,Female,Womens Clothing,Top,107,Spring,Card,4.1,15,5
461,41,Female,Accessories,Sunglasses,122,Spring,Card,3.5,20,5
462,44,Male,Mens Clothing,Jeans,51,Summer,Card,3.3,6,3
463,37,Male,Sports,Football,242,Autumn,Card,2.8,6,3
464,43,Male,Footwear,Sandals,208,Summer,Card,3.1,6,3
465,35,Female,Sports,Yoga Mat,85,Spring,Card,2.7,12,6
466,42,Male,Electronics,Headphones,2868,Spring,Card,4.6,21,8
467,42,Female,Groceries,Snacks,19,Spring,Card,3.8,14,7
468,58,Male,Electronics,Smart Watch,1855,Spring,Card,3.6,13,4
469,60,Male,Electronics,Headphones,2650,Summer,Card,2.8,13,4
470,22,Female,Accessories,Handbag,93,Spring,Card,4.2,8,4
471,58,Male,Home,Kitchen Set,151,Spring,Card,2.6,7,1
472,34,Female,Groceries,Cooking Oil,29,Summer,Cash on Delivery,4.8,18,4
473,45,Female,Beauty,Makeup Set,96,Winter,Card,2.1,11,3
474,58,Female,Accessories,Wallet,155,Spring,Card,4.3,12,6
475,39,Male,Home,Lamp,59,Summer,Cash on Delivery,3.3,17,6
476,55,Female,Beauty,Makeup Set,80,Spring,Cash on Delivery,2.4,16,3
477,58,Male,Electronics,Mobile Phone,2793,Autumn,Card,3.7,14,7
478,55,Female,Groceries,Snacks,78,Summer,Cash on Delivery,3.8,19,7
479,49,Male,Sports,Dumbbells,213,Spring,Card,3.2,12,6
480,39,Male,Mens Clothing,Jeans,49,Spring,Cash on Delivery,3.9,19,7
481,54,Male,Footwear,Sandals,51,Autumn,Cash on Delivery,3.5,4,2
482,51,Female,Beauty,Makeup Set,79,Summer,Card,5,10,5
483,53,Female,Accessories,Handbag,73,Spring,Card,3.3,15,5
484,43,Male,Home,Curtains,300,Spring,Card,3.4,5,0
485,43,Male,Sports,Football,240,Summer,Card,3.7,2,1
486,48,Female,Womens Clothing,Top,98,Winter,Cash on Delivery,4.2,14,2
487,52,Male,Sports,Dumbbells,152,Spring,Card,3.2,14,2
488,69,Female,Womens Clothing,Jeans,96,Winter,Card,3.8,26,8
489,26,Female,Accessories,Wallet,100,Summer,Card,3.7,11,3
490,34,Female,Womens Clothing,Skirt,96,Spring,Card,3.1,12,6
491,30,Female,Womens Clothing,Top,47,Summer,Card,4.1,8,4
492,25,Female,Beauty,Perfume,86,Autumn,Cash on Delivery,4.5,6,3
493,61,Female,Accessories,Sunglasses,174,Spring,Card,5,24,7
494,27,Female,Footwear,Formal Shoes,150,Spring,Card,3.7,14,7
495,40,Male,Sports,Football,106,Winter,Card,3.4,18,4
496,44,Male,Sports,Dumbbells,120,Autumn,Card,3.6,9,2
497,49,Female,Beauty,Perfume,103,Autumn,Card,4.6,26,8
498,45,Female,Womens Clothing,Dress,83,Spring,Cash on Delivery,3.9,16,8
499,31,Male,Sports,Yoga Mat,72,Spring,Card,4.3,12,6
500,51,Male,Footwear,Sneakers,215,Autumn,Card,4.1,22,6
501,27,Male,Electronics,Laptop,1872,Spring,Card,4.3,15,5
502,50,Female,Accessories,Handbag,40,Autumn,Cash on Delivery,3.9,19,7
503,24,Female,Beauty,Makeup Set,97,Spring,Card,4.6,21,8
504,59,Male,Home,Curtains,43,Autumn,Cash on Delivery,5,12,1
505,26,Female,Accessories,Sunglasses,27,Summer,Cash on Delivery,4.4,22,6
506,57,Female,Womens Clothing,Skirt,187,Summer,Card,4.7,16,3
507,37,Male,Footwear,Sandals,81,Autumn,Cash on Delivery,3,14,7
508,44,Male,Electronics,Laptop,1003,Summer,Card,2.3,14,2
509,23,Female,Beauty,Perfume,65,Summer,Card,2.7,16,3
510,21,Male,Footwear,Formal Shoes,87,Autumn,Card,3.7,6,3
511,38,Male,Electronics,Laptop,1887,Summer,Card,3.8,16,3
512,58,Female,Womens Clothing,Top,167,Spring,Card,4.6,18,4
513,37,Female,Beauty,Skincare Kit,88,Spring,Card,4.1,7,1
514,44,Female,Beauty,Makeup Set,111,Autumn,Card,3.5,13,4
515,55,Male,Home,Lamp,130,Winter,Card,3.1,14,7
516,33,Female,Accessories,Sunglasses,97,Summer,Card,3.1,10,5
517,39,Female,Beauty,Makeup Set,35,Autumn,Card,4.1,17,6
518,44,Male,Sports,Dumbbells,94,Summer,Cash on Delivery,5,17,6
519,26,Male,Footwear,Sneakers,235,Summer,Card,4.9,13,4
520,62,Male,Sports,Dumbbells,137,Autumn,Card,3.6,15,5
521,60,Female,Footwear,Formal Shoes,149,Winter,Card,3.3,6,3
522,42,Male,Footwear,Formal Shoes,123,Summer,Card,4.7,18,4
523,32,Female,Footwear,Formal Shoes,157,Summer,Card,4.7,22,6
524,29,Male,Sports,Dumbbells,89,Autumn,Card,3.1,22,6
525,46,Male,Mens Clothing,Shirt,166,Autumn,Card,4.2,6,3
526,61,Male,Home,Kitchen Set,220,Spring,Card,3.2,17,6
527,27,Male,Mens Clothing,Jeans,111,Autumn,Card,3.6,10,0
528,56,Female,Beauty,Makeup Set,136,Summer,Card,4.4,26,8
529,54,Male,Mens Clothing,Jeans,118,Spring,Card,3.2,13,4
530,56,Male,Mens Clothing,Shirt,125,Autumn,Card,3.6,22,6
531,57,Female,Sports,Yoga Mat,157,Summer,Card,3.9,13,4
532,29,Female,Groceries,Rice Pack,57,Spring,Card,4.5,13,4
533,30,Female,Accessories,Handbag,89,Winter,Cash on Delivery,4.5,12,6
534,20,Female,Womens Clothing,Dress,132,Autumn,Card,4.2,17,6
535,31,Male,Sports,Yoga Mat,45,Spring,Cash on Delivery,4.9,12,6
536,49,Male,Footwear,Formal Shoes,105,Summer,Card,4.2,14,7
537,35,Female,Accessories,Sunglasses,32,Summer,Card,3.2,15,5
538,60,Male,Sports,Yoga Mat,99,Spring,Card,3.4,10,5
539,23,Male,Footwear,Sandals,237,Spring,Card,4.5,17,6
540,59,Female,Womens Clothing,Top,112,Winter,Card,3.9,21,8
541,31,Male,Sports,Football,91,Autumn,Cash on Delivery,5,12,6
542,28,Male,Mens Clothing,Jeans,141,Winter,Card,4,4,2
543,32,Female,Womens Clothing,Top,159,Spring,Card,4.9,16,3
544,32,Female,Footwear,Formal Shoes,91,Winter,Card,4.1,17,6
545,70,Female,Accessories,Sunglasses,159,Autumn,Card,4.5,17,6
546,30,Male,Electronics,Smart Watch,2428,Spring,Card,3.9,4,2
547,28,Female,Beauty,Perfume,25,Winter,Card,3.7,21,8
548,46,Male,Groceries,Rice Pack,63,Winter,Cash on Delivery,4.2,11,3
549,22,Male,Footwear,Formal Shoes,80,Summer,Card,4.6,8,4
550,28,Male,Electronics,Headphones,600,Winter,Card,3.8,10,5
551,63,Male,Mens Clothing,Jeans,106,Summer,Card,3.5,14,7
552,27,Male,Footwear,Sandals,142,Winter,Card,4.1,19,7
553,43,Male,Footwear,Formal Shoes,91,Winter,Cash on Delivery,3.3,14,2
554,20,Female,Footwear,Sneakers,157,Summer,Card,4.1,22,6
555,41,Male,Sports,Football,233,Winter,Card,3.7,15,5
556,29,Female,Accessories,Wallet,54,Summer,Card,2.5,18,4
557,61,Male,Footwear,Sneakers,66,Summer,Cash on Delivery,2.8,8,4
558,69,Female,Womens Clothing,Skirt,160,Winter,Card,3.6,10,0
559,64,Male,Electronics,Laptop,2436,Winter,Card,3.3,18,4
560,40,Male,Footwear,Sneakers,90,Spring,Cash on Delivery,4.3,17,6
561,37,Female,Accessories,Handbag,118,Spring,Card,3.5,12,6
562,64,Female,Womens Clothing,Jeans,98,Summer,Card,3.8,8,4
563,66,Female,Beauty,Makeup Set,99,Autumn,Card,2.7,22,6
564,66,Female,Womens Clothing,Top,186,Spring,Card,3.7,21,8
565,60,Female,Groceries,Rice Pack,13,Spring,Card,3.4,12,1
566,41,Female,Beauty,Makeup Set,34,Autumn,Card,3.3,4,2
567,29,Male,Sports,Football,163,Summer,Card,3.9,19,7
568,45,Male,Electronics,Laptop,2786,Spring,Card,3.4,18,4
569,67,Male,Footwear,Sandals,80,Spring,Card,3.5,12,1
570,24,Female,Womens Clothing,Jeans,34,Spring,Card,2.1,15,5
571,32,Male,Electronics,Headphones,2562,Winter,Card,3.7,14,7
572,69,Female,Beauty,Makeup Set,56,Spring,Card,2.9,15,5
573,61,Male,Footwear,Sandals,41,Summer,Cash on Delivery,5,17,6
574,46,Female,Womens Clothing,Skirt,62,Summer,Cash on Delivery,3.8,22,6
575,44,Male,Home,Curtains,124,Summer,Card,5,9,2
576,46,Male,Footwear,Sneakers,75,Winter,Card,3.7,20,10
577,30,Male,Sports,Yoga Mat,142,Winter,Card,4.9,13,4
578,38,Male,Mens Clothing,Jeans,173,Autumn,Card,2.6,13,4
579,26,Female,Home,Curtains,175,Autumn,Card,4.4,14,2
580,42,Female,Beauty,Perfume,48,Winter,Card,2.7,12,6
581,37,Male,Electronics,Laptop,715,Winter,Card,4,12,6
582,54,Female,Sports,Dumbbells,30,Autumn,Cash on Delivery,4.2,13,4
583,68,Female,Beauty,Makeup Set,120,Winter,Card,2.9,24,7
584,38,Female,Womens Clothing,Dress,185,Winter,Card,4.9,12,6
585,25,Male,Electronics,Smart Watch,1496,Summer,Card,3.8,14,2
586,42,Male,Electronics,Mobile Phone,1552,Autumn,Card,3.8,17,6
587,26,Male,Sports,Football,175,Autumn,Card,3,13,4
588,45,Male,Sports,Football,136,Spring,Card,4.5,23,9
589,22,Female,Footwear,Sneakers,175,Autumn,Card,3.7,14,2
590,40,Male,Home,Lamp,136,Winter,Card,2.9,13,4
591,44,Female,Footwear,Sandals,62,Summer,Card,2.9,19,7
592,31,Male,Sports,Football,210,Autumn,Card,4.6,11,3
593,23,Male,Footwear,Sandals,188,Winter,Card,3.5,4,2
594,27,Female,Accessories,Handbag,32,Winter,Cash on Delivery,5,22,6
595,24,Male,Mens Clothing,Jeans,129,Autumn,Card,4.4,22,6
596,57,Female,Footwear,Sneakers,107,Winter,Card,3.6,16,8
597,37,Female,Sports,Football,161,Spring,Card,3.8,8,4
598,44,Male,Mens Clothing,Jacket,75,Autumn,Cash on Delivery,3,13,4
599,69,Male,Footwear,Sneakers,211,Winter,Card,3.8,13,4
600,24,Male,Mens Clothing,Shirt,35,Winter,Card,3.6,21,8
601,48,Male,Sports,Dumbbells,64,Winter,Cash on Delivery,4.2,15,5
602,50,Male,Footwear,Sandals,67,Summer,Card,5,15,5
603,33,Female,Sports,Dumbbells,26,Spring,Cash on Delivery,2.7,4,2
604,67,Male,Footwear,Formal Shoes,234,Autumn,Card,3.3,13,4
605,48,Female,Sports,Dumbbells,184,Spring,Card,4.3,19,7
606,43,Female,Footwear,Formal Shoes,209,Winter,Card,3,13,4
607,55,Male,Sports,Football,225,Winter,Card,4.8,12,6
608,26,Male,Mens Clothing,Jacket,173,Summer,Card,3.3,17,6
609,56,Male,Electronics,Laptop,2832,Autumn,Card,4.7,15,5
610,52,Female,Accessories,Handbag,20,Spring,Card,5,8,4
611,32,Male,Groceries,Snacks,59,Winter,Cash on Delivery,4.8,4,2
612,44,Female,Accessories,Wallet,170,Autumn,Card,2.9,18,9
613,44,Female,Womens Clothing,Skirt,65,Summer,Cash on Delivery,3.4,19,7
614,32,Female,Womens Clothing,Jeans,36,Summer,Cash on Delivery,4.1,17,6
615,32,Female,Sports,Dumbbells,37,Winter,Card,3.2,2,1
616,26,Female,Accessories,Sunglasses,170,Spring,Card,3.1,17,6
617,30,Female,Footwear,Sandals,62,Spring,Card,3.5,10,5
618,54,Female,Womens Clothing,Dress,98,Autumn,Cash on Delivery,3.6,12,6
619,44,Male,Footwear,Sandals,181,Autumn,Card,3.4,26,8
620,70,Male,Electronics,Mobile Phone,2659,Summer,Card,4.3,22,6
621,32,Male,Footwear,Sandals,158,Autumn,Card,4.1,26,8
622,57,Male,Sports,Yoga Mat,223,Winter,Card,3.5,24,7
623,49,Male,Mens Clothing,Shirt,197,Winter,Card,4.4,17,6
624,48,Male,Sports,Yoga Mat,98,Summer,Cash on Delivery,3.4,19,7
625,35,Male,Electronics,Mobile Phone,761,Summer,Card,5,24,7
626,63,Female,Footwear,Formal Shoes,209,Winter,Card,3.2,13,4
627,60,Female,Womens Clothing,Dress,32,Spring,Card,3.5,12,6
628,29,Male,Electronics,Laptop,1171,Summer,Card,3.5,16,3
629,54,Male,Footwear,Formal Shoes,67,Autumn,Cash on Delivery,4.3,12,6
630,23,Female,Beauty,Skincare Kit,40,Spring,Cash on Delivery,3.3,2,1
631,42,Female,Groceries,Cooking Oil,10,Autumn,Cash on Delivery,4.1,14,7
632,70,Male,Mens Clothing,Jeans,69,Autumn,Card,3.9,8,4
633,29,Male,Footwear,Sneakers,92,Winter,Card,2.9,25,10
634,38,Female,Footwear,Formal Shoes,248,Winter,Card,3.3,11,3
635,45,Male,Footwear,Formal Shoes,203,Autumn,Card,3.1,10,5
636,61,Male,Footwear,Formal Shoes,119,Summer,Card,4.9,14,2
637,66,Male,Mens Clothing,Shirt,63,Winter,Card,3.6,15,5
638,66,Female,Accessories,Sunglasses,130,Winter,Card,3.1,17,6
639,27,Male,Electronics,Smart Watch,737,Autumn,Card,3.3,12,1
640,52,Female,Beauty,Skincare Kit,88,Autumn,Card,2.9,10,5
641,43,Female,Home,Kitchen Set,140,Summer,Card,3.9,15,5
642,35,Male,Sports,Football,108,Summer,Card,3.9,12,6
643,34,Male,Groceries,Cooking Oil,78,Spring,Cash on Delivery,2.2,4,2
644,51,Female,Womens Clothing,Dress,47,Autumn,Cash on Delivery,3.9,7,1
645,43,Female,Womens Clothing,Skirt,144,Autumn,Card,3.6,12,6
646,50,Male,Sports,Dumbbells,209,Summer,Card,3.4,4,2
647,33,Male,Home,Lamp,171,Summer,Card,4.2,8,4
648,30,Male,Mens Clothing,Jeans,43,Autumn,Cash on Delivery,4.1,8,4
649,54,Male,Mens Clothing,Jeans,171,Summer,Card,3.4,13,4
650,70,Male,Footwear,Formal Shoes,174,Summer,Card,3.2,20,5
651,58,Male,Sports,Football,124,Spring,Card,3.1,16,3
652,69,Male,Sports,Dumbbells,100,Winter,Card,3.6,13,4
653,52,Male,Home,Kitchen Set,56,Spring,Cash on Delivery,5,29,12
654,60,Female,Accessories,Wallet,30,Autumn,Card,4.6,22,6
655,70,Female,Footwear,Sandals,54,Autumn,Card,2.8,30,10
656,67,Male,Mens Clothing,Jeans,175,Summer,Card,4.5,15,5
657,20,Female,Accessories,Sunglasses,92,Autumn,Card,3.3,12,1
658,33,Female,Accessories,Wallet,41,Summer,Cash on Delivery,4.2,18,4
659,27,Male,Sports,Yoga Mat,68,Spring,Card,4.1,10,5
660,33,Female,Beauty,Makeup Set,108,Spring,Card,2.6,8,4
661,54,Female,Footwear,Sneakers,242,Spring,Card,4.1,19,7
662,45,Female,Beauty,Perfume,144,Autumn,Card,3.8,0,0
663,28,Female,Beauty,Perfume,120,Winter,Card,3.6,6,3
664,46,Male,Sports,Football,56,Winter,Cash on Delivery,2.9,11,3
665,25,Male,Home,Lamp,279,Summer,Card,4.5,8,4
666,31,Female,Beauty,Makeup Set,34,Summer,Card,3.8,22,6
667,60,Male,Footwear,Sneakers,100,Winter,Card,3.5,28,9
668,64,Male,Electronics,Headphones,1514,Winter,Card,3.7,20,5
669,62,Male,Mens Clothing,T-Shirt,183,Autumn,Card,3.1,13,4
670,24,Male,Home,Curtains,237,Winter,Card,3.2,28,9
671,64,Male,Electronics,Laptop,1417,Spring,Card,4,2,1
672,27,Female,Womens Clothing,Skirt,44,Summer,Cash on Delivery,4.1,13,4
673,33,Female,Womens Clothing,Skirt,117,Summer,Card,4.6,21,8
674,61,Female,Womens Clothing,Jeans,196,Winter,Card,3,16,8
675,68,Female,Footwear,Sandals,164,Spring,Card,4.3,22,6
676,54,Male,Footwear,Sneakers,145,Spring,Card,3.9,24,7
677,22,Male,Sports,Yoga Mat,159,Spring,Card,3.9,21,8
678,52,Female,Groceries,Beverages,6,Summer,Card,3.6,7,1
679,63,Female,Accessories,Handbag,168,Winter,Card,3.1,20,5
680,53,Female,Womens Clothing,Jeans,103,Spring,Card,4.3,16,8
681,31,Female,Beauty,Skincare Kit,48,Summer,Card,3.6,8,4
682,27,Male,Sports,Dumbbells,119,Winter,Card,4,16,3
683,22,Male,Home,Lamp,83,Summer,Cash on Delivery,4.6,22,6
684,41,Male,Electronics,Laptop,1496,Spring,Card,3.9,16,3
685,35,Female,Home,Curtains,122,Summer,Card,3.6,10,5
686,51,Female,Beauty,Makeup Set,102,Spring,Card,3.7,14,2
687,20,Female,Accessories,Wallet,97,Spring,Cash on Delivery,3.2,12,6
688,63,Male,Sports,Football,196,Spring,Card,4,18,4
689,57,Female,Footwear,Sneakers,152,Spring,Card,5,13,4
690,68,Male,Mens Clothing,T-Shirt,71,Winter,Cash on Delivery,3.8,10,5
691,68,Female,Beauty,Skincare Kit,140,Spring,Card,4.1,20,5
692,65,Male,Footwear,Sandals,135,Summer,Card,4,15,5
693,30,Male,Footwear,Sandals,76,Autumn,Cash on Delivery,3.1,17,6
694,23,Female,Accessories,Sunglasses,116,Winter,Card,4.5,13,4
695,23,Female,Footwear,Sandals,223,Spring,Card,4.1,16,3
696,59,Female,Beauty,Skincare Kit,128,Winter,Card,3.8,6,3
697,35,Male,Groceries,Cooking Oil,50,Spring,Cash on Delivery,3.6,13,4
698,59,Female,Footwear,Sneakers,106,Winter,Card,3.8,23,9
699,42,Female,Womens Clothing,Dress,179,Summer,Card,3.4,9,2
700,28,Male,Groceries,Rice Pack,55,Winter,Card,4.1,8,4
701,49,Male,Electronics,Smart Watch,1322,Spring,Card,4.4,24,7
702,36,Male,Footwear,Sneakers,157,Summer,Card,3.7,17,6
703,31,Male,Footwear,Formal Shoes,157,Winter,Card,3,6,3
704,38,Male,Mens Clothing,Jacket,161,Spring,Card,2.9,20,5
705,46,Male,Sports,Yoga Mat,108,Winter,Card,3.9,7,1
706,39,Female,Footwear,Formal Shoes,218,Summer,Card,2.6,10,5
707,45,Male,Sports,Yoga Mat,141,Autumn,Card,3.2,16,3
708,57,Male,Footwear,Sandals,234,Summer,Card,2.8,14,7
709,53,Male,Electronics,Headphones,1793,Winter,Card,3.6,19,7
710,24,Male,Electronics,Smart Watch,1065,Winter,Card,5,18,4
711,44,Female,Accessories,Sunglasses,103,Autumn,Card,3.6,13,4
712,69,Male,Footwear,Sandals,49,Summer,Card,1.9,17,6
713,64,Female,Beauty,Perfume,74,Spring,Card,4.9,21,8
714,59,Female,Womens Clothing,Dress,35,Summer,Cash on Delivery,3.7,13,4
715,68,Female,Womens Clothing,Jeans,114,Summer,Card,2.9,10,5
716,48,Female,Accessories,Handbag,41,Winter,Card,3.2,9,2
717,56,Female,Home,Kitchen Set,245,Spring,Card,3.2,2,1
718,36,Female,Womens Clothing,Jeans,154,Winter,Card,3.2,0,0
719,44,Female,Footwear,Sandals,236,Summer,Card,5,23,9
720,54,Female,Womens Clothing,Dress,165,Autumn,Card,3.7,10,0
721,30,Female,Accessories,Sunglasses,60,Winter,Card,3.8,24,7
722,61,Male,Sports,Dumbbells,190,Winter,Card,4.4,14,2
723,63,Female,Home,Kitchen Set,169,Autumn,Card,3.2,6,3
724,42,Male,Electronics,Headphones,2518,Summer,Card,3.2,17,6
725,35,Male,Sports,Football,240,Winter,Card,3.7,10,5
726,66,Female,Groceries,Beverages,76,Spring,Card,3.9,14,7
727,37,Male,Footwear,Formal Shoes,229,Spring,Card,4.2,14,7
728,31,Female,Sports,Football,104,Winter,Card,3.4,20,5
729,46,Female,Womens Clothing,Jeans,135,Summer,Card,4.6,20,5
730,46,Male,Groceries,Rice Pack,59,Autumn,Card,4.5,24,7
731,51,Male,Mens Clothing,T-Shirt,99,Summer,Card,4.1,17,6
732,38,Male,Sports,Dumbbells,206,Spring,Card,4.5,22,6
733,31,Male,Footwear,Formal Shoes,52,Summer,Cash on Delivery,2.2,2,1
734,26,Female,Beauty,Makeup Set,64,Winter,Card,4.5,11,3
735,46,Female,Footwear,Sandals,45,Winter,Cash on Delivery,3.6,13,4
736,42,Female,Home,Lamp,44,Summer,Card,3.4,15,5
737,24,Female,Accessories,Handbag,177,Winter,Card,3.3,8,4
738,30,Female,Beauty,Makeup Set,114,Spring,Card,4,7,1
739,53,Male,Footwear,Formal Shoes,140,Autumn,Card,3.5,13,4
740,29,Male,Footwear,Sneakers,248,Winter,Card,3.4,8,4
741,49,Male,Electronics,Laptop,2588,Summer,Card,4.9,11,3
742,70,Male,Electronics,Mobile Phone,781,Autumn,Card,4.7,20,5
743,35,Male,Footwear,Sandals,113,Spring,Card,3.8,12,6
744,57,Male,Home,Lamp,108,Winter,Card,4.1,16,3
745,36,Male,Home,Lamp,224,Autumn,Card,4.5,12,6
746,52,Male,Mens Clothing,Jacket,132,Summer,Card,3.5,12,1
747,47,Female,Sports,Football,58,Spring,Cash on Delivery,2.9,16,3
748,24,Male,Sports,Yoga Mat,139,Spring,Card,3.1,19,7
749,55,Female,Accessories,Wallet,159,Spring,Card,3.4,18,4
750,22,Male,Groceries,Cooking Oil,37,Spring,Cash on Delivery,3.2,15,5
751,36,Female,Womens Clothing,Top,115,Summer,Card,3.4,16,3
752,60,Male,Sports,Dumbbells,80,Spring,Cash on Delivery,4.4,19,7
753,43,Male,Mens Clothing,Jacket,110,Summer,Card,3.3,20,10
754,57,Male,Sports,Yoga Mat,203,Winter,Card,3.3,11,3
755,54,Male,Electronics,Laptop,1830,Winter,Card,4.9,30,10
756,33,Female,Sports,Football,184,Summer,Card,2.6,15,5
757,63,Female,Footwear,Formal Shoes,108,Spring,Card,2.6,16,3
758,66,Male,Groceries,Snacks,38,Winter,Card,3.5,14,7
759,30,Male,Mens Clothing,T-Shirt,30,Summer,Card,3.6,15,5
760,55,Male,Sports,Yoga Mat,55,Spring,Cash on Delivery,1.1,8,4
761,35,Female,Accessories,Sunglasses,155,Spring,Card,3.2,26,8
762,33,Male,Electronics,Headphones,2604,Autumn,Card,4.4,12,6
763,28,Male,Footwear,Sandals,192,Winter,Card,3.2,8,4
764,38,Male,Sports,Yoga Mat,249,Autumn,Card,4.8,26,8
765,51,Male,Groceries,Beverages,44,Winter,Cash on Delivery,4.1,7,1
766,24,Male,Groceries,Cooking Oil,63,Spring,Cash on Delivery,4,10,5
767,62,Male,Home,Curtains,98,Spring,Cash on Delivery,5,28,9
768,63,Male,Sports,Yoga Mat,117,Autumn,Card,3.6,8,4
769,60,Female,Sports,Dumbbells,248,Autumn,Card,3.9,20,5
770,26,Female,Womens Clothing,Dress,43,Spring,Card,4.4,14,7
771,56,Female,Groceries,Beverages,63,Autumn,Card,3.7,18,4
772,21,Female,Womens Clothing,Top,92,Winter,Cash on Delivery,3.5,20,5
773,31,Female,Accessories,Wallet,137,Winter,Card,2.9,8,4
774,51,Female,Beauty,Makeup Set,102,Autumn,Card,3.4,9,2
775,38,Female,Womens Clothing,Top,51,Autumn,Card,3.9,7,1
776,52,Male,Footwear,Sandals,162,Spring,Card,2.6,22,11
777,36,Female,Groceries,Beverages,12,Spring,Cash on Delivery,3.6,19,7
778,42,Male,Footwear,Sneakers,205,Winter,Card,2.9,4,2
779,69,Male,Home,Lamp,121,Summer,Card,4.5,28,9
780,67,Male,Mens Clothing,Jacket,36,Autumn,Cash on Delivery,3.5,10,5
781,69,Male,Sports,Dumbbells,109,Winter,Card,3.3,10,5
782,30,Female,Footwear,Formal Shoes,110,Winter,Card,3.6,9,2
783,40,Female,Womens Clothing,Skirt,35,Summer,Cash on Delivery,3,14,2
784,41,Female,Groceries,Snacks,71,Autumn,Card,4.4,12,6
785,20,Male,Footwear,Sandals,170,Winter,Card,4.4,12,1
786,39,Female,Home,Lamp,81,Spring,Cash on Delivery,3.8,16,8
787,54,Male,Electronics,Laptop,980,Summer,Card,3.6,14,2
788,66,Male,Sports,Football,103,Spring,Card,2.6,6,3
789,39,Male,Sports,Football,245,Winter,Card,4,20,5
790,39,Female,Accessories,Handbag,128,Spring,Card,3.7,8,4
791,21,Male,Sports,Yoga Mat,231,Spring,Card,4.7,18,4
792,60,Female,Womens Clothing,Jeans,48,Winter,Cash on Delivery,3.9,22,6
793,27,Male,Electronics,Laptop,678,Summer,Card,3.3,16,8
794,36,Male,Sports,Football,164,Winter,Card,2.9,15,5
795,21,Female,Groceries,Rice Pack,23,Spring,Card,4.4,11,3
796,63,Male,Sports,Dumbbells,136,Autumn,Card,4.6,15,5
797,67,Male,Electronics,Laptop,2407,Winter,Card,3.2,16,3
798,27,Male,Footwear,Sneakers,172,Winter,Card,3.4,14,7
799,69,Male,Footwear,Sneakers,243,Spring,Card,5,2,1
800,64,Male,Sports,Football,99,Autumn,Card,3.6,16,8
801,62,Female,Beauty,Perfume,37,Winter,Card,4.7,23,9
802,55,Male,Electronics,Laptop,2856,Autumn,Card,3.7,11,3
803,49,Female,Accessories,Handbag,135,Spring,Card,2.9,6,3
804,34,Male,Sports,Football,50,Spring,Cash on Delivery,2.3,9,2
805,42,Male,Footwear,Sneakers,161,Spring,Card,4.5,20,5
806,70,Female,Groceries,Cooking Oil,36,Winter,Card,3.1,12,6
807,42,Male,Electronics,Mobile Phone,2889,Spring,Card,4.1,12,1
808,49,Female,Footwear,Formal Shoes,186,Spring,Card,2.5,13,4
809,57,Female,Womens Clothing,Dress,150,Spring,Card,3.3,16,8
810,45,Female,Sports,Yoga Mat,160,Winter,Card,3.6,11,3
811,47,Female,Footwear,Sneakers,117,Spring,Card,4.1,16,8
812,60,Male,Footwear,Formal Shoes,70,Winter,Card,4.6,24,7
813,43,Female,Footwear,Sneakers,244,Winter,Card,4.1,22,6
814,64,Male,Sports,Football,182,Summer,Card,4.5,11,3
815,55,Female,Beauty,Makeup Set,129,Spring,Card,3.2,8,4
816,62,Female,Footwear,Formal Shoes,200,Spring,Card,5,26,13
817,48,Female,Groceries,Snacks,43,Summer,Cash on Delivery,3.9,22,6
818,65,Female,Womens Clothing,Skirt,109,Summer,Card,3.4,16,8
819,27,Female,Beauty,Makeup Set,38,Summer,Cash on Delivery,5,13,4
820,68,Female,Groceries,Rice Pack,29,Summer,Card,4.4,17,6
821,64,Male,Electronics,Laptop,1306,Summer,Card,4.8,12,6
822,31,Male,Electronics,Mobile Phone,2371,Spring,Card,3.6,20,5
823,56,Female,Sports,Football,198,Summer,Card,5,22,6
824,55,Female,Womens Clothing,Top,33,Summer,Cash on Delivery,4.9,14,2
825,57,Female,Groceries,Beverages,69,Spring,Card,4.2,32,11
826,36,Female,Womens Clothing,Jeans,43,Summer,Card,3.8,17,6
827,41,Female,Home,Curtains,158,Summer,Card,4.4,10,5
828,38,Male,Electronics,Headphones,2503,Autumn,Card,2.9,15,5
829,43,Female,Sports,Yoga Mat,93,Winter,Card,4.3,10,5
830,46,Male,Footwear,Sandals,160,Autumn,Card,4,8,4
831,38,Male,Electronics,Headphones,2842,Autumn,Card,4,23,9
832,32,Male,Home,Curtains,220,Summer,Card,5,16,3
833,59,Male,Footwear,Sandals,240,Winter,Card,2.7,9,2
834,37,Female,Womens Clothing,Jeans,42,Winter,Card,3.5,21,8
835,36,Male,Home,Lamp,255,Summer,Card,3,8,4
836,34,Female,Womens Clothing,Dress,46,Summer,Cash on Delivery,3.5,21,8
837,62,Female,Accessories,Handbag,144,Winter,Card,3.7,6,3
838,59,Male,Sports,Football,141,Spring,Card,2.7,12,6
839,38,Male,Home,Lamp,140,Summer,Card,4.9,14,7
840,31,Male,Mens Clothing,Jacket,81,Autumn,Card,3.9,21,8
841,40,Female,Accessories,Handbag,74,Spring,Card,4.4,11,3
842,51,Female,Accessories,Sunglasses,125,Spring,Card,4.7,14,2
843,24,Male,Footwear,Sandals,215,Winter,Card,4.2,19,7
844,23,Male,Electronics,Mobile Phone,1811,Autumn,Card,4.5,11,3
845,33,Male,Mens Clothing,Jeans,141,Summer,Card,4.7,20,5
846,33,Male,Electronics,Mobile Phone,2065,Autumn,Card,4.7,17,6
847,36,Female,Groceries,Cooking Oil,11,Autumn,Card,3.1,13,4
848,54,Female,Beauty,Perfume,77,Spring,Cash on Delivery,4.3,12,6
849,64,Female,Accessories,Wallet,97,Autumn,Cash on Delivery,4.3,17,6
850,24,Male,Sports,Football,214,Autumn,Card,4.4,7,1
851,27,Male,Mens Clothing,Jacket,43,Summer,Cash on Delivery,2,13,4
852,42,Female,Accessories,Sunglasses,61,Spring,Card,3.2,4,2
853,40,Female,Home,Lamp,198,Autumn,Card,3,20,5
854,44,Female,Sports,Dumbbells,218,Spring,Card,3.3,19,7
855,51,Female,Home,Curtains,208,Spring,Card,3.6,17,6
856,55,Female,Beauty,Skincare Kit,72,Autumn,Card,4.2,12,6
857,60,Male,Footwear,Sandals,187,Spring,Card,4,18,4
858,62,Male,Footwear,Formal Shoes,115,Autumn,Card,2.9,22,11
859,22,Male,Groceries,Snacks,40,Spring,Cash on Delivery,3.7,14,2
860,32,Female,Womens Clothing,Jeans,120,Spring,Card,3.5,8,4
861,58,Male,Electronics,Laptop,2432,Summer,Card,4.6,15,5
862,59,Male,Electronics,Headphones,1129,Winter,Card,2.5,11,3
863,40,Male,Footwear,Sneakers,96,Winter,Cash on Delivery,2.6,11,3
864,46,Male,Electronics,Headphones,1454,Summer,Card,3.5,23,9
865,22,Male,Sports,Yoga Mat,211,Spring,Card,3.8,24,7
866,52,Female,Womens Clothing,Dress,35,Autumn,Card,4.1,26,8
867,70,Male,Electronics,Mobile Phone,2109,Winter,Card,4.4,23,9
868,51,Male,Sports,Dumbbells,219,Summer,Card,3.2,11,3
869,67,Female,Accessories,Sunglasses,49,Autumn,Card,3.1,24,7
870,31,Female,Womens Clothing,Jeans,93,Autumn,Card,5,16,3
871,58,Female,Footwear,Sandals,59,Autumn,Card,2.9,10,5
872,30,Male,Footwear,Formal Shoes,88,Autumn,Card,4.2,19,7
873,39,Female,Beauty,Perfume,58,Winter,Card,2.5,7,1
874,69,Female,Womens Clothing,Jeans,100,Winter,Card,2.6,24,7
875,22,Male,Footwear,Sandals,154,Summer,Card,3.4,4,2
876,32,Male,Electronics,Laptop,1370,Spring,Card,3,20,5
877,40,Male,Footwear,Sneakers,124,Summer,Card,4.1,11,3
878,32,Female,Footwear,Formal Shoes,152,Summer,Card,4.2,22,6
879,69,Female,Home,Curtains,201,Spring,Card,3.9,11,3
880,59,Male,Footwear,Sneakers,42,Spring,Cash on Delivery,3.6,13,4
881,70,Female,Beauty,Makeup Set,143,Winter,Card,3.2,20,5
882,46,Male,Electronics,Mobile Phone,533,Summer,Card,5,16,3
883,36,Female,Home,Kitchen Set,101,Autumn,Card,2.8,22,6
884,31,Female,Accessories,Sunglasses,172,Summer,Card,2.8,20,5
885,46,Female,Sports,Dumbbells,201,Summer,Card,4.2,16,3
886,66,Female,Footwear,Sneakers,113,Spring,Card,3.4,23,9
887,36,Female,Accessories,Wallet,65,Summer,Cash on Delivery,4.6,15,5
888,42,Male,Footwear,Sneakers,155,Winter,Card,5,17,6
889,26,Male,Mens Clothing,Jeans,101,Spring,Card,3.6,14,2
890,31,Male,Electronics,Mobile Phone,1142,Winter,Card,4.2,10,5
891,39,Male,Mens Clothing,Shirt,169,Summer,Card,4.6,24,7
892,64,Male,Footwear,Sandals,221,Autumn,Card,5,4,2
893,59,Female,Home,Curtains,181,Autumn,Card,3.1,18,4
894,30,Female,Footwear,Sneakers,213,Spring,Card,4.4,22,6
895,30,Female,Sports,Yoga Mat,102,Spring,Card,3.1,16,8
896,40,Male,Sports,Dumbbells,102,Spring,Card,3.8,17,6
897,57,Male,Sports,Yoga Mat,166,Spring,Card,4,20,5
898,59,Male,Footwear,Sneakers,82,Spring,Cash on Delivery,3.3,16,3
899,23,Female,Footwear,Sandals,215,Winter,Card,5,20,5
900,64,Female,Accessories,Handbag,110,Spring,Card,4.2,17,6
901,23,Male,Footwear,Sneakers,144,Summer,Card,2.6,18,4
902,47,Female,Accessories,Sunglasses,134,Winter,Card,4.1,8,4
903,64,Female,Beauty,Skincare Kit,133,Winter,Card,4.6,10,5
904,70,Female,Home,Lamp,256,Summer,Card,3.6,24,7
905,59,Male,Sports,Dumbbells,160,Spring,Card,4.3,22,6
906,31,Male,Electronics,Mobile Phone,1502,Autumn,Card,3.2,12,6
907,69,Male,Footwear,Formal Shoes,145,Autumn,Card,2.8,18,4
908,50,Male,Mens Clothing,Shirt,67,Winter,Card,3.1,13,4
909,60,Male,Electronics,Smart Watch,592,Spring,Card,3.6,13,4
910,39,Male,Electronics,Mobile Phone,647,Winter,Card,4.1,24,7
911,50,Male,Footwear,Sandals,59,Spring,Cash on Delivery,3.1,16,3
912,42,Male,Sports,Dumbbells,51,Winter,Card,2.7,13,4
913,56,Female,Home,Lamp,235,Summer,Card,2.6,2,1
914,46,Female,Accessories,Wallet,99,Winter,Cash on Delivery,3.7,22,11
915,40,Female,Accessories,Sunglasses,38,Autumn,Card,4.1,18,9
916,54,Male,Footwear,Sandals,241,Spring,Card,4.5,18,4
917,24,Female,Womens Clothing,Top,145,Summer,Card,4.7,20,10
918,22,Male,Footwear,Sandals,140,Spring,Card,4.4,16,3
919,43,Male,Footwear,Sneakers,192,Autumn,Card,3.3,7,1
920,21,Male,Electronics,Headphones,2392,Spring,Card,3.7,24,7
921,58,Female,Home,Curtains,246,Winter,Card,3.9,12,6
922,57,Male,Sports,Dumbbells,39,Summer,Cash on Delivery,3.4,23,9
923,25,Female,Beauty,Skincare Kit,22,Autumn,Cash on Delivery,4.5,18,4
924,35,Male,Mens Clothing,T-Shirt,36,Autumn,Card,4.5,13,4
925,23,Male,Mens Clothing,Jacket,174,Summer,Card,2.9,14,7
926,23,Female,Accessories,Wallet,131,Spring,Card,3.2,19,7
927,31,Male,Sports,Football,232,Winter,Card,4.4,21,8
928,33,Female,Accessories,Wallet,130,Autumn,Card,3.3,6,3
929,45,Female,Womens Clothing,Top,186,Autumn,Card,2.8,8,4
930,59,Male,Groceries,Snacks,9,Autumn,Cash on Delivery,3.5,32,11
931,43,Male,Electronics,Laptop,2198,Summer,Card,4.1,10,5
932,27,Male,Sports,Yoga Mat,113,Summer,Card,4.4,10,5
933,53,Male,Footwear,Formal Shoes,223,Autumn,Card,3.4,8,4
934,60,Male,Sports,Football,203,Autumn,Card,3.9,10,5
935,42,Male,Mens Clothing,Jeans,86,Winter,Card,2.6,22,6
936,43,Male,Electronics,Headphones,622,Autumn,Card,3.5,20,5
937,62,Male,Home,Kitchen Set,137,Autumn,Card,2,12,6
938,52,Female,Home,Curtains,287,Spring,Card,4.2,28,9
939,70,Male,Footwear,Sandals,224,Summer,Card,5,9,2
940,69,Female,Groceries,Beverages,52,Spring,Card,4.7,20,5
941,38,Male,Home,Lamp,231,Spring,Card,4.2,16,8
942,64,Female,Accessories,Wallet,146,Summer,Card,4,14,7
943,43,Female,Womens Clothing,Jeans,84,Spring,Cash on Delivery,4,8,4
944,40,Male,Electronics,Laptop,571,Winter,Card,3.7,7,1
945,59,Male,Footwear,Sandals,209,Winter,Card,2.9,22,6
946,55,Male,Mens Clothing,Shirt,106,Spring,Card,4,14,2
947,67,Male,Electronics,Smart Watch,595,Winter,Card,4.7,15,5
948,48,Male,Sports,Football,123,Spring,Card,3.6,14,7
949,62,Female,Beauty,Skincare Kit,106,Winter,Card,3.6,29,12
950,57,Female,Home,Curtains,57,Winter,Cash on Delivery,3.9,10,5
951,44,Male,Home,Lamp,158,Winter,Card,3.3,17,6
952,25,Male,Groceries,Snacks,78,Summer,Card,4.3,27,11
953,48,Female,Home,Curtains,244,Autumn,Card,4.8,15,5
954,28,Male,Sports,Dumbbells,74,Spring,Card,3.3,14,7
955,51,Female,Footwear,Formal Shoes,187,Spring,Card,4.4,20,5
956,46,Female,Footwear,Sneakers,191,Spring,Card,3.9,12,6
957,24,Male,Electronics,Smart Watch,2923,Winter,Card,3.5,15,5
958,66,Female,Groceries,Snacks,57,Summer,Cash on Delivery,4,18,9
959,47,Male,Groceries,Cooking Oil,54,Summer,Cash on Delivery,3.7,15,5
960,60,Female,Accessories,Handbag,117,Summer,Card,2.9,10,5
961,40,Female,Footwear,Sneakers,198,Winter,Card,1.8,20,5
962,47,Male,Sports,Football,179,Winter,Card,3.3,16,8
963,54,Male,Mens Clothing,Jeans,200,Autumn,Card,3,2,1
964,31,Male,Sports,Yoga Mat,244,Winter,Card,3.8,4,2
965,37,Male,Electronics,Laptop,2839,Summer,Card,3.9,16,8
966,55,Female,Footwear,Formal Shoes,104,Autumn,Card,4.5,16,3
967,60,Female,Accessories,Handbag,131,Autumn,Card,3.8,6,3
968,52,Male,Mens Clothing,Jacket,195,Summer,Card,4.9,23,9
969,48,Male,Footwear,Formal Shoes,113,Spring,Card,2.6,11,3
970,55,Female,Footwear,Formal Shoes,123,Spring,Card,2.7,13,4
971,39,Female,Beauty,Skincare Kit,127,Spring,Card,3.7,24,7
972,56,Male,Footwear,Sandals,248,Winter,Card,4.5,22,6
973,55,Male,Sports,Dumbbells,246,Winter,Card,4,15,5
974,59,Male,Sports,Football,43,Winter,Card,2.9,8,4
975,32,Female,Sports,Football,143,Winter,Card,3.4,22,6
976,20,Male,Mens Clothing,T-Shirt,183,Autumn,Card,4.5,20,5
977,50,Male,Electronics,Laptop,1854,Autumn,Card,4.2,12,6
978,32,Male,Footwear,Formal Shoes,122,Autumn,Card,3.4,18,4
979,52,Female,Accessories,Wallet,82,Autumn,Card,4.3,22,6
980,20,Female,Footwear,Sneakers,191,Winter,Card,3.6,15,5
981,24,Male,Sports,Yoga Mat,31,Winter,Card,3.5,16,3
982,28,Female,Footwear,Sneakers,51,Autumn,Cash on Delivery,4.3,11,3
983,52,Female,Accessories,Sunglasses,168,Winter,Card,3.5,26,8
984,50,Male,Footwear,Formal Shoes,120,Autumn,Card,4.7,22,6
985,34,Male,Mens Clothing,Jacket,94,Spring,Cash on Delivery,3.4,16,8
986,47,Male,Sports,Dumbbells,194,Autumn,Card,3.5,16,3
987,46,Male,Sports,Yoga Mat,96,Autumn,Cash on Delivery,3.1,20,5
988,60,Male,Electronics,Headphones,802,Autumn,Card,4.1,16,3
989,42,Female,Womens Clothing,Jeans,127,Spring,Card,3.6,16,3
990,68,Male,Mens Clothing,T-Shirt,46,Winter,Card,5,12,1
991,66,Male,Sports,Football,173,Autumn,Card,4.2,20,5
992,43,Male,Electronics,Headphones,1248,Spring,Card,2.5,15,5
993,61,Male,Footwear,Sneakers,70,Summer,Card,4.6,4,2
994,33,Male,Sports,Yoga Mat,91,Autumn,Card,4,16,8
995,36,Male,Mens Clothing,T-Shirt,57,Winter,Card,3.9,12,6
996,65,Male,Mens Clothing,Jacket,100,Autumn,Card,3.8,17,6
997,42,Female,Home,Lamp,143,Autumn,Card,4.1,15,5
998,34,Male,Electronics,Laptop,2858,Summer,Card,3.5,8,4
999,62,Male,Mens Clothing,Jacket,80,Summer,Card,3.9,12,6
1000,46,Female,Groceries,Rice Pack,18,Winter,Cash on Delivery,5,26,8
1001,21,Male,Home,Lamp,114,Autumn,Card,3.7,19,7
1002,29,Male,Footwear,Formal Shoes,48,Summer,Card,4.9,34,12
1003,57,Female,Accessories,Handbag,54,Autumn,Cash on Delivery,2.6,26,8
1004,41,Female,Womens Clothing,Jeans,59,Summer,Cash on Delivery,4,11,3
1005,63,Male,Mens Clothing,T-Shirt,128,Summer,Card,3.2,4,2
1006,45,Male,Mens Clothing,Jacket,88,Autumn,Cash on Delivery,2.2,2,1
1007,65,Female,Womens Clothing,Skirt,154,Summer,Card,3.8,16,8
1008,53,Male,Mens Clothing,Jacket,187,Autumn,Card,3.7,16,3
1009,63,Male,Footwear,Formal Shoes,56,Spring,Cash on Delivery,4.8,22,6
1010,41,Female,Beauty,Makeup Set,149,Winter,Card,4,8,4
1011,65,Male,Mens Clothing,Jacket,72,Winter,Cash on Delivery,3.5,19,7
1012,20,Female,Beauty,Skincare Kit,26,Spring,Card,3.6,30,10
1013,57,Female,Beauty,Makeup Set,140,Autumn,Card,3.5,20,5
1014,45,Male,Groceries,Cooking Oil,22,Autumn,Card,4.2,8,4
1015,69,Female,Accessories,Wallet,63,Autumn,Cash on Delivery,2.9,12,6
1016,32,Male,Groceries,Rice Pack,80,Autumn,Card,3.5,14,2
1017,69,Female,Beauty,Perfume,69,Spring,Card,3.8,8,4
1018,43,Male,Electronics,Smart Watch,1327,Summer,Card,2.7,13,4
1019,28,Male,Sports,Yoga Mat,220,Summer,Card,3.2,10,5
1020,53,Female,Sports,Football,233,Spring,Card,3.7,18,4
1021,25,Female,Accessories,Handbag,106,Summer,Card,4.8,13,4
1022,30,Male,Sports,Football,74,Winter,Card,5,15,5
1023,59,Female,Beauty,Skincare Kit,29,Summer,Cash on Delivery,4.5,12,6
1024,53,Male,Electronics,Laptop,512,Winter,Card,4,18,9
1025,60,Female,Womens Clothing,Top,109,Autumn,Card,3.5,28,9
1026,25,Male,Mens Clothing,Jeans,34,Winter,Cash on Delivery,3.1,19,7
1027,21,Female,Accessories,Wallet,121,Spring,Card,2.9,16,3
1028,31,Male,Home,Curtains,40,Autumn,Cash on Delivery,3.1,14,7
1029,65,Female,Womens Clothing,Jeans,195,Winter,Card,4.1,15,5
1030,45,Female,Womens Clothing,Dress,193,Spring,Card,4.3,20,5
1031,33,Female,Footwear,Sneakers,120,Autumn,Card,2.5,19,7
1032,40,Female,Groceries,Cooking Oil,12,Spring,Card,4,20,5
1033,55,Female,Sports,Dumbbells,92,Summer,Cash on Delivery,3.7,17,6
1034,28,Female,Groceries,Beverages,79,Summer,Card,4.1,15,5
1035,36,Male,Home,Lamp,299,Spring,Card,4.6,10,5
1036,59,Female,Beauty,Makeup Set,52,Winter,Card,4.4,14,2
1037,42,Female,Accessories,Handbag,74,Autumn,Card,2.8,8,4
1038,21,Female,Accessories,Wallet,109,Winter,Card,4.3,26,8
1039,63,Male,Electronics,Headphones,2739,Summer,Card,4,12,6
1040,32,Female,Accessories,Sunglasses,159,Summer,Card,4.1,10,5
1041,32,Female,Womens Clothing,Top,193,Spring,Card,4.9,26,8
1042,45,Male,Footwear,Sandals,144,Summer,Card,2.6,20,5
1043,24,Female,Womens Clothing,Dress,142,Winter,Card,3.8,10,5
1044,44,Female,Womens Clothing,Top,177,Spring,Card,1.9,7,1
1045,33,Male,Sports,Yoga Mat,145,Autumn,Card,4.6,10,5
1046,40,Male,Mens Clothing,T-Shirt,142,Spring,Card,3.3,4,2
1047,53,Female,Womens Clothing,Skirt,131,Summer,Card,3.9,15,5
1048,55,Male,Footwear,Sandals,57,Summer,Card,4.1,15,5
1049,40,Female,Womens Clothing,Dress,76,Winter,Cash on Delivery,4.1,10,5
1050,34,Female,Accessories,Handbag,50,Spring,Cash on Delivery,2.2,6,3
1051,45,Female,Accessories,Handbag,56,Summer,Cash on Delivery,4.5,18,4
1052,31,Male,Home,Curtains,211,Spring,Card,2.8,9,2
1053,37,Female,Home,Lamp,76,Winter,Card,4.3,12,1
1054,60,Female,Accessories,Sunglasses,59,Winter,Cash on Delivery,3.5,6,3
1055,38,Male,Electronics,Headphones,1949,Summer,Card,2.9,16,8
1056,60,Male,Sports,Yoga Mat,222,Summer,Card,3.2,10,5
1057,40,Male,Sports,Football,194,Winter,Card,3.9,21,8
1058,33,Female,Footwear,Sneakers,40,Winter,Card,2.5,22,6
1059,64,Female,Womens Clothing,Top,179,Autumn,Card,3.2,20,5
1060,64,Female,Womens Clothing,Top,190,Spring,Card,4.1,18,9
1061,66,Female,Womens Clothing,Skirt,114,Autumn,Card,5,8,4
1062,21,Male,Mens Clothing,Shirt,114,Autumn,Card,2.6,12,1
1063,49,Male,Footwear,Formal Shoes,107,Autumn,Card,3.2,8,4
1064,40,Female,Beauty,Makeup Set,44,Summer,Card,3.5,22,6
1065,49,Female,Womens Clothing,Skirt,44,Spring,Card,3.8,22,6
1066,20,Male,Sports,Yoga Mat,99,Winter,Card,3.5,16,3
1067,53,Male,Mens Clothing,Jeans,176,Autumn,Card,4,6,3
1068,20,Male,Electronics,Laptop,768,Autumn,Card,4.3,15,5
1069,58,Male,Electronics,Laptop,2824,Spring,Card,4.5,20,5
1070,53,Male,Sports,Yoga Mat,33,Autumn,Cash on Delivery,4.1,22,6
1071,38,Female,Accessories,Wallet,151,Autumn,Card,2.7,10,5
1072,65,Male,Sports,Yoga Mat,209,Autumn,Card,4.3,20,5
1073,22,Female,Accessories,Handbag,81,Summer,Card,4,16,3
1074,60,Male,Sports,Dumbbells,140,Autumn,Card,4,26,8
1075,32,Female,Beauty,Skincare Kit,105,Spring,Card,3,13,4
1076,47,Male,Groceries,Cooking Oil,74,Spring,Cash on Delivery,3.5,9,2
1077,48,Male,Electronics,Smart Watch,2739,Summer,Card,3.5,11,3
1078,69,Male,Electronics,Smart Watch,1627,Spring,Card,3.5,18,4
1079,64,Male,Groceries,Snacks,44,Spring,Cash on Delivery,3.4,15,5
1080,51,Male,Groceries,Beverages,67,Winter,Cash on Delivery,3.6,22,6
1081,55,Female,Beauty,Perfume,52,Autumn,Card,4.6,18,4
1082,62,Male,Sports,Football,202,Summer,Card,2.2,20,5
1083,52,Female,Footwear,Sneakers,87,Spring,Cash on Delivery,4,20,5
1084,41,Male,Footwear,Formal Shoes,82,Summer,Card,4.1,20,5
1085,27,Female,Beauty,Perfume,24,Winter,Cash on Delivery,4.3,14,2
1086,29,Female,Womens Clothing,Top,45,Spring,Card,3.9,25,10
1087,66,Male,Footwear,Sandals,240,Spring,Card,4.7,17,6
1088,67,Male,Sports,Football,117,Spring,Card,3.4,4,2
1089,44,Female,Home,Kitchen Set,121,Winter,Card,4.7,6,3
1090,26,Male,Home,Kitchen Set,156,Autumn,Card,3.2,20,5
1091,64,Male,Footwear,Sneakers,134,Summer,Card,4.6,10,5
1092,39,Male,Mens Clothing,T-Shirt,137,Winter,Card,5,17,6
1093,24,Female,Beauty,Makeup Set,61,Spring,Cash on Delivery,3.1,12,6
1094,22,Female,Beauty,Makeup Set,52,Summer,Cash on Delivery,4.4,10,5
1095,64,Female,Sports,Football,64,Autumn,Card,2.8,16,3
1096,41,Male,Mens Clothing,Jeans,72,Autumn,Cash on Delivery,3.6,11,3
1097,55,Male,Mens Clothing,Jeans,121,Summer,Card,3.4,10,5
1098,23,Female,Accessories,Sunglasses,117,Spring,Card,3.4,4,2
1099,70,Male,Mens Clothing,Jacket,191,Summer,Card,3.7,2,1
1100,57,Male,Mens Clothing,Jacket,54,Summer,Cash on Delivery,3.7,17,6
1101,26,Female,Accessories,Handbag,159,Summer,Card,4.6,7,1
1102,62,Male,Sports,Yoga Mat,78,Spring,Cash on Delivery,3.8,15,5
1103,23,Male,Electronics,Laptop,560,Autumn,Card,4,18,4
1104,44,Male,Electronics,Laptop,2966,Spring,Card,2.9,10,5
1105,57,Female,Groceries,Snacks,20,Summer,Card,4,30,10
1106,26,Female,Womens Clothing,Skirt,175,Autumn,Card,3.4,24,7
1107,42,Female,Footwear,Sneakers,193,Autumn,Card,4.6,8,4
1108,26,Male,Sports,Yoga Mat,67,Summer,Card,3.5,18,9
1109,28,Female,Accessories,Wallet,58,Spring,Cash on Delivery,5,9,2
1110,46,Male,Mens Clothing,Jeans,61,Autumn,Card,3.9,8,4
1111,28,Male,Mens Clothing,Jeans,153,Summer,Card,4.5,8,4
1112,49,Female,Groceries,Beverages,29,Spring,Card,5,23,9
1113,67,Female,Accessories,Sunglasses,134,Winter,Card,3.9,26,8
1114,69,Female,Accessories,Wallet,26,Autumn,Card,3.2,14,7
1115,56,Female,Groceries,Snacks,67,Winter,Card,3.9,13,4
1116,66,Female,Beauty,Perfume,126,Autumn,Card,4.3,16,3
1117,26,Female,Accessories,Handbag,177,Autumn,Card,4.8,20,5
1118,31,Male,Footwear,Sneakers,169,Summer,Card,4.1,16,8
1119,63,Female,Womens Clothing,Jeans,61,Summer,Cash on Delivery,3.6,20,5
1120,44,Female,Beauty,Perfume,129,Winter,Card,4.9,12,6
1121,20,Female,Sports,Dumbbells,145,Summer,Card,4.2,16,3
1122,41,Female,Accessories,Wallet,107,Autumn,Card,3.5,8,4
1123,36,Female,Accessories,Sunglasses,32,Spring,Cash on Delivery,3.9,6,3
1124,38,Male,Electronics,Laptop,2415,Summer,Card,4.3,20,5
1125,44,Male,Mens Clothing,Jacket,91,Winter,Cash on Delivery,3.5,17,6
1126,40,Female,Footwear,Sandals,119,Autumn,Card,3.5,14,7
1127,33,Male,Footwear,Sneakers,163,Winter,Card,2.7,22,6
1128,55,Female,Footwear,Sandals,105,Spring,Card,3.2,20,5
1129,43,Male,Sports,Yoga Mat,196,Autumn,Card,2.8,10,5
1130,67,Female,Accessories,Wallet,43,Spring,Card,3.4,9,2
1131,33,Male,Electronics,Mobile Phone,2698,Summer,Card,3.8,6,3
1132,34,Female,Accessories,Handbag,86,Winter,Cash on Delivery,4.5,4,2
1133,50,Male,Sports,Dumbbells,167,Winter,Card,4.5,23,9
1134,50,Male,Electronics,Mobile Phone,1790,Summer,Card,2.7,18,4
1135,43,Male,Sports,Football,86,Winter,Card,3,25,10
1136,41,Female,Footwear,Sneakers,216,Autumn,Card,4.1,21,8
1137,52,Female,Accessories,Sunglasses,52,Summer,Card,3.5,20,5
1138,45,Male,Groceries,Snacks,13,Summer,Cash on Delivery,5,24,7
1139,66,Male,Electronics,Smart Watch,1457,Winter,Card,2.7,11,3
1140,20,Male,Electronics,Headphones,1172,Autumn,Card,2.9,14,2
1141,48,Female,Womens Clothing,Dress,189,Autumn,Card,4.7,13,4
1142,48,Female,Womens Clothing,Skirt,188,Winter,Card,2.7,15,5
1143,27,Female,Womens Clothing,Top,91,Winter,Cash on Delivery,2.8,22,6
1144,59,Female,Footwear,Formal Shoes,70,Spring,Cash on Delivery,5,20,5
1145,56,Male,Electronics,Mobile Phone,2954,Winter,Card,4.2,18,4
1146,23,Male,Footwear,Sneakers,225,Winter,Card,4.6,22,6
1147,32,Female,Accessories,Wallet,54,Autumn,Cash on Delivery,3.2,21,8
1148,43,Female,Sports,Dumbbells,39,Winter,Cash on Delivery,4,16,8
1149,55,Female,Home,Curtains,200,Summer,Card,4.7,26,8
1150,36,Female,Footwear,Sneakers,208,Summer,Card,4,21,8
1151,24,Male,Footwear,Sneakers,221,Summer,Card,3.1,11,3
1152,42,Female,Womens Clothing,Dress,49,Winter,Cash on Delivery,4.9,8,4
1153,44,Male,Electronics,Headphones,1550,Winter,Card,3.1,14,7
1154,48,Female,Footwear,Sneakers,113,Autumn,Card,2.5,9,2
1155,52,Female,Beauty,Makeup Set,53,Summer,Cash on Delivery,5,12,6
1156,56,Male,Mens Clothing,T-Shirt,75,Spring,Cash on Delivery,3.7,8,4
1157,33,Female,Accessories,Wallet,166,Spring,Card,3.8,16,8
1158,58,Male,Mens Clothing,Shirt,104,Autumn,Card,3.4,17,6
1159,31,Female,Accessories,Handbag,45,Summer,Cash on Delivery,3.2,20,10
1160,41,Male,Mens Clothing,Jacket,123,Winter,Card,3.7,22,6
1161,65,Male,Footwear,Formal Shoes,77,Summer,Cash on Delivery,4.8,6,3
1162,46,Male,Electronics,Laptop,2424,Winter,Card,3.6,18,4
1163,30,Male,Groceries,Cooking Oil,25,Spring,Cash on Delivery,4.3,6,3
1164,62,Male,Electronics,Headphones,603,Spring,Card,2.9,16,8
1165,22,Female,Beauty,Perfume,81,Autumn,Card,5,20,5
1166,22,Male,Electronics,Mobile Phone,542,Autumn,Card,3.5,9,2
1167,51,Male,Electronics,Laptop,1413,Autumn,Card,3.3,13,4
1168,37,Female,Groceries,Snacks,48,Summer,Cash on Delivery,3.9,20,5
1169,59,Female,Accessories,Wallet,93,Summer,Cash on Delivery,4.2,22,6
1170,48,Female,Sports,Football,58,Autumn,Card,3.4,11,3
1171,48,Male,Electronics,Laptop,1992,Summer,Card,4.4,16,3
1172,58,Male,Sports,Dumbbells,137,Winter,Card,3.1,28,9
1173,33,Male,Groceries,Rice Pack,8,Spring,Card,3.6,4,2
1174,20,Male,Electronics,Laptop,1334,Summer,Card,2.7,10,5
1175,23,Male,Mens Clothing,Jacket,59,Winter,Cash on Delivery,3.1,10,5
1176,64,Female,Footwear,Formal Shoes,42,Spring,Card,3.9,17,6
1177,66,Male,Footwear,Formal Shoes,158,Summer,Card,2.8,11,3
1178,55,Male,Footwear,Sneakers,77,Autumn,Cash on Delivery,3.6,15,5
1179,29,Male,Home,Curtains,255,Summer,Card,4.6,24,7
1180,39,Male,Sports,Yoga Mat,241,Spring,Card,2.1,18,9
1181,67,Male,Sports,Dumbbells,141,Winter,Card,5,24,7
1182,29,Female,Footwear,Sneakers,78,Summer,Cash on Delivery,3.8,16,3
1183,30,Female,Footwear,Formal Shoes,171,Winter,Card,4.9,11,3
1184,20,Male,Footwear,Sneakers,250,Summer,Card,2.4,26,8
1185,44,Female,Beauty,Skincare Kit,70,Summer,Cash on Delivery,2.7,10,5
1186,61,Male,Sports,Dumbbells,32,Winter,Cash on Delivery,4,20,5
1187,25,Female,Beauty,Skincare Kit,56,Spring,Cash on Delivery,3.1,10,5
1188,57,Male,Footwear,Formal Shoes,191,Spring,Card,3.8,15,5
1189,32,Female,Footwear,Formal Shoes,201,Summer,Card,3.9,10,5
1190,33,Male,Mens Clothing,Shirt,31,Spring,Card,3.7,10,5
1191,38,Male,Sports,Dumbbells,225,Summer,Card,3.7,2,1
1192,31,Female,Beauty,Skincare Kit,39,Summer,Cash on Delivery,4.2,18,9
1193,65,Female,Footwear,Sneakers,132,Autumn,Card,3.5,13,4
1194,43,Male,Footwear,Formal Shoes,141,Autumn,Card,4.3,17,6
1195,33,Male,Home,Kitchen Set,48,Summer,Card,3.8,30,10
1196,29,Female,Footwear,Formal Shoes,143,Spring,Card,2.4,18,4
1197,23,Female,Groceries,Beverages,33,Spring,Cash on Delivery,4,19,7
1198,68,Female,Womens Clothing,Jeans,96,Autumn,Cash on Delivery,3.3,13,4
1199,61,Male,Sports,Yoga Mat,102,Winter,Card,3.6,20,5
1200,64,Male,Footwear,Sneakers,55,Summer,Card,4,26,8
1201,28,Female,Womens Clothing,Jeans,40,Summer,Cash on Delivery,3.4,16,3
1202,34,Male,Mens Clothing,Jacket,188,Autumn,Card,4.2,8,4
1203,26,Female,Womens Clothing,Top,149,Winter,Card,3.6,26,8
1204,29,Male,Footwear,Sneakers,102,Spring,Card,3.5,10,5
1205,47,Female,Sports,Football,240,Summer,Card,4.8,24,7
1206,37,Female,Beauty,Skincare Kit,102,Spring,Card,4.3,20,5
1207,54,Female,Beauty,Skincare Kit,35,Winter,Cash on Delivery,3.6,13,4
1208,67,Female,Footwear,Formal Shoes,184,Summer,Card,4.1,24,7
1209,24,Male,Footwear,Sneakers,130,Winter,Card,3.8,16,8
1210,33,Male,Home,Kitchen Set,255,Winter,Card,3.3,26,8
1211,31,Male,Groceries,Rice Pack,63,Autumn,Cash on Delivery,2.5,15,5
1212,37,Male,Sports,Dumbbells,147,Autumn,Card,3.7,14,2
1213,28,Female,Beauty,Skincare Kit,69,Autumn,Cash on Delivery,3.1,18,4
1214,58,Female,Accessories,Handbag,118,Summer,Card,4.1,19,7
1215,60,Male,Mens Clothing,T-Shirt,100,Winter,Cash on Delivery,3.7,12,1
1216,28,Male,Home,Lamp,206,Summer,Card,3.1,16,8
1217,66,Female,Womens Clothing,Top,163,Spring,Card,3,12,6
1218,55,Male,Mens Clothing,Jacket,162,Winter,Card,3.2,4,2
1219,35,Female,Footwear,Sandals,242,Autumn,Card,3.8,21,8
1220,65,Male,Sports,Yoga Mat,109,Spring,Card,4.4,14,7
1221,35,Female,Accessories,Handbag,83,Autumn,Card,3.6,19,7
1222,21,Male,Electronics,Laptop,2122,Autumn,Card,4.1,18,4
1223,31,Male,Home,Kitchen Set,187,Spring,Card,4.1,18,9
1224,42,Male,Sports,Yoga Mat,157,Winter,Card,4.2,20,5
1225,22,Male,Electronics,Laptop,1708,Spring,Card,3.7,6,3
1226,62,Female,Footwear,Formal Shoes,157,Winter,Card,3.4,13,4
1227,28,Female,Womens Clothing,Skirt,189,Spring,Card,2.9,13,4
1228,33,Female,Home,Curtains,118,Spring,Card,3,14,7
1229,36,Male,Footwear,Sandals,147,Autumn,Card,4.3,15,5
1230,28,Male,Mens Clothing,Jeans,75,Spring,Cash on Delivery,3.8,4,2
1231,26,Male,Mens Clothing,T-Shirt,109,Autumn,Card,3.7,14,2
1232,55,Male,Electronics,Laptop,1227,Summer,Card,3.4,10,5
1233,64,Female,Footwear,Formal Shoes,70,Spring,Cash on Delivery,4.3,20,5
1234,51,Female,Womens Clothing,Top,145,Summer,Card,2.6,10,5
1235,37,Female,Womens Clothing,Jeans,121,Winter,Card,4.7,8,4
1236,21,Male,Mens Clothing,Jeans,129,Winter,Card,3.5,9,2
1237,27,Female,Womens Clothing,Top,135,Summer,Card,3.9,14,7
1238,28,Male,Mens Clothing,Jeans,191,Spring,Card,5,19,7
1239,56,Female,Accessories,Wallet,33,Autumn,Cash on Delivery,5,14,7
1240,25,Male,Mens Clothing,Jeans,141,Spring,Card,3.6,8,4
1241,35,Female,Womens Clothing,Top,96,Autumn,Card,4.3,9,2
1242,55,Female,Womens Clothing,Dress,136,Autumn,Card,3,12,6
1243,52,Female,Home,Curtains,44,Spring,Cash on Delivery,3,11,3
1244,67,Female,Beauty,Perfume,92,Winter,Card,3.2,10,5
1245,35,Male,Electronics,Mobile Phone,2678,Summer,Card,4.3,28,9
1246,49,Female,Beauty,Skincare Kit,106,Autumn,Card,4.4,12,6
1247,64,Male,Electronics,Smart Watch,2908,Spring,Card,4.5,16,3
1248,20,Male,Footwear,Formal Shoes,177,Autumn,Card,3.9,15,5
1249,52,Female,Womens Clothing,Dress,89,Winter,Cash on Delivery,3.7,7,1
1250,37,Male,Groceries,Cooking Oil,58,Spring,Card,2.7,4,2
1251,44,Female,Accessories,Sunglasses,22,Spring,Cash on Delivery,4.2,12,6
1252,66,Male,Sports,Yoga Mat,81,Autumn,Cash on Delivery,3.3,9,2
1253,28,Female,Accessories,Wallet,166,Autumn,Card,5,15,5
1254,30,Male,Footwear,Sneakers,223,Spring,Card,3.8,6,3
1255,70,Male,Electronics,Laptop,2919,Winter,Card,3.5,13,4
1256,44,Female,Beauty,Skincare Kit,144,Spring,Card,4.7,26,8
1257,45,Female,Beauty,Perfume,85,Autumn,Cash on Delivery,3.4,10,5
1258,41,Male,Groceries,Cooking Oil,9,Winter,Card,4.4,16,3
1259,42,Male,Footwear,Sneakers,167,Autumn,Card,2.8,6,3
1260,51,Male,Footwear,Formal Shoes,196,Spring,Card,2.8,19,7
1261,59,Male,Mens Clothing,Jeans,165,Spring,Card,3.8,14,7
1262,58,Male,Electronics,Smart Watch,500,Summer,Card,4.4,16,3
1263,56,Male,Sports,Yoga Mat,95,Spring,Cash on Delivery,4,6,3
1264,52,Male,Electronics,Smart Watch,2765,Winter,Card,2.7,9,2
1265,41,Male,Groceries,Cooking Oil,61,Spring,Card,2.8,14,7
1266,37,Male,Electronics,Smart Watch,944,Spring,Card,4.7,2,1
1267,51,Male,Sports,Yoga Mat,246,Spring,Card,3.6,8,4
1268,65,Male,Electronics,Headphones,1136,Winter,Card,3.5,13,4
1269,45,Male,Electronics,Headphones,1704,Summer,Card,4.1,15,5
1270,23,Male,Footwear,Formal Shoes,93,Autumn,Card,4.9,13,4
1271,55,Male,Mens Clothing,Jeans,165,Spring,Card,3.5,17,6
1272,45,Female,Beauty,Makeup Set,72,Summer,Cash on Delivery,3.4,17,6
1273,55,Male,Electronics,Headphones,1843,Spring,Card,2.9,20,10
1274,45,Male,Sports,Football,40,Summer,Card,3.3,10,5
1275,29,Male,Sports,Yoga Mat,80,Winter,Cash on Delivery,4.3,11,3
1276,27,Female,Footwear,Sandals,197,Autumn,Card,3.5,16,3
1277,22,Male,Footwear,Sandals,154,Spring,Card,4.7,11,3
1278,55,Male,Footwear,Sandals,46,Summer,Cash on Delivery,3.1,6,3
1279,40,Male,Home,Kitchen Set,129,Summer,Card,3.1,20,5
1280,63,Male,Sports,Yoga Mat,131,Summer,Card,3.3,10,5
1281,43,Male,Sports,Dumbbells,117,Summer,Card,3.1,25,10
1282,34,Male,Electronics,Headphones,1105,Winter,Card,5,24,7
1283,46,Male,Footwear,Sneakers,192,Autumn,Card,3.9,9,2
1284,51,Female,Womens Clothing,Dress,184,Spring,Card,3.6,15,5
1285,25,Male,Home,Kitchen Set,227,Spring,Card,3.2,15,5
1286,55,Male,Mens Clothing,Jacket,92,Summer,Card,4.1,20,5
1287,40,Female,Sports,Dumbbells,71,Winter,Cash on Delivery,4.6,18,4
1288,36,Male,Footwear,Formal Shoes,114,Autumn,Card,3.9,22,6
1289,70,Female,Beauty,Skincare Kit,104,Winter,Card,3.9,10,5
1290,20,Female,Womens Clothing,Skirt,152,Winter,Card,2,12,6
1291,35,Male,Sports,Dumbbells,114,Summer,Card,3.3,8,4
1292,37,Female,Footwear,Sandals,150,Spring,Card,4,25,10
1293,35,Female,Sports,Football,149,Spring,Card,3.1,14,7
1294,47,Female,Accessories,Wallet,44,Autumn,Cash on Delivery,4.4,6,3
1295,60,Male,Mens Clothing,Jacket,43,Spring,Card,5,25,10
1296,55,Female,Womens Clothing,Dress,187,Summer,Card,3.2,14,7
1297,36,Male,Groceries,Rice Pack,20,Spring,Cash on Delivery,3.9,13,4
1298,31,Male,Electronics,Laptop,2520,Summer,Card,2.7,14,7
1299,51,Female,Womens Clothing,Dress,120,Winter,Card,4.3,21,8
1300,62,Male,Footwear,Formal Shoes,145,Autumn,Card,3.7,14,7
1301,29,Female,Beauty,Perfume,39,Autumn,Cash on Delivery,4,16,3
1302,28,Male,Sports,Football,64,Winter,Cash on Delivery,3.7,28,9
1303,35,Male,Sports,Yoga Mat,239,Summer,Card,3.8,9,2
1304,34,Female,Accessories,Sunglasses,159,Spring,Card,3,6,3
1305,22,Female,Groceries,Cooking Oil,61,Winter,Card,3.6,14,7
1306,70,Male,Footwear,Formal Shoes,61,Summer,Card,4.6,14,7
1307,42,Male,Footwear,Sandals,219,Winter,Card,4.2,18,4
1308,22,Female,Womens Clothing,Skirt,125,Winter,Card,4.8,13,4
1309,39,Female,Accessories,Wallet,78,Summer,Card,3.5,10,5
1310,48,Male,Electronics,Smart Watch,580,Spring,Card,2.5,11,3
1311,58,Male,Mens Clothing,Jacket,142,Spring,Card,3.5,20,5
1312,21,Male,Sports,Yoga Mat,34,Summer,Cash on Delivery,3.3,6,3
1313,56,Male,Mens Clothing,Jeans,191,Summer,Card,3.2,30,10
1314,57,Female,Groceries,Cooking Oil,57,Summer,Card,3.8,20,5
1315,40,Male,Sports,Yoga Mat,236,Autumn,Card,3.5,13,4
1316,53,Male,Electronics,Smart Watch,1327,Summer,Card,3.9,6,3
1317,69,Male,Home,Kitchen Set,121,Spring,Card,4.8,20,5
1318,30,Male,Electronics,Laptop,2945,Spring,Card,4,23,9
1319,52,Female,Beauty,Skincare Kit,106,Spring,Card,3.9,19,7
1320,24,Male,Sports,Football,72,Autumn,Card,4,11,3
1321,51,Female,Beauty,Skincare Kit,31,Summer,Cash on Delivery,3.4,8,4
1322,50,Female,Beauty,Makeup Set,53,Summer,Cash on Delivery,3.7,10,0
1323,52,Female,Beauty,Skincare Kit,51,Winter,Cash on Delivery,4.4,12,6
1324,23,Female,Beauty,Skincare Kit,26,Autumn,Card,4.6,16,8
1325,64,Male,Sports,Dumbbells,194,Winter,Card,4.3,30,10
1326,25,Female,Footwear,Formal Shoes,161,Summer,Card,3.4,15,5
1327,67,Male,Sports,Yoga Mat,36,Spring,Card,3,13,4
1328,57,Female,Accessories,Sunglasses,81,Summer,Cash on Delivery,3.1,16,3
1329,36,Female,Womens Clothing,Skirt,194,Winter,Card,3.3,8,4
1330,62,Male,Mens Clothing,Shirt,143,Spring,Card,2.8,24,7
1331,47,Male,Electronics,Mobile Phone,1170,Autumn,Card,3.4,16,3
1332,25,Female,Womens Clothing,Dress,164,Winter,Card,3.6,18,4
1333,56,Male,Sports,Yoga Mat,53,Summer,Cash on Delivery,3.1,14,2
1334,55,Female,Footwear,Sandals,46,Winter,Card,4.9,16,8
1335,34,Male,Footwear,Sneakers,85,Summer,Cash on Delivery,4.8,15,5
1336,58,Male,Electronics,Mobile Phone,1082,Summer,Card,3.2,8,4
1337,60,Female,Accessories,Wallet,97,Autumn,Cash on Delivery,3.3,17,6
1338,22,Female,Womens Clothing,Top,72,Autumn,Cash on Delivery,2.4,8,4
1339,31,Female,Womens Clothing,Jeans,115,Summer,Card,2.6,12,6
1340,51,Female,Beauty,Skincare Kit,76,Spring,Card,4,9,2
1341,62,Male,Mens Clothing,Jacket,181,Summer,Card,2.8,21,8
1342,62,Male,Home,Kitchen Set,178,Spring,Card,2.9,20,5
1343,49,Male,Sports,Yoga Mat,29,Summer,Cash on Delivery,3.4,24,7
1344,55,Female,Footwear,Sandals,96,Spring,Card,4,17,6
1345,36,Male,Groceries,Cooking Oil,17,Winter,Cash on Delivery,2.9,9,2
1346,41,Female,Home,Kitchen Set,234,Summer,Card,4.4,14,7
1347,33,Female,Footwear,Sandals,126,Winter,Card,4.5,24,7
1348,22,Male,Home,Lamp,132,Autumn,Card,4.4,8,4
1349,65,Female,Womens Clothing,Jeans,80,Summer,Card,3.3,6,3
1350,58,Female,Womens Clothing,Top,198,Spring,Card,4.2,30,10
1351,58,Male,Sports,Football,144,Autumn,Card,4.4,24,7
1352,67,Female,Accessories,Sunglasses,174,Summer,Card,2.7,8,4
1353,54,Female,Womens Clothing,Dress,130,Summer,Card,3.9,16,8
1354,52,Female,Accessories,Wallet,151,Spring,Card,2.7,21,8
1355,43,Female,Beauty,Skincare Kit,56,Spring,Cash on Delivery,5,6,3
1356,39,Female,Footwear,Formal Shoes,80,Summer,Card,3.4,30,10
1357,60,Male,Electronics,Smart Watch,1905,Winter,Card,3.3,21,8
1358,30,Female,Home,Kitchen Set,173,Summer,Card,2.4,22,6
1359,28,Female,Footwear,Sneakers,162,Spring,Card,2.7,11,3
1360,60,Female,Womens Clothing,Dress,75,Summer,Card,4,12,6
1361,52,Female,Groceries,Cooking Oil,66,Summer,Cash on Delivery,3.7,10,5
1362,32,Male,Sports,Football,136,Spring,Card,3.3,16,3
1363,39,Female,Beauty,Makeup Set,141,Winter,Card,1.5,14,7
1364,42,Female,Footwear,Formal Shoes,77,Autumn,Cash on Delivery,3.6,15,5
1365,52,Male,Footwear,Formal Shoes,249,Spring,Card,3.4,13,4
1366,54,Male,Footwear,Sneakers,248,Spring,Card,3.6,10,5
1367,64,Male,Electronics,Smart Watch,1926,Spring,Card,2.6,13,4
1368,51,Male,Sports,Dumbbells,140,Winter,Card,3.6,9,2
1369,65,Male,Mens Clothing,Jeans,200,Autumn,Card,3.5,15,5
1370,22,Female,Beauty,Skincare Kit,45,Summer,Card,4.7,12,6
1371,30,Female,Footwear,Sneakers,206,Summer,Card,3.6,20,5
1372,52,Male,Electronics,Mobile Phone,1358,Autumn,Card,5,16,8
1373,26,Female,Footwear,Sneakers,161,Autumn,Card,4.3,15,5
1374,29,Female,Sports,Yoga Mat,239,Summer,Card,4,6,3
1375,61,Male,Electronics,Headphones,2520,Summer,Card,3.5,20,5
1376,62,Female,Footwear,Formal Shoes,219,Autumn,Card,3.6,16,3
1377,64,Male,Footwear,Formal Shoes,244,Spring,Card,4.1,15,5
1378,31,Female,Home,Lamp,140,Autumn,Card,3,9,2
1379,49,Male,Electronics,Smart Watch,2192,Summer,Card,2.8,13,4
1380,46,Female,Home,Curtains,146,Autumn,Card,2.7,14,2
1381,32,Female,Womens Clothing,Top,194,Summer,Card,3.6,10,5
1382,29,Male,Home,Curtains,219,Summer,Card,2.8,20,5
1383,53,Female,Beauty,Perfume,73,Autumn,Card,2.8,18,4
1384,56,Male,Sports,Yoga Mat,207,Summer,Card,4.1,15,5
1385,49,Male,Footwear,Sandals,171,Winter,Card,5,13,4
1386,49,Female,Home,Lamp,281,Autumn,Card,4.6,10,5
1387,42,Male,Groceries,Cooking Oil,66,Summer,Cash on Delivery,3.1,20,5
1388,66,Male,Mens Clothing,T-Shirt,118,Summer,Card,3.1,18,9
1389,57,Female,Accessories,Wallet,85,Autumn,Cash on Delivery,3,10,5
1390,21,Male,Electronics,Headphones,523,Summer,Card,4.8,24,7
1391,70,Male,Sports,Dumbbells,146,Summer,Card,3.3,20,5
1392,57,Male,Footwear,Sneakers,189,Spring,Card,4.1,11,3
1393,24,Male,Electronics,Smart Watch,974,Autumn,Card,4.3,16,3
1394,61,Male,Electronics,Mobile Phone,1496,Winter,Card,4,13,4
1395,56,Female,Footwear,Formal Shoes,228,Summer,Card,4.1,6,3
1396,40,Female,Accessories,Sunglasses,120,Summer,Card,4,13,4
1397,23,Female,Womens Clothing,Jeans,123,Spring,Card,3.9,17,6
1398,43,Female,Accessories,Handbag,162,Spring,Card,4.2,6,3
1399,54,Female,Footwear,Sneakers,195,Winter,Card,2.2,16,8
1400,50,Male,Sports,Dumbbells,126,Autumn,Card,3.4,6,3
1401,67,Female,Footwear,Sandals,247,Spring,Card,4.8,15,5
1402,59,Male,Mens Clothing,Shirt,116,Spring,Card,2.6,7,1
1403,21,Female,Accessories,Wallet,157,Winter,Card,3.1,18,4
1404,26,Female,Beauty,Makeup Set,96,Summer,Cash on Delivery,3.5,15,5
1405,21,Female,Footwear,Sneakers,104,Spring,Card,4.3,11,3
1406,57,Male,Electronics,Smart Watch,630,Spring,Card,3.7,15,5
1407,23,Male,Electronics,Smart Watch,1445,Spring,Card,3.2,14,2
1408,57,Male,Mens Clothing,Jacket,36,Summer,Card,2.6,4,2
1409,31,Female,Beauty,Perfume,80,Summer,Cash on Delivery,4.5,17,6
1410,57,Male,Electronics,Headphones,2547,Spring,Card,3.7,16,3
1411,55,Female,Footwear,Sneakers,75,Summer,Card,3.9,12,1
1412,47,Female,Beauty,Skincare Kit,42,Summer,Cash on Delivery,3.4,17,6
1413,52,Female,Beauty,Skincare Kit,135,Autumn,Card,3.8,26,8
1414,23,Male,Footwear,Formal Shoes,215,Summer,Card,2.6,4,2
1415,24,Female,Beauty,Skincare Kit,43,Spring,Card,3.6,15,5
1416,22,Male,Sports,Football,181,Spring,Card,3,15,5
1417,52,Male,Footwear,Sandals,161,Winter,Card,3.1,4,2
1418,49,Female,Sports,Dumbbells,167,Spring,Card,2.3,15,5
1419,29,Female,Footwear,Sandals,103,Spring,Card,3,6,3
1420,54,Male,Electronics,Laptop,1000,Winter,Card,4,8,4
1421,31,Male,Sports,Football,112,Spring,Card,4.7,26,8
1422,54,Male,Mens Clothing,Jacket,161,Winter,Card,3.4,16,3
1423,32,Male,Groceries,Snacks,32,Winter,Cash on Delivery,4.3,9,2
1424,26,Female,Womens Clothing,Top,53,Spring,Cash on Delivery,4.4,12,6
1425,22,Female,Womens Clothing,Top,65,Autumn,Cash on Delivery,2.7,19,7
1426,61,Female,Home,Kitchen Set,74,Summer,Cash on Delivery,4.8,18,4
1427,67,Male,Sports,Dumbbells,239,Winter,Card,3.4,26,8
1428,28,Male,Mens Clothing,Jacket,30,Winter,Card,3.7,14,2
1429,20,Female,Footwear,Formal Shoes,201,Autumn,Card,4.6,12,6
1430,25,Male,Sports,Dumbbells,239,Spring,Card,4,12,6
1431,28,Female,Womens Clothing,Dress,159,Spring,Card,4.8,26,8
1432,21,Male,Groceries,Rice Pack,63,Autumn,Cash on Delivery,4.3,21,8
1433,35,Male,Electronics,Smart Watch,2361,Summer,Card,4.4,12,6
1434,23,Female,Womens Clothing,Top,104,Spring,Card,3.8,16,8
1435,52,Female,Sports,Football,245,Spring,Card,5,19,7
1436,68,Male,Mens Clothing,Jeans,175,Summer,Card,3.7,10,5
1437,55,Female,Accessories,Sunglasses,169,Winter,Card,3.6,18,4
1438,59,Female,Beauty,Skincare Kit,101,Winter,Card,4.3,4,2
1439,22,Male,Electronics,Laptop,2141,Winter,Card,3.5,18,4
1440,47,Male,Sports,Football,204,Autumn,Card,3.7,16,3
1441,40,Female,Womens Clothing,Top,139,Spring,Card,3.3,24,7
1442,67,Female,Womens Clothing,Top,67,Spring,Cash on Delivery,3.3,22,6
1443,34,Female,Beauty,Makeup Set,116,Summer,Card,4,25,10
1444,50,Male,Sports,Yoga Mat,185,Summer,Card,2.5,8,4
1445,70,Female,Accessories,Wallet,104,Winter,Card,5,2,1
1446,49,Male,Mens Clothing,Shirt,181,Spring,Card,4.4,18,4
1447,30,Female,Beauty,Skincare Kit,69,Summer,Card,4.4,22,6
1448,66,Male,Footwear,Sneakers,111,Autumn,Card,2.3,10,0
1449,46,Female,Womens Clothing,Top,145,Summer,Card,4.3,22,6
1450,40,Female,Beauty,Perfume,46,Spring,Card,4.5,18,4
1451,38,Male,Mens Clothing,Shirt,58,Winter,Cash on Delivery,3.9,9,2
1452,55,Female,Womens Clothing,Jeans,139,Autumn,Card,4.7,25,10
1453,63,Male,Mens Clothing,T-Shirt,48,Winter,Card,4.4,19,7
1454,44,Female,Accessories,Handbag,155,Spring,Card,3.8,26,8
1455,58,Male,Groceries,Snacks,61,Autumn,Cash on Delivery,4.5,25,10
1456,51,Female,Womens Clothing,Skirt,103,Spring,Card,3.9,10,5
1457,21,Female,Accessories,Wallet,99,Autumn,Card,3.3,4,2
1458,33,Male,Electronics,Laptop,2572,Autumn,Card,2.7,21,8
1459,26,Female,Footwear,Sandals,240,Autumn,Card,4.2,18,9
1460,30,Female,Sports,Yoga Mat,238,Summer,Card,2.7,13,4
1461,23,Female,Sports,Yoga Mat,116,Spring,Card,5,13,4
1462,26,Female,Womens Clothing,Top,73,Spring,Card,2.9,11,3
1463,68,Male,Footwear,Formal Shoes,161,Spring,Card,4.1,10,5
1464,64,Male,Mens Clothing,Shirt,200,Winter,Card,3.6,26,8
1465,65,Female,Accessories,Sunglasses,138,Summer,Card,4.9,6,3
1466,68,Male,Mens Clothing,Jeans,174,Autumn,Card,3.8,13,4
1467,51,Male,Sports,Dumbbells,156,Summer,Card,4.6,19,7
1468,43,Male,Electronics,Smart Watch,1286,Autumn,Card,3.3,4,2
1469,39,Male,Footwear,Sandals,179,Summer,Card,3.8,20,5
1470,56,Female,Beauty,Skincare Kit,49,Winter,Card,3.9,16,3
1471,53,Female,Accessories,Wallet,56,Autumn,Card,3.1,18,4
1472,46,Male,Groceries,Cooking Oil,53,Autumn,Card,2.9,13,4
1473,67,Male,Mens Clothing,T-Shirt,63,Summer,Cash on Delivery,4.2,6,3
1474,59,Male,Sports,Football,152,Autumn,Card,3.9,16,3
1475,51,Female,Beauty,Skincare Kit,46,Winter,Card,3.9,18,4
1476,22,Female,Footwear,Formal Shoes,217,Winter,Card,3.4,16,3
1477,53,Female,Accessories,Sunglasses,47,Autumn,Cash on Delivery,4.4,12,6
1478,70,Female,Womens Clothing,Top,186,Spring,Card,4.6,10,5
1479,44,Female,Beauty,Perfume,34,Autumn,Card,2.8,17,6
1480,47,Male,Footwear,Sandals,120,Autumn,Card,3.5,13,4
1481,38,Female,Home,Lamp,295,Autumn,Card,3.8,16,8
1482,46,Male,Groceries,Rice Pack,71,Summer,Card,4.3,15,5
1483,30,Female,Womens Clothing,Jeans,152,Summer,Card,3.5,18,4
1484,36,Male,Sports,Dumbbells,81,Summer,Card,4,17,6
1485,67,Male,Sports,Football,186,Summer,Card,5,20,10
1486,32,Male,Footwear,Formal Shoes,77,Autumn,Card,4.1,16,3
1487,66,Female,Womens Clothing,Skirt,192,Winter,Card,3.9,15,5
1488,60,Female,Footwear,Sneakers,73,Summer,Cash on Delivery,4.8,17,6
1489,35,Female,Footwear,Formal Shoes,239,Summer,Card,4.3,20,5
1490,26,Female,Womens Clothing,Jeans,176,Winter,Card,3,15,5
1491,57,Female,Beauty,Skincare Kit,25,Winter,Card,4.7,18,4
1492,47,Female,Groceries,Beverages,35,Spring,Cash on Delivery,4.3,18,4
1493,46,Male,Groceries,Rice Pack,37,Summer,Card,4,24,7
1494,29,Male,Electronics,Mobile Phone,2302,Winter,Card,3.1,20,5
1495,33,Female,Beauty,Skincare Kit,49,Summer,Cash on Delivery,4.1,11,3
1496,26,Male,Electronics,Laptop,534,Autumn,Card,3.6,6,3
1497,67,Female,Accessories,Handbag,175,Summer,Card,4.1,26,8
1498,21,Female,Accessories,Handbag,35,Summer,Cash on Delivery,3.1,22,6
1499,26,Male,Sports,Yoga Mat,118,Summer,Card,3.1,2,1
1500,55,Male,Footwear,Formal Shoes,203,Spring,Card,4.3,18,4
1501,23,Female,Footwear,Formal Shoes,133,Summer,Card,4.7,12,6
1502,21,Female,Accessories,Handbag,100,Spring,Cash on Delivery,4.1,15,5
1503,23,Female,Home,Kitchen Set,55,Winter,Card,4.2,17,6
1504,36,Female,Footwear,Formal Shoes,136,Spring,Card,4,12,6
1505,35,Female,Womens Clothing,Top,68,Spring,Card,4.1,10,5
1506,29,Male,Footwear,Sneakers,245,Winter,Card,4.5,15,5
1507,20,Male,Footwear,Formal Shoes,113,Summer,Card,3.4,8,4
1508,64,Female,Footwear,Sandals,80,Spring,Card,4.4,13,4
1509,67,Male,Electronics,Mobile Phone,1106,Winter,Card,3.8,19,7
1510,26,Female,Footwear,Formal Shoes,97,Winter,Cash on Delivery,4.5,10,5
1511,54,Male,Sports,Dumbbells,106,Spring,Card,4.8,16,8
1512,28,Female,Groceries,Snacks,13,Spring,Cash on Delivery,4.4,14,2
1513,64,Female,Womens Clothing,Top,181,Spring,Card,3.9,4,2
1514,32,Female,Womens Clothing,Skirt,157,Autumn,Card,4.3,6,3
1515,44,Male,Sports,Yoga Mat,188,Winter,Card,3.6,19,7
1516,31,Female,Beauty,Perfume,118,Winter,Card,3.8,21,8
1517,46,Male,Sports,Dumbbells,154,Winter,Card,4.3,12,6
1518,23,Female,Sports,Dumbbells,43,Spring,Card,3.4,4,2
1519,31,Male,Electronics,Smart Watch,2439,Summer,Card,4.5,8,4
1520,47,Male,Footwear,Sandals,136,Winter,Card,4.6,17,6
1521,43,Male,Footwear,Sandals,160,Winter,Card,4.8,28,9
1522,27,Female,Beauty,Makeup Set,69,Spring,Card,3.7,17,6
1523,37,Female,Womens Clothing,Skirt,65,Autumn,Cash on Delivery,4,6,3
1524,57,Female,Sports,Dumbbells,213,Winter,Card,4.3,9,2
1525,44,Male,Footwear,Sneakers,176,Spring,Card,4.7,21,8
1526,51,Male,Footwear,Formal Shoes,136,Spring,Card,4.3,26,8
1527,66,Male,Electronics,Headphones,633,Winter,Card,5,24,7
1528,68,Male,Sports,Football,214,Summer,Card,3.3,4,2
1529,52,Male,Electronics,Mobile Phone,631,Summer,Card,4.7,17,6
1530,30,Female,Footwear,Sandals,123,Winter,Card,2.9,10,5
1531,50,Female,Womens Clothing,Skirt,147,Autumn,Card,3.3,17,6
1532,58,Male,Home,Lamp,172,Winter,Card,3.7,12,6
1533,36,Male,Electronics,Smart Watch,1386,Spring,Card,3.4,8,4
1534,38,Male,Mens Clothing,Jeans,91,Spring,Cash on Delivery,4.2,14,7
1535,23,Male,Footwear,Sneakers,191,Winter,Card,3.9,18,4
1536,56,Female,Accessories,Handbag,114,Summer,Card,4,20,5
1537,46,Male,Groceries,Snacks,48,Summer,Card,3.7,19,7
1538,48,Male,Footwear,Sneakers,84,Spring,Cash on Delivery,4.5,10,0
1539,40,Male,Footwear,Sandals,74,Spring,Card,3.4,24,7
1540,47,Male,Footwear,Sandals,67,Summer,Cash on Delivery,4.3,7,1
1541,67,Male,Home,Kitchen Set,295,Autumn,Card,3.6,4,2
1542,30,Female,Footwear,Sneakers,121,Spring,Card,3.1,10,5
1543,46,Male,Electronics,Headphones,2344,Autumn,Card,4.8,17,6
1544,64,Female,Beauty,Makeup Set,88,Spring,Cash on Delivery,2.1,16,8
1545,50,Female,Beauty,Makeup Set,31,Spring,Card,3.8,20,10
1546,60,Female,Accessories,Wallet,74,Winter,Card,3.8,24,7
1547,36,Female,Sports,Dumbbells,143,Winter,Card,5,18,4
1548,25,Male,Sports,Football,76,Summer,Card,3.7,16,3
1549,59,Male,Mens Clothing,Shirt,71,Spring,Cash on Delivery,3.8,10,5
1550,21,Male,Footwear,Sneakers,211,Winter,Card,3.4,6,3
1551,21,Female,Beauty,Perfume,132,Summer,Card,4.3,13,4
1552,28,Male,Sports,Dumbbells,124,Summer,Card,4.1,21,8
1553,21,Female,Accessories,Handbag,131,Winter,Card,4.8,4,2
1554,56,Male,Mens Clothing,Jacket,110,Summer,Card,3,2,1
1555,29,Male,Sports,Yoga Mat,238,Winter,Card,5,14,2
1556,20,Male,Home,Kitchen Set,202,Autumn,Card,2.9,23,9
1557,49,Female,Sports,Dumbbells,200,Autumn,Card,3.9,24,7
1558,48,Male,Home,Lamp,114,Winter,Card,3.3,2,1
1559,42,Male,Sports,Football,216,Winter,Card,4.5,13,4
1560,35,Female,Accessories,Wallet,158,Spring,Card,3.8,14,2
1561,61,Female,Womens Clothing,Skirt,145,Spring,Card,5,16,8
1562,27,Male,Sports,Yoga Mat,123,Winter,Card,5,12,6
1563,56,Male,Sports,Dumbbells,175,Autumn,Card,3.1,22,6
1564,54,Male,Footwear,Sandals,80,Autumn,Cash on Delivery,3.8,14,2
1565,46,Female,Home,Curtains,196,Autumn,Card,4.6,12,1
1566,55,Female,Beauty,Makeup Set,127,Spring,Card,4.1,15,5
1567,30,Female,Beauty,Perfume,70,Winter,Cash on Delivery,2.8,18,4
1568,27,Male,Sports,Yoga Mat,210,Autumn,Card,3.9,16,3
1569,56,Male,Sports,Yoga Mat,220,Winter,Card,3.9,6,3
1570,42,Female,Footwear,Sandals,75,Summer,Cash on Delivery,2.2,6,3
1571,34,Female,Beauty,Makeup Set,103,Summer,Card,4,10,5
1572,21,Female,Beauty,Skincare Kit,139,Winter,Card,4.5,16,3
1573,49,Male,Sports,Yoga Mat,165,Summer,Card,3.5,26,8
1574,25,Male,Sports,Yoga Mat,182,Winter,Card,3.9,8,4
1575,50,Male,Footwear,Sandals,180,Spring,Card,3.9,2,1
1576,45,Female,Accessories,Sunglasses,160,Spring,Card,3.7,10,5
1577,36,Female,Womens Clothing,Top,179,Spring,Card,3.7,16,3
1578,55,Female,Womens Clothing,Skirt,101,Autumn,Card,4.2,26,8
1579,67,Female,Sports,Yoga Mat,65,Winter,Card,3.8,17,6
1580,31,Male,Mens Clothing,Shirt,192,Summer,Card,3.7,13,4
1581,42,Female,Womens Clothing,Dress,153,Summer,Card,3.2,18,4
1582,37,Male,Sports,Yoga Mat,118,Winter,Card,2.8,22,6
1583,39,Female,Beauty,Makeup Set,100,Autumn,Card,4.3,10,5
1584,53,Female,Home,Kitchen Set,199,Spring,Card,3.8,15,5
1585,48,Male,Sports,Football,34,Autumn,Card,4.1,13,4
1586,30,Male,Footwear,Formal Shoes,106,Autumn,Card,4.4,13,4
1587,40,Female,Footwear,Formal Shoes,54,Autumn,Card,3.9,8,4
1588,52,Female,Groceries,Beverages,11,Winter,Cash on Delivery,4.1,8,4
1589,67,Female,Footwear,Formal Shoes,126,Summer,Card,3.8,22,6
1590,43,Male,Mens Clothing,T-Shirt,114,Summer,Card,3.9,13,4
1591,52,Male,Mens Clothing,Jeans,157,Summer,Card,4.7,16,3
1592,70,Female,Footwear,Formal Shoes,158,Autumn,Card,4,16,3
1593,46,Female,Womens Clothing,Top,53,Summer,Card,4,7,1
1594,63,Male,Sports,Football,38,Spring,Cash on Delivery,3.6,13,4
1595,60,Male,Electronics,Mobile Phone,1062,Summer,Card,4.9,10,5
1596,53,Male,Mens Clothing,Shirt,45,Summer,Card,3.9,26,8
1597,43,Female,Womens Clothing,Jeans,57,Spring,Card,3.9,26,8
1598,44,Female,Womens Clothing,Dress,35,Autumn,Cash on Delivery,1.6,22,11
1599,32,Male,Groceries,Rice Pack,12,Winter,Card,4.9,16,3
1600,53,Male,Electronics,Mobile Phone,930,Summer,Card,4.6,10,5
1601,24,Male,Electronics,Mobile Phone,2060,Winter,Card,3.4,18,4
1602,36,Male,Footwear,Sneakers,160,Autumn,Card,3.9,16,8
1603,57,Female,Accessories,Handbag,29,Winter,Card,3.8,10,5
1604,67,Male,Footwear,Formal Shoes,229,Summer,Card,4,13,4
1605,38,Male,Sports,Yoga Mat,164,Spring,Card,4,11,3
1606,48,Male,Sports,Football,150,Winter,Card,4.1,9,2
1607,47,Male,Mens Clothing,Jeans,33,Winter,Card,4.5,14,7
1608,60,Male,Sports,Yoga Mat,61,Spring,Card,3.9,22,6
1609,56,Female,Footwear,Sandals,140,Winter,Card,3.2,11,3
1610,60,Female,Accessories,Sunglasses,47,Winter,Card,2.3,15,5
1611,58,Female,Sports,Dumbbells,187,Winter,Card,3.7,19,7
1612,67,Female,Footwear,Sneakers,211,Spring,Card,3.8,9,2
1613,56,Female,Footwear,Sneakers,182,Spring,Card,4,2,1
1614,39,Female,Beauty,Perfume,97,Winter,Cash on Delivery,3.5,21,8
1615,53,Female,Beauty,Skincare Kit,105,Spring,Card,3.2,24,7
1616,50,Female,Beauty,Skincare Kit,141,Winter,Card,4.5,22,6
1617,38,Female,Beauty,Perfume,49,Summer,Cash on Delivery,4.6,20,5
1618,20,Female,Footwear,Sneakers,43,Autumn,Cash on Delivery,2.7,11,3
1619,55,Male,Mens Clothing,Jacket,168,Winter,Card,3.4,8,4
1620,33,Male,Sports,Dumbbells,175,Summer,Card,3.2,11,3
1621,68,Female,Beauty,Skincare Kit,77,Autumn,Cash on Delivery,3.2,15,5
1622,41,Female,Beauty,Skincare Kit,106,Winter,Card,2.3,20,5
1623,54,Male,Electronics,Mobile Phone,2165,Spring,Card,3.9,10,5
1624,31,Female,Beauty,Skincare Kit,61,Summer,Card,3.4,17,6
1625,31,Male,Electronics,Headphones,1128,Summer,Card,3.2,10,5
1626,47,Male,Electronics,Mobile Phone,696,Autumn,Card,3.7,15,5
1627,55,Male,Footwear,Formal Shoes,213,Winter,Card,3.4,12,6
1628,56,Female,Footwear,Sneakers,213,Winter,Card,2.9,4,2
1629,57,Female,Groceries,Rice Pack,31,Summer,Card,4.4,14,7
1630,54,Female,Footwear,Formal Shoes,147,Summer,Card,3.7,28,9
1631,44,Female,Groceries,Snacks,14,Spring,Cash on Delivery,2.5,14,7
1632,44,Male,Sports,Football,87,Autumn,Cash on Delivery,3.4,4,2
1633,23,Female,Groceries,Rice Pack,78,Winter,Card,3.7,14,7
1634,64,Female,Groceries,Cooking Oil,40,Spring,Cash on Delivery,4.5,11,3
1635,39,Male,Home,Curtains,199,Summer,Card,3.7,19,7
1636,40,Female,Sports,Dumbbells,205,Winter,Card,3,16,3
1637,21,Female,Footwear,Sandals,121,Summer,Card,5,22,6
1638,28,Female,Accessories,Sunglasses,63,Summer,Cash on Delivery,4.9,23,9
1639,34,Male,Electronics,Headphones,1459,Spring,Card,3.8,15,5
1640,47,Female,Womens Clothing,Jeans,116,Winter,Card,4,24,12
1641,30,Female,Accessories,Sunglasses,46,Winter,Cash on Delivery,3.8,14,2
1642,53,Male,Electronics,Headphones,2249,Spring,Card,3.6,14,2
1643,33,Female,Footwear,Sandals,168,Winter,Card,3.1,18,9
1644,28,Male,Sports,Dumbbells,38,Spring,Card,3.7,17,6
1645,58,Male,Sports,Dumbbells,137,Winter,Card,4.4,13,4
1646,59,Male,Footwear,Sneakers,116,Winter,Card,2.5,13,4
1647,54,Male,Footwear,Sneakers,190,Summer,Card,4.4,14,7
1648,67,Female,Beauty,Perfume,58,Winter,Card,3.4,18,4
1649,32,Male,Electronics,Smart Watch,1801,Summer,Card,3.6,10,5
1650,23,Male,Groceries,Beverages,8,Autumn,Card,4.1,25,10
1651,56,Female,Accessories,Sunglasses,83,Summer,Card,3.8,13,4
1652,65,Male,Home,Kitchen Set,174,Autumn,Card,5,22,6
1653,47,Female,Womens Clothing,Jeans,146,Spring,Card,3,8,4
1654,22,Female,Womens Clothing,Jeans,79,Winter,Cash on Delivery,3.5,24,7
1655,38,Female,Womens Clothing,Dress,140,Winter,Card,3.8,11,3
1656,48,Male,Electronics,Mobile Phone,533,Summer,Card,3,6,3
1657,26,Male,Sports,Dumbbells,168,Winter,Card,3.7,22,11
1658,65,Female,Womens Clothing,Dress,94,Winter,Cash on Delivery,4.3,16,3
1659,68,Male,Mens Clothing,Shirt,162,Summer,Card,4.4,17,6
1660,58,Male,Mens Clothing,T-Shirt,62,Spring,Card,3.9,13,4
1661,48,Female,Beauty,Makeup Set,134,Winter,Card,3.9,18,4
1662,37,Male,Footwear,Sneakers,201,Spring,Card,2.8,16,3
1663,31,Female,Beauty,Skincare Kit,138,Winter,Card,3.8,10,5
1664,62,Female,Footwear,Formal Shoes,51,Winter,Cash on Delivery,3.1,21,8
1665,56,Male,Sports,Football,211,Autumn,Card,1.3,5,0
1666,28,Female,Womens Clothing,Dress,40,Autumn,Card,3.5,20,5
1667,27,Male,Groceries,Cooking Oil,20,Summer,Card,4.1,9,2
1668,61,Male,Sports,Yoga Mat,135,Autumn,Card,3,14,7
1669,23,Female,Accessories,Wallet,101,Winter,Card,3.6,28,9
1670,60,Female,Sports,Yoga Mat,164,Spring,Card,3.1,15,5
1671,54,Male,Footwear,Sneakers,139,Summer,Card,3.7,15,5
1672,37,Male,Mens Clothing,T-Shirt,169,Autumn,Card,4.6,15,5
1673,60,Female,Womens Clothing,Skirt,177,Autumn,Card,3.8,9,2
1674,42,Male,Footwear,Sneakers,58,Summer,Card,3.9,13,4
1675,27,Male,Home,Lamp,184,Winter,Card,4.2,23,9
1676,54,Female,Footwear,Formal Shoes,181,Autumn,Card,3.9,15,5
1677,56,Male,Mens Clothing,Jeans,136,Winter,Card,3.6,22,6
1678,44,Female,Womens Clothing,Dress,184,Autumn,Card,3.1,16,8
1679,32,Female,Footwear,Sneakers,188,Winter,Card,2.7,6,3
1680,60,Female,Footwear,Sneakers,82,Winter,Cash on Delivery,4.5,14,7
1681,55,Female,Footwear,Sneakers,135,Winter,Card,4.1,11,3
1682,60,Female,Footwear,Sneakers,77,Winter,Card,3.3,17,6
1683,54,Female,Beauty,Perfume,55,Winter,Cash on Delivery,4.5,10,5
1684,39,Male,Mens Clothing,Jeans,48,Spring,Cash on Delivery,2.1,6,3
1685,20,Male,Footwear,Sneakers,53,Summer,Card,3,23,9
1686,31,Female,Groceries,Rice Pack,79,Winter,Cash on Delivery,4.8,14,2
1687,45,Female,Beauty,Perfume,53,Winter,Card,4.6,24,7
1688,38,Male,Electronics,Smart Watch,2403,Summer,Card,4.9,8,4
1689,61,Female,Accessories,Sunglasses,117,Summer,Card,3.4,15,5
1690,51,Male,Footwear,Sneakers,95,Summer,Card,3.6,13,4
1691,54,Female,Footwear,Sandals,122,Autumn,Card,4.1,24,7
1692,49,Male,Groceries,Beverages,72,Autumn,Cash on Delivery,3.8,16,3
1693,69,Female,Accessories,Wallet,167,Summer,Card,4.1,8,4
1694,46,Female,Beauty,Skincare Kit,75,Autumn,Cash on Delivery,4.1,10,5
1695,48,Male,Footwear,Sneakers,78,Spring,Card,3.9,17,6
1696,58,Male,Sports,Yoga Mat,65,Winter,Card,4.6,12,6
1697,47,Female,Footwear,Sandals,133,Spring,Card,4.1,6,3
1698,33,Male,Electronics,Smart Watch,2291,Summer,Card,4.2,12,1
1699,34,Female,Beauty,Skincare Kit,32,Autumn,Card,5,19,7
1700,43,Male,Mens Clothing,Shirt,184,Spring,Card,4.6,22,6
1701,58,Male,Footwear,Formal Shoes,135,Spring,Card,4.9,30,10
1702,58,Female,Footwear,Sneakers,101,Autumn,Card,3.9,26,8
1703,41,Female,Womens Clothing,Dress,162,Winter,Card,4,4,2
1704,70,Female,Footwear,Sneakers,208,Spring,Card,4.1,13,4
1705,35,Female,Accessories,Sunglasses,63,Winter,Card,2.2,10,5
1706,63,Female,Footwear,Sneakers,140,Spring,Card,4.3,12,6
1707,38,Male,Electronics,Laptop,2428,Winter,Card,4.4,22,6
1708,44,Female,Beauty,Skincare Kit,96,Winter,Card,3.3,20,5
1709,67,Female,Footwear,Formal Shoes,162,Autumn,Card,3.6,18,4
1710,55,Male,Mens Clothing,T-Shirt,71,Summer,Cash on Delivery,4.7,26,8
1711,29,Male,Footwear,Sneakers,208,Autumn,Card,3.3,13,4
1712,43,Male,Mens Clothing,T-Shirt,134,Spring,Card,3.6,12,6
1713,68,Female,Womens Clothing,Dress,65,Winter,Cash on Delivery,3.6,4,2
1714,42,Female,Groceries,Cooking Oil,33,Autumn,Cash on Delivery,4.2,16,3
1715,66,Male,Sports,Yoga Mat,53,Winter,Card,5,13,4
1716,40,Male,Groceries,Beverages,34,Spring,Card,3.3,17,6
1717,46,Male,Electronics,Laptop,887,Autumn,Card,3.8,18,4
1718,40,Male,Sports,Football,226,Winter,Card,5,17,6
1719,63,Male,Groceries,Snacks,25,Winter,Cash on Delivery,4,13,4
1720,43,Female,Beauty,Makeup Set,75,Winter,Card,4.5,14,7
1721,60,Female,Sports,Yoga Mat,155,Summer,Card,2.8,15,5
1722,66,Female,Womens Clothing,Skirt,182,Spring,Card,3.5,14,7
1723,28,Female,Beauty,Perfume,103,Autumn,Card,3.6,22,6
1724,68,Female,Footwear,Sandals,246,Winter,Card,4.7,17,6
1725,48,Male,Mens Clothing,Shirt,92,Autumn,Cash on Delivery,4.2,21,8
1726,21,Female,Beauty,Makeup Set,35,Autumn,Card,4.1,16,3
1727,22,Male,Electronics,Laptop,2922,Spring,Card,4.4,11,3
1728,20,Female,Accessories,Handbag,142,Winter,Card,3.4,11,3
1729,64,Female,Accessories,Wallet,95,Spring,Card,4.6,24,7
1730,43,Female,Accessories,Wallet,27,Summer,Cash on Delivery,3.8,22,6
1731,41,Female,Footwear,Sneakers,233,Winter,Card,4.3,20,5
1732,37,Male,Mens Clothing,Jacket,145,Winter,Card,5,10,5
1733,37,Male,Sports,Football,39,Summer,Cash on Delivery,3.8,22,6
1734,52,Male,Mens Clothing,Jacket,166,Spring,Card,4.2,8,4
1735,29,Male,Sports,Yoga Mat,89,Spring,Card,4.8,15,5
1736,61,Female,Womens Clothing,Skirt,55,Winter,Cash on Delivery,3.9,13,4
1737,27,Male,Electronics,Laptop,2195,Autumn,Card,4.2,24,7
1738,69,Female,Womens Clothing,Top,149,Autumn,Card,4.1,10,5
1739,53,Male,Mens Clothing,Jacket,181,Autumn,Card,4,20,5
1740,42,Male,Sports,Yoga Mat,66,Summer,Cash on Delivery,4,8,4
1741,40,Female,Beauty,Perfume,61,Winter,Card,4.5,15,5
1742,45,Female,Womens Clothing,Top,88,Autumn,Cash on Delivery,4.7,21,8
1743,37,Male,Sports,Yoga Mat,224,Autumn,Card,3.7,15,5
1744,27,Female,Accessories,Sunglasses,114,Spring,Card,4.5,8,4
1745,51,Male,Groceries,Rice Pack,47,Winter,Card,5,32,11
1746,60,Male,Electronics,Smart Watch,2141,Spring,Card,3.7,14,7
1747,39,Female,Beauty,Makeup Set,115,Autumn,Card,2.6,7,1
1748,38,Male,Electronics,Smart Watch,1304,Winter,Card,3.5,12,6
1749,58,Male,Mens Clothing,Jacket,100,Spring,Cash on Delivery,4.2,12,6
1750,24,Male,Electronics,Headphones,1954,Autumn,Card,4.9,16,8
1751,22,Male,Mens Clothing,T-Shirt,143,Winter,Card,3.8,13,4
1752,56,Female,Accessories,Sunglasses,48,Autumn,Card,3.4,17,6
1753,68,Male,Electronics,Laptop,567,Summer,Card,3.2,11,3
1754,70,Female,Groceries,Cooking Oil,39,Spring,Card,3.1,26,8
1755,22,Male,Mens Clothing,Shirt,99,Summer,Card,4,12,6
1756,69,Female,Beauty,Makeup Set,109,Summer,Card,4.4,24,7
1757,66,Male,Groceries,Beverages,55,Spring,Card,3.7,10,5
1758,43,Female,Sports,Football,80,Autumn,Card,4.7,11,3
1759,63,Male,Sports,Yoga Mat,202,Summer,Card,3.7,16,3
1760,23,Male,Mens Clothing,Shirt,118,Winter,Card,3.1,24,7
1761,44,Male,Mens Clothing,Shirt,195,Spring,Card,4.2,22,6
1762,68,Female,Beauty,Makeup Set,108,Spring,Card,4,17,6
1763,34,Male,Sports,Dumbbells,184,Autumn,Card,5,11,3
1764,35,Female,Beauty,Makeup Set,122,Spring,Card,3.4,22,6
1765,51,Male,Sports,Football,218,Summer,Card,3,20,5
1766,62,Female,Accessories,Handbag,91,Winter,Card,3.6,11,3
1767,44,Male,Electronics,Laptop,2618,Autumn,Card,3.7,12,6
1768,29,Male,Sports,Football,166,Spring,Card,3.2,19,7
1769,67,Female,Beauty,Skincare Kit,121,Autumn,Card,3.4,13,4
1770,55,Female,Footwear,Formal Shoes,214,Winter,Card,3.1,14,7
1771,55,Male,Electronics,Mobile Phone,2217,Winter,Card,4.2,21,8
1772,45,Female,Footwear,Sandals,102,Winter,Card,3.5,12,1
1773,58,Female,Footwear,Sandals,90,Winter,Cash on Delivery,4.3,15,5
1774,25,Female,Beauty,Makeup Set,53,Summer,Card,2.9,8,4
1775,31,Female,Groceries,Rice Pack,55,Autumn,Cash on Delivery,3.8,24,7
1776,43,Female,Footwear,Sneakers,117,Summer,Card,3.1,14,7
1777,63,Male,Footwear,Sneakers,92,Spring,Cash on Delivery,4.3,13,4
1778,40,Female,Groceries,Cooking Oil,25,Summer,Card,3.4,17,6
1779,25,Male,Sports,Dumbbells,204,Summer,Card,3.9,4,2
1780,24,Female,Groceries,Rice Pack,68,Autumn,Card,3.7,15,5
1781,57,Female,Footwear,Formal Shoes,66,Summer,Cash on Delivery,4.2,16,8
1782,57,Male,Footwear,Formal Shoes,91,Autumn,Card,3,16,8
1783,23,Male,Electronics,Headphones,2369,Summer,Card,4.1,0,0
1784,63,Female,Beauty,Skincare Kit,131,Autumn,Card,4.1,11,3
1785,34,Male,Sports,Dumbbells,153,Summer,Card,3.7,8,4
1786,64,Female,Sports,Dumbbells,224,Spring,Card,3.4,11,3
1787,52,Male,Mens Clothing,T-Shirt,32,Spring,Cash on Delivery,3.7,18,4
1788,31,Female,Beauty,Makeup Set,123,Summer,Card,3.2,9,2
1789,56,Female,Accessories,Sunglasses,61,Summer,Card,4.1,14,7
1790,64,Male,Groceries,Cooking Oil,41,Autumn,Card,3.5,13,4
1791,67,Male,Sports,Football,226,Autumn,Card,3,16,3
1792,48,Male,Footwear,Formal Shoes,95,Winter,Cash on Delivery,3.4,26,8
1793,41,Female,Beauty,Makeup Set,131,Autumn,Card,4.3,10,5
1794,62,Male,Sports,Yoga Mat,176,Winter,Card,4.1,4,2
1795,24,Male,Footwear,Formal Shoes,104,Winter,Card,4.8,15,5
1796,22,Male,Mens Clothing,Shirt,48,Spring,Card,3.8,17,6
1797,68,Male,Sports,Yoga Mat,57,Spring,Card,3.7,0,0
1798,70,Male,Sports,Football,55,Winter,Card,3.5,6,3
1799,22,Male,Mens Clothing,T-Shirt,67,Spring,Cash on Delivery,3.7,6,3
1800,52,Male,Footwear,Sneakers,242,Spring,Card,3.4,22,6
1801,28,Female,Home,Kitchen Set,117,Spring,Card,3.2,13,4
1802,33,Male,Home,Curtains,155,Autumn,Card,3.5,18,9
1803,23,Male,Footwear,Sneakers,168,Summer,Card,3.8,20,5
1804,60,Male,Sports,Dumbbells,203,Summer,Card,3,12,1
1805,66,Female,Home,Curtains,194,Spring,Card,4.7,23,9
1806,59,Female,Beauty,Perfume,91,Autumn,Card,4.7,12,6
1807,53,Female,Footwear,Formal Shoes,244,Winter,Card,5,20,5
1808,30,Male,Groceries,Rice Pack,39,Autumn,Cash on Delivery,4.1,13,4
1809,32,Female,Beauty,Skincare Kit,105,Spring,Card,4,22,6
1810,38,Male,Sports,Football,140,Winter,Card,3.7,18,4
1811,45,Female,Womens Clothing,Jeans,51,Autumn,Cash on Delivery,5,16,8
1812,53,Female,Groceries,Cooking Oil,41,Autumn,Card,3.9,12,1
1813,62,Male,Mens Clothing,Shirt,88,Summer,Card,3.1,28,9
1814,26,Male,Mens Clothing,Shirt,149,Winter,Card,3.9,25,10
1815,28,Male,Footwear,Sandals,161,Spring,Card,3.2,18,4
1816,49,Female,Beauty,Makeup Set,38,Summer,Cash on Delivery,4.5,6,3
1817,60,Male,Sports,Yoga Mat,127,Autumn,Card,5,22,6
1818,36,Male,Footwear,Sandals,230,Summer,Card,4.8,8,4
1819,57,Female,Accessories,Wallet,180,Summer,Card,2.4,13,4
1820,21,Male,Footwear,Sneakers,232,Winter,Card,4.7,26,8
1821,55,Female,Footwear,Formal Shoes,109,Summer,Card,4,12,1
1822,39,Male,Footwear,Sandals,41,Autumn,Card,3.9,24,12
1823,35,Female,Beauty,Makeup Set,72,Autumn,Card,4.2,18,9
1824,54,Male,Mens Clothing,Jeans,78,Spring,Card,2.7,15,5
1825,34,Female,Beauty,Perfume,64,Spring,Cash on Delivery,2.5,13,4
1826,61,Male,Groceries,Beverages,76,Autumn,Card,4,10,5
1827,42,Female,Accessories,Sunglasses,38,Autumn,Card,3.2,26,8
1828,28,Female,Accessories,Handbag,120,Winter,Card,3.5,13,4
1829,30,Male,Groceries,Snacks,39,Spring,Card,3.6,6,3
1830,32,Female,Sports,Dumbbells,141,Winter,Card,3,12,6
1831,63,Female,Sports,Dumbbells,230,Autumn,Card,4.4,17,6
1832,27,Female,Home,Lamp,191,Spring,Card,4.5,6,3
1833,37,Male,Sports,Football,166,Autumn,Card,3.5,6,3
1834,54,Male,Electronics,Mobile Phone,2817,Winter,Card,4,18,4
1835,34,Male,Footwear,Formal Shoes,243,Winter,Card,3.5,11,3
1836,56,Male,Electronics,Smart Watch,1574,Spring,Card,3.3,13,4
1837,28,Female,Accessories,Handbag,143,Summer,Card,4.7,20,10
1838,26,Male,Sports,Football,138,Autumn,Card,4,15,5
1839,64,Female,Womens Clothing,Top,82,Winter,Card,4.4,9,2
1840,64,Female,Accessories,Wallet,138,Winter,Card,2.9,24,7
1841,64,Female,Accessories,Sunglasses,70,Winter,Cash on Delivery,3.2,23,9
1842,40,Male,Mens Clothing,Jacket,119,Summer,Card,4,24,7
1843,28,Male,Sports,Dumbbells,198,Winter,Card,4.1,22,6
1844,63,Female,Footwear,Sandals,184,Autumn,Card,4.7,22,6
1845,54,Male,Electronics,Mobile Phone,1324,Summer,Card,3.5,18,4
1846,57,Male,Footwear,Sandals,192,Autumn,Card,3.8,8,4
1847,34,Male,Sports,Dumbbells,112,Spring,Card,4.6,12,1
1848,52,Male,Sports,Football,106,Summer,Card,3.2,17,6
1849,44,Female,Beauty,Perfume,57,Summer,Cash on Delivery,3.3,10,5
1850,43,Female,Beauty,Makeup Set,146,Winter,Card,3.1,18,4
1851,63,Female,Accessories,Wallet,137,Winter,Card,4.4,6,3
1852,37,Male,Mens Clothing,Jeans,80,Autumn,Cash on Delivery,4.3,4,2
1853,48,Female,Beauty,Makeup Set,29,Winter,Card,4.9,18,4
1854,47,Male,Mens Clothing,Jacket,111,Spring,Card,3.9,10,5
1855,60,Female,Accessories,Sunglasses,88,Autumn,Card,2.9,14,7
1856,25,Female,Accessories,Wallet,155,Autumn,Card,4.4,13,4
1857,20,Male,Footwear,Sneakers,126,Autumn,Card,4.1,20,5
1858,29,Female,Groceries,Rice Pack,79,Autumn,Cash on Delivery,3.5,18,4
1859,49,Female,Groceries,Snacks,21,Autumn,Cash on Delivery,4.6,13,4
1860,70,Female,Footwear,Sneakers,181,Winter,Card,3.1,14,2
1861,23,Female,Sports,Yoga Mat,240,Winter,Card,2.3,18,4
1862,34,Male,Mens Clothing,Jeans,76,Summer,Cash on Delivery,4,6,3
1863,68,Male,Footwear,Sandals,53,Spring,Card,3.8,22,6
1864,51,Female,Beauty,Skincare Kit,102,Spring,Card,3.7,9,2
1865,49,Male,Footwear,Sandals,123,Winter,Card,4.2,13,4
1866,46,Male,Electronics,Laptop,2821,Summer,Card,4.6,13,4
1867,46,Male,Mens Clothing,Jacket,124,Summer,Card,3.8,5,0
1868,49,Male,Mens Clothing,Jacket,68,Summer,Cash on Delivery,3.9,24,7
1869,56,Male,Mens Clothing,Jacket,50,Spring,Card,4.2,18,4
1870,65,Male,Mens Clothing,T-Shirt,175,Winter,Card,2.4,2,1
1871,44,Female,Womens Clothing,Top,119,Spring,Card,3.8,15,5
1872,43,Male,Sports,Football,188,Spring,Card,3.7,22,6
1873,58,Male,Footwear,Sneakers,75,Spring,Card,4.3,10,5
1874,27,Female,Sports,Football,122,Autumn,Card,5,15,5
1875,67,Female,Womens Clothing,Jeans,48,Summer,Cash on Delivery,3.5,12,6
1876,57,Female,Groceries,Beverages,76,Summer,Cash on Delivery,3.8,22,6
1877,37,Male,Home,Kitchen Set,290,Spring,Card,5,24,7
1878,59,Male,Sports,Dumbbells,241,Summer,Card,5,19,7
1879,51,Female,Beauty,Perfume,138,Winter,Card,3.5,15,5
1880,30,Female,Accessories,Sunglasses,46,Autumn,Cash on Delivery,3.7,14,2
1881,61,Male,Groceries,Rice Pack,62,Summer,Card,2.9,12,6
1882,24,Male,Footwear,Formal Shoes,224,Spring,Card,5,5,0
1883,46,Female,Groceries,Beverages,61,Spring,Cash on Delivery,3.2,15,5
1884,24,Male,Mens Clothing,Shirt,56,Spring,Card,4,12,6
1885,23,Male,Electronics,Smart Watch,590,Spring,Card,4.3,6,3
1886,23,Female,Sports,Yoga Mat,193,Autumn,Card,3.3,17,6
1887,24,Female,Womens Clothing,Top,165,Winter,Card,3.9,15,5
1888,38,Male,Mens Clothing,Shirt,81,Summer,Card,3.6,19,7
1889,26,Female,Beauty,Perfume,121,Spring,Card,5,16,8
1890,42,Male,Sports,Yoga Mat,41,Spring,Card,3.1,28,9
1891,50,Male,Home,Lamp,45,Spring,Cash on Delivery,4.1,9,2
1892,42,Female,Accessories,Handbag,51,Autumn,Card,4.2,4,2
1893,22,Female,Womens Clothing,Top,109,Spring,Card,4.3,16,3
1894,40,Female,Womens Clothing,Top,55,Winter,Cash on Delivery,4,18,4
1895,52,Male,Footwear,Sandals,182,Winter,Card,4.3,24,7
1896,55,Female,Accessories,Handbag,89,Winter,Cash on Delivery,2.6,12,1
1897,34,Female,Accessories,Sunglasses,179,Winter,Card,4.2,13,4
1898,28,Male,Mens Clothing,T-Shirt,148,Autumn,Card,3.5,24,7
1899,63,Female,Womens Clothing,Jeans,90,Summer,Card,4,19,7
1900,43,Female,Home,Kitchen Set,262,Winter,Card,4.2,24,7
1901,35,Male,Electronics,Smart Watch,2479,Summer,Card,3.9,24,7
1902,36,Male,Sports,Dumbbells,159,Spring,Card,2.4,12,6
1903,48,Male,Sports,Football,145,Winter,Card,3.7,12,6
1904,34,Male,Electronics,Headphones,1676,Autumn,Card,3.6,24,7
1905,47,Female,Footwear,Sandals,65,Summer,Cash on Delivery,4.3,4,2
1906,48,Female,Womens Clothing,Top,118,Spring,Card,4,24,7
1907,50,Female,Accessories,Wallet,150,Summer,Card,4.2,11,3
1908,25,Male,Footwear,Sneakers,121,Winter,Card,4,11,3
1909,67,Male,Groceries,Rice Pack,26,Winter,Cash on Delivery,3.5,17,6
1910,65,Female,Groceries,Rice Pack,25,Autumn,Cash on Delivery,3.4,21,8
1911,33,Female,Sports,Football,54,Autumn,Cash on Delivery,3.6,20,10
1912,37,Male,Footwear,Sneakers,165,Winter,Card,2.5,16,3
1913,24,Male,Mens Clothing,Jeans,109,Summer,Card,3.9,22,11
1914,40,Female,Womens Clothing,Dress,97,Spring,Cash on Delivery,3.5,17,6
1915,69,Female,Sports,Dumbbells,244,Autumn,Card,4,16,3
1916,68,Male,Sports,Yoga Mat,242,Summer,Card,3.7,10,5
1917,38,Female,Sports,Football,77,Autumn,Card,4.3,10,5
1918,49,Female,Beauty,Makeup Set,107,Winter,Card,3.1,16,8
1919,50,Male,Mens Clothing,Shirt,109,Spring,Card,4.3,12,6
1920,62,Female,Womens Clothing,Skirt,136,Summer,Card,4.1,15,5
1921,34,Female,Footwear,Sneakers,219,Autumn,Card,2.8,20,5
1922,24,Male,Home,Curtains,265,Winter,Card,2.4,24,7
1923,68,Female,Beauty,Makeup Set,66,Autumn,Cash on Delivery,5,9,2
1924,28,Male,Sports,Dumbbells,168,Autumn,Card,4.4,13,4
1925,25,Female,Womens Clothing,Dress,198,Summer,Card,5,13,4
1926,66,Male,Sports,Football,69,Autumn,Card,3.8,6,3
1927,63,Female,Footwear,Sandals,177,Winter,Card,2.5,16,3
1928,57,Female,Beauty,Makeup Set,31,Spring,Card,3.2,22,6
1929,62,Male,Sports,Dumbbells,55,Winter,Card,4.2,13,4
1930,59,Female,Sports,Football,151,Spring,Card,3.5,15,5
1931,59,Female,Womens Clothing,Skirt,43,Autumn,Card,3.5,18,4
1932,64,Female,Beauty,Perfume,84,Summer,Card,2.9,12,6
1933,56,Female,Beauty,Perfume,54,Spring,Cash on Delivery,2.4,16,3
1934,42,Male,Footwear,Sneakers,158,Autumn,Card,4.4,10,5
1935,61,Female,Footwear,Sneakers,232,Spring,Card,2.7,4,2
1936,36,Male,Sports,Dumbbells,229,Summer,Card,4.1,13,4
1937,69,Male,Sports,Football,56,Summer,Cash on Delivery,2.7,22,6
1938,32,Female,Home,Curtains,175,Spring,Card,3.6,20,10
1939,58,Female,Sports,Yoga Mat,195,Winter,Card,3.1,13,4
1940,52,Female,Home,Curtains,182,Spring,Card,3.8,12,6
1941,64,Female,Footwear,Sneakers,107,Winter,Card,4.4,11,3
1942,42,Female,Accessories,Wallet,50,Autumn,Card,4.3,11,3
1943,65,Male,Sports,Football,54,Winter,Cash on Delivery,3.8,9,2
1944,48,Male,Footwear,Sneakers,63,Autumn,Card,4.2,22,6
1945,66,Male,Electronics,Laptop,1918,Autumn,Card,3.3,8,4
1946,50,Male,Mens Clothing,Shirt,132,Spring,Card,3.7,18,4
1947,35,Female,Womens Clothing,Top,84,Summer,Cash on Delivery,5,8,4
1948,42,Female,Beauty,Skincare Kit,114,Spring,Card,5,12,6
1949,30,Female,Home,Kitchen Set,39,Spring,Cash on Delivery,3.3,22,6
1950,42,Female,Footwear,Sandals,121,Spring,Card,2.8,16,8
1951,51,Female,Groceries,Snacks,46,Autumn,Card,3.6,8,4
1952,38,Male,Mens Clothing,Jeans,38,Spring,Card,3.6,17,6
1953,46,Male,Sports,Yoga Mat,99,Winter,Card,4.7,8,4
1954,55,Male,Footwear,Formal Shoes,194,Spring,Card,3.5,8,4
1955,61,Female,Beauty,Skincare Kit,72,Winter,Cash on Delivery,4,18,4
1956,65,Female,Footwear,Sneakers,120,Winter,Card,3.5,6,3
1957,66,Female,Footwear,Sneakers,243,Summer,Card,5,14,7
1958,51,Female,Womens Clothing,Dress,78,Autumn,Cash on Delivery,4.1,13,4
1959,52,Male,Sports,Football,83,Summer,Card,4.2,24,7
1960,56,Female,Home,Curtains,221,Spring,Card,3.1,18,4
1961,61,Male,Sports,Football,94,Winter,Cash on Delivery,3.6,2,1
1962,55,Male,Footwear,Sneakers,238,Spring,Card,3.4,24,7
1963,43,Female,Home,Lamp,210,Spring,Card,2.5,16,3
1964,67,Male,Footwear,Sandals,209,Winter,Card,4.4,25,10
1965,23,Male,Footwear,Sandals,79,Summer,Cash on Delivery,5,11,3
1966,54,Female,Womens Clothing,Skirt,86,Spring,Cash on Delivery,3.2,18,9
1967,37,Female,Womens Clothing,Dress,119,Summer,Card,4.6,9,2
1968,44,Male,Electronics,Laptop,1102,Spring,Card,3.9,30,10
1969,54,Female,Womens Clothing,Jeans,130,Spring,Card,2.8,17,6
1970,39,Male,Sports,Dumbbells,26,Autumn,Cash on Delivery,3,22,6
1971,41,Male,Sports,Football,230,Summer,Card,4.2,10,5
1972,48,Female,Womens Clothing,Jeans,145,Summer,Card,4.2,10,5
1973,39,Female,Womens Clothing,Dress,189,Winter,Card,3.4,20,5
1974,44,Male,Footwear,Sandals,108,Winter,Card,3.5,4,2
1975,60,Female,Footwear,Sandals,50,Spring,Cash on Delivery,3.2,12,6
1976,57,Female,Womens Clothing,Dress,34,Summer,Card,1.7,11,3
1977,48,Male,Mens Clothing,Jacket,176,Autumn,Card,4.3,2,1
1978,38,Female,Footwear,Sandals,178,Winter,Card,4.7,11,3
1979,66,Female,Womens Clothing,Jeans,49,Spring,Card,4.3,24,7
1980,70,Female,Womens Clothing,Dress,139,Summer,Card,4.3,19,7
1981,24,Male,Mens Clothing,T-Shirt,197,Summer,Card,3.2,8,4
1982,41,Female,Beauty,Perfume,27,Winter,Card,3.5,9,2
1983,63,Male,Sports,Yoga Mat,162,Spring,Card,5,21,8
1984,40,Female,Womens Clothing,Top,172,Autumn,Card,2.9,18,4
1985,52,Male,Sports,Dumbbells,47,Winter,Card,3.7,22,6
1986,38,Male,Sports,Football,62,Autumn,Card,2.9,28,9
1987,25,Male,Mens Clothing,Jacket,112,Autumn,Card,4.3,21,8
1988,56,Male,Electronics,Laptop,1617,Summer,Card,4.2,16,3
1989,48,Male,Sports,Yoga Mat,218,Summer,Card,4.5,22,6
1990,64,Male,Sports,Yoga Mat,163,Spring,Card,4.9,18,4
1991,22,Male,Mens Clothing,Jacket,65,Summer,Card,3.9,16,3
1992,36,Male,Footwear,Formal Shoes,138,Summer,Card,3.2,20,5
1993,45,Female,Sports,Football,185,Spring,Card,4.2,8,4
1994,33,Female,Womens Clothing,Top,109,Spring,Card,3.8,12,6
1995,59,Female,Womens Clothing,Jeans,148,Winter,Card,5,17,6
1996,49,Male,Mens Clothing,Shirt,176,Summer,Card,3.2,18,4
1997,36,Male,Electronics,Mobile Phone,1271,Spring,Card,5,12,6
1998,59,Male,Sports,Football,158,Summer,Card,4.1,21,8
1999,47,Male,Sports,Football,26,Winter,Cash on Delivery,3.5,24,7
2000,45,Female,Footwear,Formal Shoes,219,Spring,Card,3.9,25,10
2001,44,Male,Sports,Yoga Mat,217,Spring,Card,3.4,2,1
2002,58,Male,Sports,Yoga Mat,155,Winter,Card,3.5,21,8
2003,65,Male,Footwear,Sandals,179,Winter,Card,3.1,16,3
2004,50,Male,Mens Clothing,T-Shirt,156,Winter,Card,3.1,9,2
2005,32,Female,Groceries,Cooking Oil,31,Spring,Card,3.4,14,2
2006,33,Female,Groceries,Beverages,33,Autumn,Card,4.2,8,4
2007,41,Female,Groceries,Snacks,14,Winter,Cash on Delivery,3.6,15,5
2008,60,Male,Sports,Football,165,Summer,Card,4.8,26,8
2009,54,Male,Sports,Dumbbells,156,Summer,Card,4.6,16,3
2010,34,Female,Womens Clothing,Skirt,153,Summer,Card,3.8,13,4
2011,46,Female,Footwear,Sandals,120,Autumn,Card,4.1,6,3
2012,38,Female,Womens Clothing,Top,163,Summer,Card,4.4,26,8
2013,51,Female,Beauty,Perfume,89,Spring,Card,3.6,10,5
2014,20,Female,Footwear,Sneakers,88,Winter,Cash on Delivery,3.4,17,6
2015,35,Male,Footwear,Sandals,199,Winter,Card,3.4,10,5
2016,57,Male,Home,Curtains,98,Winter,Cash on Delivery,4.1,12,6
2017,35,Male,Groceries,Cooking Oil,21,Summer,Cash on Delivery,3.7,8,4
2018,51,Female,Womens Clothing,Top,196,Autumn,Card,3.4,20,5
2019,45,Female,Beauty,Skincare Kit,90,Spring,Cash on Delivery,4.6,20,5
2020,48,Male,Footwear,Sneakers,66,Autumn,Card,3.4,20,5
2021,29,Male,Groceries,Cooking Oil,50,Autumn,Cash on Delivery,4.5,12,6
2022,58,Male,Groceries,Snacks,11,Autumn,Card,4.2,16,3
2023,22,Female,Groceries,Rice Pack,10,Summer,Cash on Delivery,4.4,18,4
2024,69,Female,Home,Kitchen Set,58,Autumn,Cash on Delivery,3.3,20,5
2025,50,Male,Footwear,Sneakers,88,Winter,Card,3,16,3
2026,58,Male,Electronics,Laptop,715,Autumn,Card,3.3,20,5
2027,30,Female,Accessories,Wallet,96,Winter,Cash on Delivery,4.7,29,12
2028,25,Female,Accessories,Wallet,153,Winter,Card,3.8,18,4
2029,51,Female,Accessories,Handbag,72,Spring,Cash on Delivery,5,11,3
2030,46,Female,Accessories,Wallet,68,Winter,Cash on Delivery,3.8,13,4
2031,54,Female,Home,Lamp,175,Summer,Card,4.2,11,3
2032,27,Male,Sports,Yoga Mat,97,Winter,Card,2.6,9,2
2033,63,Male,Mens Clothing,Shirt,68,Summer,Card,5,19,7
2034,66,Female,Footwear,Sandals,54,Autumn,Card,4.8,4,2
2035,70,Male,Electronics,Laptop,896,Summer,Card,4.4,15,5
2036,60,Female,Accessories,Wallet,129,Summer,Card,2.5,12,6
2037,57,Male,Groceries,Cooking Oil,74,Spring,Card,2.7,20,5
2038,47,Female,Groceries,Cooking Oil,29,Winter,Card,4.2,10,5
2039,60,Male,Mens Clothing,Jeans,97,Winter,Cash on Delivery,4.4,9,2
2040,59,Female,Footwear,Sneakers,146,Summer,Card,4,17,6
2041,54,Female,Home,Lamp,39,Autumn,Card,3.5,17,6
2042,49,Male,Sports,Yoga Mat,186,Winter,Card,4.3,18,4
2043,67,Male,Footwear,Sneakers,58,Summer,Card,4.9,15,5
2044,69,Male,Footwear,Sneakers,174,Summer,Card,3.6,21,8
2045,48,Male,Footwear,Sandals,250,Autumn,Card,4.5,9,2
2046,21,Male,Footwear,Sneakers,97,Autumn,Card,2.2,6,3
2047,33,Male,Sports,Football,81,Winter,Card,4.5,8,4
2048,37,Male,Mens Clothing,Shirt,50,Summer,Card,3,10,5
2049,24,Female,Beauty,Makeup Set,34,Autumn,Cash on Delivery,4.5,17,6
2050,34,Female,Beauty,Makeup Set,50,Summer,Card,3.7,19,7
2051,25,Female,Home,Curtains,219,Spring,Card,2.9,20,5
2052,69,Male,Footwear,Sneakers,145,Autumn,Card,3.7,13,4
2053,64,Female,Footwear,Sandals,195,Summer,Card,4.1,8,4
2054,65,Male,Footwear,Sneakers,230,Spring,Card,2.6,9,2
2055,45,Male,Footwear,Sandals,60,Spring,Card,2.8,19,7
2056,64,Male,Sports,Dumbbells,34,Winter,Card,4,16,8
2057,60,Male,Mens Clothing,Jacket,167,Winter,Card,3.9,18,4
2058,24,Female,Beauty,Makeup Set,116,Spring,Card,3.2,14,2
2059,54,Female,Footwear,Sandals,62,Summer,Cash on Delivery,3.2,18,4
2060,22,Female,Groceries,Cooking Oil,63,Spring,Card,4.3,13,4
2061,34,Female,Accessories,Wallet,33,Summer,Cash on Delivery,3.4,22,6
2062,51,Female,Home,Lamp,109,Spring,Card,2.8,12,6
2063,36,Male,Mens Clothing,T-Shirt,193,Summer,Card,3.3,20,5
2064,45,Male,Mens Clothing,Jacket,59,Summer,Cash on Delivery,3.9,14,7
2065,55,Female,Footwear,Formal Shoes,179,Autumn,Card,3.8,11,3
2066,29,Male,Electronics,Smart Watch,636,Summer,Card,3.7,12,6
2067,46,Female,Beauty,Skincare Kit,87,Spring,Cash on Delivery,2.6,13,4
2068,63,Male,Mens Clothing,Jeans,101,Winter,Card,3.7,24,7
2069,42,Male,Home,Kitchen Set,144,Summer,Card,3.8,14,7
2070,42,Male,Home,Kitchen Set,205,Spring,Card,4.2,20,5
2071,54,Female,Beauty,Skincare Kit,79,Spring,Card,4.6,13,4
2072,43,Male,Electronics,Mobile Phone,2250,Spring,Card,3.8,14,2
2073,47,Male,Home,Lamp,129,Summer,Card,4,19,7
2074,36,Male,Electronics,Headphones,2298,Autumn,Card,3.2,4,2
2075,23,Female,Home,Curtains,220,Spring,Card,3.7,11,3
2076,40,Female,Sports,Dumbbells,212,Spring,Card,2.5,17,6
2077,62,Female,Groceries,Snacks,65,Winter,Card,4.8,14,2
2078,21,Male,Electronics,Mobile Phone,855,Winter,Card,2.3,13,4
2079,60,Female,Accessories,Handbag,178,Spring,Card,5,32,11
2080,45,Female,Accessories,Wallet,145,Autumn,Card,3.1,17,6
2081,30,Male,Footwear,Formal Shoes,163,Spring,Card,3.7,10,5
2082,31,Male,Footwear,Sandals,89,Spring,Cash on Delivery,3,6,3
2083,37,Female,Beauty,Skincare Kit,138,Winter,Card,4.6,6,3
2084,62,Male,Sports,Yoga Mat,100,Spring,Card,4.8,27,11
2085,56,Female,Accessories,Sunglasses,63,Summer,Cash on Delivery,3.5,13,4
2086,21,Male,Sports,Football,245,Autumn,Card,4.7,15,5
2087,39,Female,Home,Kitchen Set,214,Spring,Card,4,24,7
2088,39,Female,Groceries,Rice Pack,16,Autumn,Card,4.7,14,7
2089,37,Female,Womens Clothing,Top,141,Spring,Card,3.9,20,5
2090,45,Male,Footwear,Sneakers,179,Summer,Card,4.2,12,1
2091,30,Male,Footwear,Sandals,109,Summer,Card,2.5,20,5
2092,28,Female,Accessories,Wallet,168,Spring,Card,4.1,12,6
2093,49,Female,Beauty,Skincare Kit,115,Autumn,Card,3.4,9,2
2094,61,Female,Footwear,Sandals,54,Summer,Card,2,13,4
2095,46,Male,Electronics,Laptop,2493,Summer,Card,3.3,12,6
2096,64,Female,Beauty,Skincare Kit,124,Spring,Card,4,18,4
2097,69,Female,Sports,Dumbbells,239,Summer,Card,5,18,4
2098,64,Male,Footwear,Sandals,93,Autumn,Cash on Delivery,3.7,14,2
2099,54,Male,Groceries,Rice Pack,63,Autumn,Cash on Delivery,5,24,7
2100,35,Male,Mens Clothing,Shirt,187,Summer,Card,4.4,20,5
2101,62,Female,Footwear,Sandals,107,Spring,Card,3.3,16,8
2102,63,Male,Mens Clothing,T-Shirt,53,Spring,Card,4.3,15,5
2103,56,Male,Mens Clothing,T-Shirt,124,Autumn,Card,3.6,12,6
2104,36,Female,Womens Clothing,Dress,166,Spring,Card,3.5,22,6
2105,30,Female,Accessories,Handbag,104,Autumn,Card,3.3,14,7
2106,20,Male,Electronics,Laptop,647,Spring,Card,3.5,10,5
2107,57,Male,Sports,Dumbbells,70,Spring,Cash on Delivery,3.9,17,6
2108,38,Male,Electronics,Laptop,1795,Winter,Card,3.6,18,4
2109,64,Female,Footwear,Formal Shoes,248,Spring,Card,3.6,19,7
2110,54,Female,Accessories,Wallet,161,Summer,Card,3.8,15,5
2111,70,Female,Beauty,Skincare Kit,75,Summer,Cash on Delivery,4.2,16,3
2112,28,Male,Mens Clothing,Shirt,48,Winter,Card,2.2,16,3
2113,65,Male,Home,Kitchen Set,214,Autumn,Card,3.1,9,2
2114,42,Male,Footwear,Formal Shoes,247,Autumn,Card,2.5,9,2
2115,65,Female,Womens Clothing,Dress,33,Winter,Card,4.6,16,3
2116,20,Male,Groceries,Snacks,53,Spring,Card,4.8,28,9
2117,68,Male,Mens Clothing,Jacket,68,Autumn,Cash on Delivery,4.1,26,8
2118,49,Male,Mens Clothing,Shirt,153,Winter,Card,3.1,8,4
2119,63,Female,Accessories,Handbag,50,Winter,Card,4.3,12,6
2120,30,Male,Footwear,Sandals,104,Spring,Card,4.5,15,5
2121,65,Female,Womens Clothing,Top,160,Autumn,Card,3.8,10,5
2122,22,Female,Beauty,Skincare Kit,101,Autumn,Card,5,19,7
2123,64,Male,Sports,Football,229,Autumn,Card,4,22,6
2124,20,Male,Mens Clothing,T-Shirt,121,Spring,Card,3.6,20,5
2125,36,Male,Mens Clothing,Jeans,173,Winter,Card,3.6,13,4
2126,37,Male,Electronics,Smart Watch,2995,Winter,Card,3.4,12,6
2127,24,Female,Footwear,Sandals,169,Spring,Card,3.5,22,6
2128,45,Female,Accessories,Sunglasses,48,Spring,Card,3.6,16,8
2129,28,Male,Sports,Football,74,Summer,Card,3.8,7,1
2130,38,Male,Groceries,Beverages,44,Spring,Cash on Delivery,4.9,20,5
2131,42,Female,Accessories,Wallet,163,Spring,Card,4.7,12,1
2132,36,Male,Electronics,Headphones,1382,Spring,Card,4.8,13,4
2133,37,Male,Electronics,Headphones,2721,Spring,Card,3.1,20,5
2134,24,Male,Footwear,Sandals,53,Spring,Cash on Delivery,3.3,10,5
2135,42,Male,Footwear,Sneakers,156,Summer,Card,3.9,8,4
2136,23,Female,Beauty,Perfume,107,Winter,Card,3.3,9,2
2137,31,Female,Beauty,Perfume,72,Autumn,Cash on Delivery,4.1,16,3
2138,28,Female,Footwear,Sneakers,236,Winter,Card,2.6,26,8
2139,65,Female,Footwear,Sneakers,217,Summer,Card,5,16,3
2140,57,Male,Mens Clothing,Jacket,77,Summer,Card,3.9,24,7
2141,66,Female,Womens Clothing,Dress,104,Spring,Card,3.6,10,5
2142,30,Female,Womens Clothing,Jeans,190,Winter,Card,4,8,4
2143,52,Male,Footwear,Sandals,141,Spring,Card,3.5,15,5
2144,59,Male,Footwear,Sandals,109,Winter,Card,4.3,8,4
2145,46,Male,Sports,Football,179,Spring,Card,3.8,12,6
2146,40,Male,Groceries,Cooking Oil,23,Autumn,Cash on Delivery,2.9,12,6
2147,60,Female,Sports,Yoga Mat,244,Autumn,Card,4,20,5
2148,57,Male,Sports,Yoga Mat,112,Spring,Card,5,26,8
2149,46,Male,Mens Clothing,T-Shirt,87,Winter,Card,4.4,12,6
2150,66,Male,Footwear,Formal Shoes,116,Autumn,Card,3.8,8,4
2151,25,Male,Electronics,Smart Watch,2460,Winter,Card,4.1,6,3
2152,43,Female,Womens Clothing,Skirt,89,Summer,Card,3.2,10,5
2153,48,Female,Beauty,Makeup Set,109,Spring,Card,3.7,12,6
2154,32,Female,Sports,Dumbbells,157,Autumn,Card,3.4,22,6
2155,51,Female,Womens Clothing,Top,163,Winter,Card,3.3,20,5
2156,24,Female,Womens Clothing,Dress,135,Summer,Card,4.4,12,6
2157,25,Female,Womens Clothing,Skirt,63,Summer,Card,3.4,15,5
2158,21,Male,Mens Clothing,Jacket,185,Summer,Card,3.7,20,5
2159,21,Female,Beauty,Perfume,52,Summer,Card,2.2,14,7
2160,26,Male,Mens Clothing,Jeans,117,Winter,Card,4.1,17,6
2161,64,Male,Electronics,Headphones,1749,Spring,Card,4.6,13,4
2162,47,Female,Womens Clothing,Top,157,Autumn,Card,3.4,11,3
2163,58,Female,Groceries,Cooking Oil,11,Autumn,Card,3.3,10,5
2164,38,Male,Mens Clothing,Jacket,197,Summer,Card,4.1,15,5
2165,33,Female,Beauty,Skincare Kit,125,Spring,Card,3.2,13,4
2166,58,Male,Mens Clothing,Shirt,126,Autumn,Card,4.9,16,3
2167,43,Female,Beauty,Skincare Kit,55,Winter,Cash on Delivery,2.7,8,4
2168,49,Female,Womens Clothing,Jeans,153,Spring,Card,3.9,23,9
2169,36,Male,Electronics,Mobile Phone,2044,Winter,Card,3.5,28,9
2170,69,Female,Sports,Football,126,Winter,Card,4.4,15,5
2171,50,Male,Sports,Football,58,Summer,Cash on Delivery,3,16,8
2172,35,Female,Footwear,Formal Shoes,42,Summer,Card,2.9,17,6
2173,29,Female,Accessories,Wallet,66,Summer,Cash on Delivery,3.6,11,3
2174,23,Male,Electronics,Smart Watch,899,Spring,Card,3.8,14,2
2175,70,Male,Home,Lamp,189,Spring,Card,4.8,24,7
2176,55,Female,Accessories,Sunglasses,156,Spring,Card,3.1,15,5
2177,28,Female,Beauty,Makeup Set,91,Winter,Cash on Delivery,1.4,8,4
2178,24,Female,Beauty,Makeup Set,59,Winter,Card,3.1,17,6
2179,69,Female,Womens Clothing,Top,59,Summer,Card,3.7,18,4
2180,54,Female,Footwear,Sneakers,249,Summer,Card,3.8,8,4
2181,39,Male,Sports,Dumbbells,67,Summer,Card,3.3,8,4
2182,21,Male,Sports,Dumbbells,233,Spring,Card,4.1,16,3
2183,55,Male,Home,Lamp,272,Autumn,Card,2.8,4,2
2184,32,Female,Sports,Yoga Mat,118,Autumn,Card,3.4,22,6
2185,21,Female,Sports,Yoga Mat,248,Spring,Card,4,8,4
2186,20,Female,Sports,Football,83,Winter,Cash on Delivery,3.5,4,2
2187,39,Female,Home,Curtains,114,Autumn,Card,5,14,2
2188,44,Female,Home,Kitchen Set,278,Spring,Card,2.7,7,1
2189,45,Female,Footwear,Sneakers,137,Autumn,Card,3.7,13,4
2190,22,Female,Womens Clothing,Top,199,Winter,Card,3.5,15,5
2191,55,Female,Footwear,Sneakers,229,Summer,Card,4.3,18,4
2192,59,Male,Sports,Football,46,Summer,Cash on Delivery,3.2,12,6
2193,42,Female,Womens Clothing,Dress,67,Spring,Cash on Delivery,4.5,20,5
2194,63,Female,Womens Clothing,Jeans,71,Winter,Cash on Delivery,2.5,6,3
2195,24,Female,Beauty,Skincare Kit,33,Spring,Cash on Delivery,4.7,12,6
2196,27,Female,Footwear,Formal Shoes,167,Winter,Card,3.4,19,7
2197,46,Male,Electronics,Mobile Phone,1443,Autumn,Card,2.9,17,6
2198,67,Male,Sports,Football,246,Autumn,Card,5,18,4
2199,46,Male,Sports,Dumbbells,68,Winter,Cash on Delivery,3.4,17,6
2200,41,Male,Footwear,Sneakers,75,Summer,Card,4.7,16,3
2201,36,Male,Sports,Yoga Mat,105,Spring,Card,3.6,22,6
2202,23,Male,Sports,Football,110,Autumn,Card,5,7,1
2203,32,Female,Footwear,Formal Shoes,232,Spring,Card,3.5,11,3
2204,60,Male,Mens Clothing,T-Shirt,170,Summer,Card,2.6,17,6
2205,43,Male,Mens Clothing,Jeans,122,Spring,Card,4,10,5
2206,58,Female,Accessories,Handbag,99,Spring,Cash on Delivery,3.9,8,4
2207,70,Male,Sports,Football,44,Autumn,Cash on Delivery,3.4,15,5
2208,43,Male,Sports,Football,128,Winter,Card,2.9,13,4
2209,55,Male,Groceries,Snacks,63,Autumn,Cash on Delivery,3.6,12,6
2210,24,Female,Womens Clothing,Jeans,107,Autumn,Card,3.2,8,4
2211,41,Female,Home,Kitchen Set,245,Summer,Card,3.6,20,5
2212,33,Male,Sports,Yoga Mat,185,Winter,Card,2.8,11,3
2213,64,Female,Accessories,Wallet,177,Autumn,Card,3.9,20,5
2214,26,Female,Womens Clothing,Top,58,Winter,Cash on Delivery,2.1,19,7
2215,53,Female,Groceries,Beverages,10,Winter,Card,3.9,24,7
2216,34,Female,Footwear,Sneakers,97,Summer,Card,2.7,12,1
2217,35,Female,Accessories,Handbag,151,Winter,Card,4.3,16,8
2218,24,Female,Footwear,Sandals,174,Autumn,Card,2.7,6,3
2219,57,Male,Electronics,Mobile Phone,1857,Autumn,Card,4,13,4
2220,31,Male,Sports,Yoga Mat,227,Winter,Card,3.5,11,3
2221,52,Female,Accessories,Handbag,119,Summer,Card,4.8,25,10
2222,30,Male,Electronics,Headphones,1426,Spring,Card,3.6,14,2
2223,32,Male,Footwear,Formal Shoes,171,Spring,Card,4.2,17,6
2224,21,Male,Sports,Dumbbells,247,Autumn,Card,3.2,13,4
2225,63,Female,Beauty,Skincare Kit,40,Summer,Cash on Delivery,4,20,5
2226,38,Female,Footwear,Formal Shoes,47,Summer,Card,3.4,18,9
2227,46,Female,Womens Clothing,Top,150,Summer,Card,4.2,9,2
2228,68,Male,Electronics,Smart Watch,1383,Spring,Card,4.6,16,3
2229,30,Female,Womens Clothing,Top,171,Winter,Card,5,22,6
2230,26,Male,Mens Clothing,T-Shirt,120,Autumn,Card,3.4,8,4
2231,49,Male,Electronics,Mobile Phone,2780,Winter,Card,3.6,15,5
2232,68,Male,Footwear,Sandals,207,Spring,Card,3.3,10,5
2233,30,Female,Womens Clothing,Jeans,186,Spring,Card,3.5,12,6
2234,38,Male,Mens Clothing,Shirt,157,Winter,Card,3.4,16,8
2235,42,Female,Beauty,Makeup Set,78,Summer,Card,3.7,22,6
2236,63,Male,Sports,Dumbbells,215,Winter,Card,3.4,9,2
2237,34,Male,Groceries,Beverages,10,Spring,Cash on Delivery,4.3,10,5
2238,28,Female,Accessories,Wallet,125,Winter,Card,3.8,8,4
2239,34,Female,Womens Clothing,Top,90,Spring,Cash on Delivery,3.1,19,7
2240,60,Male,Electronics,Smart Watch,1446,Spring,Card,4.5,16,3
2241,64,Male,Footwear,Formal Shoes,45,Summer,Cash on Delivery,4,30,10
2242,36,Female,Footwear,Sandals,121,Spring,Card,4.9,6,3
2243,69,Male,Sports,Yoga Mat,205,Summer,Card,4.1,15,5
2244,37,Female,Beauty,Makeup Set,23,Summer,Card,3.6,20,5
2245,52,Female,Beauty,Perfume,33,Winter,Cash on Delivery,3.6,17,6
2246,31,Male,Electronics,Mobile Phone,2789,Spring,Card,4.7,12,6
2247,67,Male,Footwear,Formal Shoes,55,Autumn,Card,4.1,8,4
2248,28,Male,Sports,Yoga Mat,157,Spring,Card,4.2,18,4
2249,43,Male,Groceries,Snacks,20,Summer,Card,4.2,9,2
2250,45,Female,Accessories,Sunglasses,51,Autumn,Cash on Delivery,2.5,20,5
2251,57,Female,Womens Clothing,Jeans,107,Spring,Card,5,28,9
2252,33,Female,Accessories,Wallet,21,Winter,Cash on Delivery,3.9,13,4
2253,69,Female,Womens Clothing,Top,59,Spring,Card,3.6,17,6
2254,60,Male,Sports,Dumbbells,196,Autumn,Card,1.9,4,2
2255,34,Female,Home,Kitchen Set,229,Summer,Card,3.6,22,6
2256,62,Female,Beauty,Makeup Set,146,Autumn,Card,2.4,14,7
2257,44,Female,Beauty,Perfume,119,Spring,Card,3.1,8,4
2258,21,Male,Electronics,Mobile Phone,1726,Spring,Card,4.3,10,5
2259,42,Male,Footwear,Sandals,218,Autumn,Card,4,26,8
2260,39,Male,Footwear,Formal Shoes,107,Winter,Card,4.4,16,3
2261,44,Female,Sports,Dumbbells,108,Winter,Card,3.3,23,9
2262,20,Male,Mens Clothing,T-Shirt,168,Winter,Card,3.5,11,3
2263,57,Female,Beauty,Skincare Kit,102,Autumn,Card,4,10,5
2264,44,Male,Mens Clothing,Jacket,122,Winter,Card,2.2,9,2
2265,35,Male,Footwear,Formal Shoes,249,Spring,Card,2.5,14,2
2266,43,Female,Beauty,Perfume,73,Winter,Cash on Delivery,3.6,20,5
2267,29,Male,Electronics,Laptop,1146,Winter,Card,3.3,18,4
2268,21,Female,Groceries,Cooking Oil,52,Summer,Card,3.7,6,3
2269,50,Male,Mens Clothing,Shirt,173,Winter,Card,3.5,4,2
2270,51,Male,Electronics,Smart Watch,1612,Spring,Card,2.6,24,7
2271,49,Female,Womens Clothing,Dress,189,Summer,Card,4.1,12,1
2272,38,Female,Groceries,Cooking Oil,36,Spring,Cash on Delivery,3.3,7,1
2273,33,Female,Accessories,Wallet,107,Spring,Card,4.5,17,6
2274,59,Female,Accessories,Sunglasses,23,Spring,Card,3.7,12,6
2275,51,Female,Groceries,Beverages,38,Autumn,Cash on Delivery,4.2,20,5
2276,21,Female,Groceries,Beverages,15,Autumn,Cash on Delivery,4.2,11,3
2277,25,Female,Beauty,Makeup Set,95,Autumn,Cash on Delivery,2.7,18,4
2278,35,Male,Electronics,Smart Watch,550,Autumn,Card,2.4,18,4
2279,21,Male,Electronics,Mobile Phone,2757,Winter,Card,3.4,4,2
2280,44,Female,Footwear,Sandals,189,Summer,Card,5,12,6
2281,47,Female,Womens Clothing,Top,110,Autumn,Card,3.7,15,5
2282,24,Male,Electronics,Mobile Phone,1152,Summer,Card,3.8,17,6
2283,56,Male,Sports,Dumbbells,115,Spring,Card,4,20,5
2284,42,Female,Sports,Yoga Mat,41,Spring,Cash on Delivery,4.1,12,6
2285,61,Male,Mens Clothing,Shirt,74,Autumn,Card,3.9,19,7
2286,53,Female,Home,Kitchen Set,168,Autumn,Card,3,21,8
2287,39,Male,Electronics,Headphones,1718,Autumn,Card,4.3,18,4
2288,58,Female,Accessories,Wallet,74,Winter,Cash on Delivery,5,18,4
2289,70,Female,Groceries,Beverages,52,Winter,Card,3.8,18,4
2290,62,Male,Mens Clothing,Shirt,175,Winter,Card,4.2,10,5
2291,45,Male,Sports,Football,170,Autumn,Card,4.6,14,7
2292,60,Male,Footwear,Sandals,71,Spring,Card,3.6,20,5
2293,68,Male,Sports,Football,178,Summer,Card,4.7,22,6
2294,58,Female,Accessories,Handbag,114,Spring,Card,1.8,10,5
2295,66,Male,Sports,Yoga Mat,242,Spring,Card,3.9,12,6
2296,51,Female,Accessories,Wallet,141,Spring,Card,2.7,28,9
2297,55,Female,Footwear,Sneakers,82,Summer,Cash on Delivery,4.7,18,9
2298,50,Male,Footwear,Sandals,72,Autumn,Card,4.2,12,6
2299,36,Female,Footwear,Sandals,174,Autumn,Card,4.2,16,3
2300,31,Male,Mens Clothing,Jeans,78,Summer,Cash on Delivery,3.5,18,9
2301,44,Female,Beauty,Perfume,40,Summer,Cash on Delivery,3.2,14,2
2302,48,Male,Mens Clothing,Shirt,185,Winter,Card,4,21,8
2303,56,Male,Electronics,Laptop,1706,Winter,Card,4.4,12,6
2304,64,Female,Home,Curtains,170,Winter,Card,4.5,11,3
2305,61,Female,Footwear,Formal Shoes,50,Summer,Cash on Delivery,3.8,15,5
2306,27,Female,Womens Clothing,Jeans,60,Autumn,Cash on Delivery,4.2,13,4
2307,27,Female,Accessories,Sunglasses,20,Spring,Card,4.7,19,7
2308,50,Female,Accessories,Wallet,140,Summer,Card,4.5,9,2
2309,21,Female,Beauty,Makeup Set,108,Autumn,Card,4.5,12,6
2310,65,Male,Sports,Football,154,Autumn,Card,2.9,23,9
2311,68,Male,Footwear,Sneakers,225,Summer,Card,3.9,4,2
2312,45,Male,Sports,Football,111,Winter,Card,3.4,10,5
2313,34,Male,Mens Clothing,T-Shirt,149,Summer,Card,3.8,20,5
2314,25,Male,Groceries,Snacks,13,Autumn,Card,3.9,26,8
2315,37,Male,Home,Lamp,64,Summer,Card,3.6,4,2
2316,41,Male,Sports,Yoga Mat,125,Autumn,Card,3.9,22,6
2317,68,Male,Footwear,Sandals,102,Summer,Card,3.9,12,6
2318,46,Female,Home,Curtains,186,Spring,Card,3.7,22,6
2319,39,Female,Womens Clothing,Top,144,Summer,Card,3.7,22,6
2320,53,Male,Footwear,Sneakers,98,Autumn,Card,3.3,24,7
2321,47,Female,Sports,Football,213,Autumn,Card,4.1,15,5
2322,70,Female,Accessories,Sunglasses,150,Summer,Card,3.8,8,4
2323,27,Male,Footwear,Sneakers,104,Winter,Card,3,19,7
2324,66,Male,Footwear,Sneakers,87,Spring,Cash on Delivery,2.6,12,6
2325,50,Male,Footwear,Sneakers,156,Winter,Card,2.6,6,3
2326,46,Female,Beauty,Skincare Kit,42,Summer,Card,3.3,11,3
2327,34,Male,Mens Clothing,T-Shirt,56,Autumn,Card,2.4,10,5
2328,35,Female,Footwear,Sandals,202,Winter,Card,2.5,11,3
2329,30,Female,Beauty,Makeup Set,146,Winter,Card,3.9,7,1
2330,64,Male,Electronics,Headphones,1532,Spring,Card,4.1,28,9
2331,42,Male,Footwear,Sandals,53,Summer,Cash on Delivery,4.4,16,3
2332,70,Male,Home,Curtains,256,Autumn,Card,2.9,20,5
2333,48,Female,Womens Clothing,Skirt,171,Winter,Card,3.8,14,7
2334,43,Female,Accessories,Handbag,38,Winter,Card,4.2,19,7
2335,68,Male,Footwear,Formal Shoes,117,Autumn,Card,4.3,19,7
2336,64,Male,Groceries,Cooking Oil,8,Summer,Cash on Delivery,4.4,22,11
2337,45,Male,Mens Clothing,Shirt,158,Winter,Card,2.7,15,5
2338,37,Female,Accessories,Sunglasses,172,Summer,Card,3.9,18,9
2339,55,Female,Accessories,Wallet,110,Summer,Card,3.8,6,3
2340,26,Male,Footwear,Sandals,124,Spring,Card,3.3,23,9
2341,66,Female,Beauty,Skincare Kit,102,Spring,Card,3.4,16,3
2342,49,Female,Womens Clothing,Dress,47,Summer,Cash on Delivery,4.4,14,2
2343,52,Male,Footwear,Sandals,108,Winter,Card,3.7,14,7
2344,57,Female,Sports,Yoga Mat,134,Autumn,Card,3.8,24,7
2345,66,Male,Mens Clothing,T-Shirt,96,Winter,Cash on Delivery,2.7,19,7
2346,55,Male,Footwear,Sandals,98,Spring,Card,3.5,16,3
2347,34,Female,Footwear,Sandals,47,Autumn,Card,4.1,15,5
2348,57,Female,Womens Clothing,Skirt,120,Spring,Card,3.5,18,4
2349,25,Female,Groceries,Beverages,32,Winter,Cash on Delivery,3.5,15,5
2350,56,Female,Beauty,Makeup Set,141,Autumn,Card,3.7,6,3
2351,63,Male,Mens Clothing,T-Shirt,57,Spring,Card,3.4,13,4
2352,41,Male,Electronics,Smart Watch,1054,Summer,Card,3.5,6,3
2353,57,Male,Mens Clothing,Shirt,148,Winter,Card,3.6,15,5
2354,29,Female,Home,Curtains,59,Autumn,Cash on Delivery,2.4,18,9
2355,52,Female,Groceries,Rice Pack,17,Winter,Cash on Delivery,4.3,17,6
2356,59,Female,Accessories,Wallet,154,Winter,Card,4,15,5
2357,70,Male,Groceries,Cooking Oil,22,Winter,Cash on Delivery,4.2,12,6
2358,50,Female,Beauty,Makeup Set,30,Spring,Cash on Delivery,4.2,34,12
2359,24,Male,Sports,Yoga Mat,232,Spring,Card,4.7,22,6
2360,45,Female,Sports,Yoga Mat,107,Spring,Card,4.1,12,6
2361,59,Female,Accessories,Handbag,97,Winter,Cash on Delivery,2.9,17,6
2362,46,Male,Sports,Dumbbells,173,Spring,Card,4,24,7
2363,42,Female,Footwear,Formal Shoes,119,Summer,Card,2.7,6,3
2364,56,Male,Sports,Yoga Mat,40,Winter,Card,2.9,4,2
2365,22,Male,Electronics,Smart Watch,505,Summer,Card,3.8,15,5
2366,45,Male,Footwear,Sneakers,97,Spring,Cash on Delivery,3.3,11,3
2367,34,Male,Footwear,Formal Shoes,109,Spring,Card,3.7,13,4
2368,69,Female,Accessories,Wallet,145,Winter,Card,4.7,11,3
2369,57,Female,Womens Clothing,Top,193,Summer,Card,3.8,20,5
2370,36,Male,Footwear,Sandals,117,Autumn,Card,4.8,32,11
2371,53,Female,Accessories,Sunglasses,152,Winter,Card,4.7,18,4
2372,27,Male,Sports,Yoga Mat,53,Spring,Card,3.8,19,7
2373,49,Female,Beauty,Skincare Kit,141,Summer,Card,4.5,23,9
2374,45,Female,Groceries,Snacks,79,Spring,Cash on Delivery,3.1,11,3
2375,58,Female,Home,Curtains,54,Spring,Card,4,8,4
2376,57,Male,Sports,Dumbbells,144,Summer,Card,3.1,8,4
2377,50,Female,Footwear,Sandals,225,Summer,Card,3.8,11,3
2378,26,Male,Sports,Dumbbells,181,Spring,Card,4.2,32,11
2379,31,Male,Sports,Football,198,Autumn,Card,3.5,12,6
2380,59,Female,Womens Clothing,Top,193,Spring,Card,4.2,18,4
2381,36,Female,Womens Clothing,Dress,71,Summer,Card,4.8,22,6
2382,37,Female,Beauty,Perfume,91,Autumn,Card,4.3,10,0
2383,60,Female,Beauty,Skincare Kit,75,Spring,Card,5,20,5
2384,27,Male,Mens Clothing,Jacket,62,Spring,Cash on Delivery,2.9,13,4
2385,65,Male,Mens Clothing,Jacket,169,Autumn,Card,3.8,10,5
2386,39,Male,Electronics,Mobile Phone,2887,Summer,Card,3.6,19,7
2387,60,Male,Footwear,Sneakers,144,Winter,Card,4.4,18,4
2388,56,Male,Groceries,Cooking Oil,23,Winter,Card,4.9,17,6
2389,32,Male,Mens Clothing,Jeans,191,Summer,Card,4.2,14,7
2390,47,Female,Footwear,Formal Shoes,70,Summer,Cash on Delivery,3.2,20,5
2391,55,Male,Mens Clothing,Jeans,119,Autumn,Card,3.6,8,4
2392,52,Female,Beauty,Makeup Set,65,Winter,Card,3.2,12,6
2393,59,Female,Footwear,Sneakers,90,Spring,Cash on Delivery,3.9,11,3
2394,32,Male,Electronics,Headphones,1691,Spring,Card,4.6,18,4
2395,60,Female,Footwear,Sandals,137,Summer,Card,4.5,11,3
2396,66,Male,Home,Lamp,116,Spring,Card,5,24,12
2397,22,Male,Electronics,Mobile Phone,504,Winter,Card,2.8,14,7
2398,21,Female,Footwear,Sneakers,176,Autumn,Card,3.6,26,8
2399,61,Female,Footwear,Formal Shoes,203,Spring,Card,3.2,10,5
2400,45,Male,Footwear,Sandals,95,Winter,Cash on Delivery,4.6,11,3
2401,59,Female,Womens Clothing,Top,188,Winter,Card,2.8,12,6
2402,50,Male,Groceries,Beverages,12,Summer,Cash on Delivery,2.8,2,1
2403,61,Male,Groceries,Beverages,49,Summer,Card,2.7,22,6
2404,36,Female,Sports,Yoga Mat,51,Spring,Card,4.5,22,6
2405,45,Male,Footwear,Sneakers,53,Summer,Cash on Delivery,3.8,20,5
2406,23,Male,Footwear,Sandals,71,Summer,Card,2.8,24,7
2407,66,Female,Home,Lamp,246,Winter,Card,3.1,14,7
2408,62,Male,Footwear,Sandals,112,Summer,Card,2.3,10,5
2409,33,Male,Mens Clothing,T-Shirt,81,Summer,Cash on Delivery,4.2,18,4
2410,64,Female,Beauty,Makeup Set,49,Autumn,Cash on Delivery,3.6,19,7
2411,34,Female,Accessories,Handbag,24,Winter,Card,4.6,24,7
2412,41,Male,Home,Curtains,295,Autumn,Card,3.8,6,3
2413,62,Female,Womens Clothing,Dress,191,Winter,Card,3.6,12,6
2414,63,Female,Footwear,Sandals,75,Autumn,Cash on Delivery,4,22,11
2415,65,Male,Mens Clothing,T-Shirt,191,Autumn,Card,4.2,16,3
2416,44,Female,Beauty,Makeup Set,68,Summer,Cash on Delivery,3.2,15,5
2417,53,Male,Footwear,Sneakers,192,Spring,Card,3.7,14,7
2418,40,Male,Footwear,Formal Shoes,237,Spring,Card,4.1,22,6
2419,31,Female,Groceries,Beverages,52,Winter,Cash on Delivery,5,2,1
2420,46,Female,Beauty,Skincare Kit,63,Autumn,Cash on Delivery,4.2,22,6
2421,43,Female,Beauty,Perfume,58,Summer,Cash on Delivery,4.8,20,5
2422,58,Male,Electronics,Mobile Phone,2431,Autumn,Card,3.1,6,3
2423,63,Male,Home,Kitchen Set,51,Spring,Cash on Delivery,3.2,6,3
2424,31,Male,Electronics,Mobile Phone,2026,Summer,Card,3.8,18,9
2425,29,Male,Sports,Yoga Mat,217,Spring,Card,4.5,18,4
2426,61,Female,Beauty,Skincare Kit,81,Spring,Cash on Delivery,3.7,18,4
2427,22,Female,Sports,Yoga Mat,88,Spring,Cash on Delivery,3.3,25,10
2428,45,Female,Womens Clothing,Jeans,175,Autumn,Card,3.5,14,2
2429,39,Male,Groceries,Rice Pack,57,Autumn,Cash on Delivery,3.3,25,10
2430,20,Female,Womens Clothing,Top,95,Autumn,Cash on Delivery,4.5,23,9
2431,22,Male,Sports,Dumbbells,109,Spring,Card,3.6,15,5
2432,54,Female,Womens Clothing,Skirt,167,Spring,Card,3.5,18,4
2433,52,Male,Electronics,Mobile Phone,523,Summer,Card,3.9,18,4
2434,25,Male,Mens Clothing,T-Shirt,110,Winter,Card,2.8,13,4
2435,67,Male,Home,Lamp,223,Autumn,Card,3,9,2
2436,59,Male,Footwear,Sandals,141,Spring,Card,3.3,12,6
2437,59,Male,Sports,Yoga Mat,166,Winter,Card,3.8,17,6
2438,66,Female,Womens Clothing,Skirt,52,Autumn,Cash on Delivery,3.9,20,5
2439,45,Female,Beauty,Perfume,131,Autumn,Card,4.8,8,4
2440,36,Male,Mens Clothing,Jacket,109,Summer,Card,3,16,8
2441,48,Female,Beauty,Skincare Kit,89,Winter,Card,4.2,20,5
2442,26,Male,Sports,Dumbbells,232,Winter,Card,3,20,5
2443,34,Male,Electronics,Headphones,586,Summer,Card,4.6,26,8
2444,63,Female,Beauty,Perfume,33,Summer,Cash on Delivery,3.6,21,8
2445,68,Male,Footwear,Sandals,145,Summer,Card,3.9,10,5
2446,65,Female,Home,Curtains,40,Autumn,Cash on Delivery,2.8,17,6
2447,39,Male,Electronics,Laptop,1959,Winter,Card,4.2,12,1
2448,66,Female,Sports,Football,109,Winter,Card,2.8,18,4
2449,31,Male,Sports,Yoga Mat,248,Spring,Card,2.8,10,5
2450,29,Female,Footwear,Formal Shoes,176,Spring,Card,5,24,7
2451,33,Female,Beauty,Makeup Set,20,Summer,Card,3.6,20,5
2452,23,Female,Womens Clothing,Skirt,195,Spring,Card,2.9,14,7
2453,47,Female,Beauty,Makeup Set,133,Winter,Card,3.9,19,7
2454,32,Female,Sports,Yoga Mat,120,Spring,Card,3.3,22,11
2455,49,Female,Sports,Football,106,Spring,Card,3.3,24,7
2456,37,Male,Footwear,Formal Shoes,232,Summer,Card,3.8,16,3
2457,41,Male,Sports,Football,143,Winter,Card,4.2,20,5
2458,37,Male,Sports,Dumbbells,163,Autumn,Card,3.6,12,6
2459,55,Male,Electronics,Laptop,2998,Autumn,Card,4.2,14,2
2460,42,Male,Electronics,Smart Watch,1413,Autumn,Card,3.9,19,7
2461,60,Female,Footwear,Sandals,104,Winter,Card,5,8,4
2462,62,Female,Beauty,Makeup Set,21,Autumn,Card,3.8,20,5
2463,56,Female,Womens Clothing,Dress,84,Spring,Card,3.9,17,6
2464,67,Male,Mens Clothing,T-Shirt,43,Winter,Cash on Delivery,3,9,2
2465,59,Male,Sports,Football,74,Summer,Card,3.8,15,5
2466,32,Male,Sports,Football,144,Summer,Card,3.8,13,4
2467,24,Female,Beauty,Makeup Set,82,Winter,Card,3.4,15,5
2468,31,Female,Womens Clothing,Skirt,128,Autumn,Card,4,17,6
2469,67,Female,Womens Clothing,Top,75,Autumn,Cash on Delivery,3.7,20,5
2470,41,Female,Home,Curtains,160,Spring,Card,4.4,8,4
2471,58,Female,Womens Clothing,Skirt,143,Winter,Card,4.8,15,5
2472,22,Female,Beauty,Perfume,57,Summer,Cash on Delivery,4.3,15,5
2473,56,Female,Accessories,Wallet,61,Spring,Cash on Delivery,3.5,8,4
2474,64,Female,Footwear,Sneakers,249,Spring,Card,4.8,8,4
2475,58,Female,Womens Clothing,Dress,106,Autumn,Card,4.5,19,7
2476,57,Male,Sports,Dumbbells,89,Autumn,Cash on Delivery,4.9,10,5
2477,37,Male,Sports,Football,183,Summer,Card,3.2,16,3
2478,30,Male,Sports,Football,50,Spring,Cash on Delivery,4.1,9,2
2479,56,Male,Sports,Yoga Mat,118,Autumn,Card,4,19,7
2480,41,Female,Accessories,Wallet,155,Winter,Card,5,22,6
2481,47,Male,Footwear,Sandals,162,Autumn,Card,4.9,22,6
2482,62,Male,Mens Clothing,Shirt,122,Spring,Card,3,17,6
2483,42,Male,Footwear,Sandals,167,Spring,Card,3.4,18,9
2484,55,Male,Sports,Football,92,Autumn,Cash on Delivery,3.8,20,5
2485,70,Female,Womens Clothing,Top,113,Spring,Card,4.7,18,4
2486,30,Female,Womens Clothing,Top,78,Summer,Cash on Delivery,3.8,18,4
2487,58,Female,Accessories,Sunglasses,126,Autumn,Card,3.3,12,6
2488,66,Female,Accessories,Handbag,175,Autumn,Card,4.1,12,6
2489,45,Female,Footwear,Sandals,199,Summer,Card,5,16,3
2490,57,Male,Footwear,Sneakers,102,Winter,Card,4,19,7
2491,27,Male,Electronics,Smart Watch,737,Autumn,Card,4.4,10,5
2492,61,Male,Mens Clothing,Shirt,68,Summer,Cash on Delivery,3.6,18,4
2493,61,Male,Mens Clothing,Shirt,97,Summer,Card,3.9,19,7
2494,36,Female,Womens Clothing,Top,96,Winter,Cash on Delivery,5,6,3
2495,30,Male,Footwear,Formal Shoes,179,Winter,Card,3.1,16,3
2496,58,Male,Mens Clothing,Shirt,60,Autumn,Card,4.5,24,7
2497,44,Male,Sports,Football,212,Spring,Card,2.7,24,7
2498,28,Male,Footwear,Formal Shoes,55,Winter,Cash on Delivery,3,8,4
2499,50,Female,Womens Clothing,Jeans,167,Autumn,Card,4.8,15,5
2500,36,Female,Sports,Football,180,Winter,Card,4.9,19,7
2501,55,Female,Sports,Football,73,Winter,Card,4.6,19,7
2502,49,Male,Sports,Football,241,Spring,Card,4.2,24,7
2503,58,Female,Home,Kitchen Set,81,Spring,Card,4.8,13,4
2504,57,Male,Electronics,Smart Watch,1635,Summer,Card,4.1,9,2
2505,25,Male,Footwear,Formal Shoes,227,Winter,Card,4.2,21,8
2506,42,Male,Sports,Football,132,Spring,Card,4.5,20,5
2507,42,Female,Accessories,Wallet,152,Spring,Card,4.1,2,1
2508,35,Male,Groceries,Cooking Oil,7,Autumn,Cash on Delivery,3.4,16,8
2509,53,Female,Footwear,Sandals,178,Autumn,Card,5,26,8
2510,49,Male,Electronics,Smart Watch,1297,Spring,Card,4.8,20,5
2511,28,Female,Accessories,Sunglasses,76,Autumn,Card,4,22,6
2512,37,Female,Footwear,Formal Shoes,159,Spring,Card,3.3,6,3
2513,27,Female,Womens Clothing,Skirt,88,Winter,Card,3.8,10,5
2514,54,Male,Mens Clothing,Shirt,182,Autumn,Card,4.8,13,4
2515,27,Male,Mens Clothing,Shirt,49,Winter,Cash on Delivery,4.8,8,4
2516,55,Female,Accessories,Handbag,124,Spring,Card,3.6,12,6
2517,37,Female,Beauty,Skincare Kit,131,Spring,Card,5,18,4
2518,21,Male,Mens Clothing,Shirt,47,Spring,Card,5,16,3
2519,47,Male,Footwear,Formal Shoes,43,Spring,Card,3.6,16,8
2520,55,Female,Beauty,Makeup Set,131,Autumn,Card,3.4,14,2
2521,35,Female,Footwear,Formal Shoes,217,Autumn,Card,3.7,10,5
2522,45,Female,Groceries,Snacks,21,Winter,Card,3.7,22,6
2523,69,Female,Footwear,Formal Shoes,237,Autumn,Card,3.1,16,3
2524,35,Female,Footwear,Sandals,113,Winter,Card,4,8,4
2525,47,Male,Groceries,Rice Pack,38,Autumn,Cash on Delivery,3.7,8,4
2526,40,Female,Beauty,Perfume,80,Autumn,Card,3.5,12,1
2527,40,Female,Groceries,Snacks,23,Winter,Cash on Delivery,3.7,18,4
2528,49,Female,Sports,Football,156,Summer,Card,4.1,8,4
2529,25,Male,Electronics,Headphones,1144,Summer,Card,3.4,2,1
2530,35,Male,Mens Clothing,T-Shirt,180,Winter,Card,4,12,6
2531,67,Female,Home,Lamp,128,Summer,Card,4.3,15,5
2532,58,Female,Groceries,Cooking Oil,25,Spring,Card,5,8,4
2533,57,Male,Home,Curtains,146,Spring,Card,4.4,6,3
2534,44,Female,Womens Clothing,Skirt,89,Spring,Cash on Delivery,3.1,15,5
2535,22,Male,Sports,Dumbbells,175,Winter,Card,3.3,18,9
2536,26,Male,Electronics,Laptop,689,Autumn,Card,3.7,4,2
2537,48,Female,Womens Clothing,Top,103,Summer,Card,2.8,13,4
2538,53,Female,Womens Clothing,Skirt,99,Autumn,Card,4.8,15,5
2539,63,Male,Mens Clothing,T-Shirt,112,Winter,Card,3.4,12,6
2540,56,Female,Footwear,Formal Shoes,97,Autumn,Card,2.8,4,2
2541,61,Female,Sports,Yoga Mat,25,Spring,Cash on Delivery,4.2,16,3
2542,36,Female,Footwear,Sneakers,96,Autumn,Cash on Delivery,2.8,20,5
2543,25,Male,Footwear,Sandals,78,Summer,Card,4,15,5
2544,23,Female,Footwear,Sandals,128,Autumn,Card,2.7,10,5
2545,64,Female,Footwear,Sneakers,124,Winter,Card,4.2,10,5
2546,54,Male,Sports,Yoga Mat,114,Autumn,Card,3,15,5
2547,22,Female,Accessories,Sunglasses,76,Summer,Cash on Delivery,3.9,17,6
2548,61,Male,Mens Clothing,T-Shirt,128,Spring,Card,3.6,16,3
2549,26,Male,Sports,Football,98,Autumn,Card,3.9,16,3
2550,42,Female,Beauty,Skincare Kit,75,Spring,Card,4.3,25,10
2551,56,Female,Womens Clothing,Top,105,Autumn,Card,4.4,22,11
2552,54,Female,Accessories,Wallet,55,Summer,Cash on Delivery,3.7,8,4
2553,50,Female,Accessories,Wallet,161,Summer,Card,3.9,22,6
2554,52,Female,Groceries,Cooking Oil,37,Autumn,Card,4,8,4
2555,41,Female,Accessories,Sunglasses,101,Spring,Card,2.8,15,5
2556,63,Female,Groceries,Beverages,70,Autumn,Cash on Delivery,5,10,5
2557,57,Female,Groceries,Beverages,57,Summer,Card,3.9,22,6
2558,44,Female,Sports,Dumbbells,193,Autumn,Card,3.5,15,5
2559,47,Male,Sports,Dumbbells,134,Summer,Card,5,14,7
2560,66,Female,Accessories,Sunglasses,49,Summer,Card,2.9,11,3
2561,65,Female,Home,Kitchen Set,157,Spring,Card,3.8,17,6
2562,69,Male,Footwear,Formal Shoes,157,Winter,Card,4.4,11,3
2563,45,Female,Beauty,Skincare Kit,60,Autumn,Card,3.8,11,3
2564,37,Female,Womens Clothing,Jeans,181,Summer,Card,4.3,22,6
2565,47,Female,Womens Clothing,Dress,123,Spring,Card,3.6,10,5
2566,33,Female,Womens Clothing,Dress,54,Spring,Card,3.1,10,5
2567,44,Female,Accessories,Handbag,153,Spring,Card,4.1,13,4
2568,30,Female,Footwear,Sneakers,137,Summer,Card,5,9,2
2569,70,Male,Mens Clothing,Jeans,199,Spring,Card,4.1,8,4
2570,44,Male,Sports,Yoga Mat,154,Winter,Card,4.6,10,5
2571,69,Male,Mens Clothing,Jacket,177,Spring,Card,4.3,9,2
2572,48,Female,Sports,Yoga Mat,91,Summer,Card,4.2,11,3
2573,33,Female,Footwear,Sandals,76,Autumn,Card,4,15,5
2574,52,Female,Accessories,Wallet,66,Spring,Card,2.9,6,3
2575,65,Male,Mens Clothing,Jeans,119,Winter,Card,4.1,8,4
2576,70,Female,Womens Clothing,Jeans,141,Spring,Card,3.1,10,5
2577,29,Male,Groceries,Snacks,52,Autumn,Card,4.2,7,1
2578,47,Male,Footwear,Sandals,45,Autumn,Card,4.1,19,7
2579,69,Female,Sports,Football,116,Winter,Card,4.6,24,7
2580,43,Female,Groceries,Rice Pack,65,Winter,Cash on Delivery,4.7,18,4
2581,33,Female,Womens Clothing,Top,124,Spring,Card,3.1,15,5
2582,66,Male,Footwear,Sandals,58,Winter,Card,3.5,20,5
2583,59,Female,Footwear,Formal Shoes,184,Spring,Card,4.1,22,6
2584,30,Female,Beauty,Skincare Kit,130,Summer,Card,4.2,17,6
2585,47,Male,Mens Clothing,Jacket,98,Spring,Cash on Delivery,4.7,12,6
2586,68,Male,Sports,Dumbbells,124,Spring,Card,4.4,14,2
2587,53,Male,Sports,Yoga Mat,152,Spring,Card,3,19,7
2588,30,Female,Womens Clothing,Top,148,Winter,Card,4.7,24,7
2589,52,Female,Groceries,Beverages,69,Spring,Cash on Delivery,3.9,12,6
2590,28,Female,Footwear,Sandals,222,Spring,Card,3,8,4
2591,40,Female,Sports,Yoga Mat,129,Autumn,Card,4.3,12,6
2592,46,Male,Sports,Dumbbells,68,Summer,Card,3.3,8,4
2593,26,Male,Groceries,Rice Pack,31,Autumn,Cash on Delivery,3.4,11,3
2594,54,Female,Accessories,Sunglasses,91,Summer,Cash on Delivery,3.4,18,4
2595,34,Male,Mens Clothing,Shirt,62,Winter,Cash on Delivery,4.1,18,4
2596,53,Female,Footwear,Sneakers,161,Summer,Card,3.4,21,8
2597,53,Male,Electronics,Laptop,2661,Spring,Card,4.5,24,7
2598,60,Female,Womens Clothing,Top,57,Winter,Cash on Delivery,3.3,17,6
2599,24,Male,Mens Clothing,Jacket,39,Summer,Card,3.5,6,3
2600,29,Female,Footwear,Sandals,57,Autumn,Card,4.1,12,6
2601,64,Male,Groceries,Rice Pack,50,Summer,Card,4.2,14,7
2602,48,Female,Accessories,Handbag,143,Autumn,Card,3.6,18,9
2603,55,Male,Mens Clothing,Jeans,90,Spring,Cash on Delivery,3.3,8,4
2604,59,Male,Sports,Yoga Mat,208,Spring,Card,4.5,13,4
2605,29,Male,Sports,Dumbbells,79,Summer,Cash on Delivery,3.9,17,6
2606,47,Male,Mens Clothing,T-Shirt,160,Summer,Card,3.7,20,5
2607,27,Male,Sports,Football,228,Winter,Card,4.9,14,2
2608,37,Female,Footwear,Sandals,62,Summer,Cash on Delivery,4,18,9
2609,30,Male,Mens Clothing,Shirt,111,Spring,Card,3.9,23,9
2610,44,Male,Home,Lamp,137,Summer,Card,2.5,19,7
2611,28,Female,Sports,Dumbbells,99,Winter,Cash on Delivery,4.1,15,5
2612,58,Female,Beauty,Skincare Kit,60,Spring,Cash on Delivery,3.1,15,5
2613,67,Female,Womens Clothing,Dress,45,Winter,Card,2.8,12,6
2614,58,Male,Electronics,Mobile Phone,927,Summer,Card,4.3,6,3
2615,45,Female,Groceries,Beverages,60,Summer,Card,4,6,3
2616,26,Male,Sports,Yoga Mat,189,Winter,Card,4.3,18,4
2617,56,Female,Footwear,Sneakers,178,Spring,Card,4,20,10
2618,50,Female,Accessories,Wallet,129,Spring,Card,3.7,11,3
2619,48,Male,Sports,Football,138,Spring,Card,3.7,4,2
2620,28,Male,Mens Clothing,Jeans,138,Autumn,Card,3.1,11,3
2621,60,Male,Sports,Yoga Mat,27,Winter,Card,4.5,11,3
2622,64,Female,Womens Clothing,Skirt,83,Spring,Cash on Delivery,2.9,11,3
2623,47,Male,Sports,Yoga Mat,127,Summer,Card,3.6,20,10
2624,28,Male,Home,Kitchen Set,241,Spring,Card,3.2,17,6
2625,48,Female,Beauty,Skincare Kit,128,Winter,Card,4.2,14,7
2626,29,Male,Footwear,Formal Shoes,184,Spring,Card,2.8,24,7
2627,60,Female,Beauty,Skincare Kit,144,Autumn,Card,2.5,6,3
2628,48,Female,Womens Clothing,Skirt,75,Autumn,Cash on Delivery,3.3,8,4
2629,66,Male,Footwear,Formal Shoes,128,Autumn,Card,3.4,0,0
2630,49,Female,Footwear,Formal Shoes,73,Summer,Cash on Delivery,3.3,8,4
2631,25,Male,Sports,Football,107,Autumn,Card,3.8,17,6
2632,52,Male,Electronics,Mobile Phone,1302,Autumn,Card,4.5,18,9
2633,65,Male,Home,Kitchen Set,275,Autumn,Card,3,14,7
2634,62,Female,Womens Clothing,Jeans,167,Summer,Card,3.3,18,4
2635,70,Male,Mens Clothing,Shirt,192,Autumn,Card,2.4,13,4
2636,64,Male,Footwear,Sneakers,62,Autumn,Card,5,16,8
2637,22,Female,Footwear,Sneakers,146,Summer,Card,4.6,10,5
2638,61,Male,Sports,Yoga Mat,237,Summer,Card,5,24,7
2639,63,Female,Beauty,Perfume,85,Summer,Card,4.9,20,10
2640,45,Male,Electronics,Laptop,1767,Autumn,Card,4.5,20,5
2641,26,Female,Womens Clothing,Skirt,57,Summer,Cash on Delivery,3.8,19,7
2642,48,Female,Beauty,Makeup Set,39,Winter,Cash on Delivery,4.2,13,4
2643,64,Female,Accessories,Handbag,99,Spring,Cash on Delivery,3.9,16,3
2644,61,Male,Groceries,Cooking Oil,57,Summer,Cash on Delivery,3.4,18,4
2645,36,Female,Groceries,Rice Pack,57,Autumn,Card,3.9,6,3
2646,64,Male,Mens Clothing,T-Shirt,151,Winter,Card,4.3,18,4
2647,50,Female,Beauty,Perfume,59,Spring,Card,3.4,19,7
2648,64,Female,Womens Clothing,Skirt,32,Winter,Cash on Delivery,4.2,12,6
2649,65,Male,Electronics,Mobile Phone,1043,Autumn,Card,3.7,12,6
2650,69,Female,Groceries,Beverages,26,Summer,Cash on Delivery,4.5,20,5
2651,32,Female,Footwear,Sandals,91,Summer,Cash on Delivery,3.7,17,6
2652,33,Male,Footwear,Formal Shoes,44,Spring,Cash on Delivery,2.4,8,4
2653,58,Male,Footwear,Formal Shoes,54,Autumn,Card,3.1,12,6
2654,51,Female,Accessories,Wallet,122,Winter,Card,4.6,4,2
2655,69,Female,Home,Kitchen Set,51,Summer,Card,3.9,16,3
2656,39,Male,Home,Lamp,188,Autumn,Card,2.8,8,4
2657,63,Female,Footwear,Sandals,230,Winter,Card,3.8,8,4
2658,56,Male,Mens Clothing,T-Shirt,47,Spring,Cash on Delivery,4.4,8,4
2659,70,Female,Womens Clothing,Jeans,30,Winter,Card,3.8,12,6
2660,50,Female,Beauty,Skincare Kit,55,Spring,Cash on Delivery,4.1,16,3
2661,45,Male,Groceries,Cooking Oil,6,Winter,Card,4.5,13,4
2662,55,Male,Sports,Dumbbells,176,Summer,Card,4.6,7,1
2663,26,Male,Sports,Dumbbells,34,Autumn,Cash on Delivery,4,17,6
2664,69,Male,Electronics,Mobile Phone,2411,Winter,Card,4.3,16,8
2665,64,Male,Sports,Football,233,Autumn,Card,4.3,19,7
2666,31,Male,Footwear,Sandals,113,Autumn,Card,2.7,8,4
2667,60,Female,Accessories,Handbag,139,Autumn,Card,4.4,13,4
2668,26,Male,Footwear,Sandals,221,Autumn,Card,3.1,12,6
2669,21,Female,Womens Clothing,Jeans,52,Autumn,Cash on Delivery,3.6,25,10
2670,37,Male,Sports,Dumbbells,173,Spring,Card,3.1,22,6
2671,35,Female,Home,Curtains,218,Winter,Card,3.5,10,5
2672,29,Male,Footwear,Sneakers,217,Autumn,Card,4.3,14,7
2673,41,Male,Footwear,Sneakers,172,Winter,Card,3.3,19,7
2674,35,Male,Electronics,Laptop,2367,Winter,Card,3.6,26,8
2675,70,Female,Accessories,Wallet,169,Spring,Card,3.1,15,5
2676,50,Female,Accessories,Handbag,52,Autumn,Cash on Delivery,3.4,10,5
2677,43,Female,Footwear,Formal Shoes,111,Autumn,Card,2.8,6,3
2678,40,Female,Footwear,Sneakers,184,Summer,Card,4.3,26,8
2679,32,Female,Womens Clothing,Dress,110,Winter,Card,4.4,18,4
2680,61,Female,Womens Clothing,Top,80,Autumn,Cash on Delivery,3.3,18,4
2681,54,Female,Beauty,Perfume,125,Autumn,Card,4.1,8,4
2682,66,Male,Groceries,Beverages,5,Winter,Cash on Delivery,4.9,17,6
2683,69,Female,Footwear,Sneakers,228,Autumn,Card,4,14,7
2684,27,Male,Footwear,Sandals,147,Winter,Card,3.2,15,5
2685,64,Female,Footwear,Sandals,90,Winter,Card,5,13,4
2686,46,Male,Sports,Dumbbells,180,Winter,Card,5,11,3
2687,21,Female,Footwear,Sandals,235,Summer,Card,4.1,15,5
2688,31,Male,Mens Clothing,Jeans,173,Autumn,Card,2.4,18,4
2689,69,Female,Footwear,Formal Shoes,90,Autumn,Cash on Delivery,3.3,15,5
2690,55,Female,Womens Clothing,Skirt,160,Winter,Card,3.6,8,4
2691,50,Female,Footwear,Sandals,96,Spring,Card,5,20,5
2692,68,Male,Sports,Dumbbells,85,Autumn,Card,3,13,4
2693,64,Male,Sports,Dumbbells,26,Winter,Cash on Delivery,3.2,11,3
2694,63,Female,Beauty,Perfume,49,Autumn,Card,4.6,6,3
2695,32,Male,Mens Clothing,Shirt,74,Spring,Cash on Delivery,4.5,22,6
2696,36,Male,Sports,Dumbbells,117,Autumn,Card,4,14,7
2697,49,Male,Electronics,Mobile Phone,1896,Autumn,Card,3.7,14,7
2698,48,Female,Beauty,Skincare Kit,27,Spring,Card,5,14,2
2699,57,Male,Mens Clothing,Jeans,161,Summer,Card,2.9,20,5
2700,47,Female,Beauty,Skincare Kit,134,Summer,Card,4.9,12,1
2701,64,Male,Electronics,Laptop,2526,Spring,Card,4.7,11,3
2702,43,Female,Beauty,Perfume,52,Spring,Cash on Delivery,4.5,13,4
2703,46,Male,Footwear,Sandals,172,Autumn,Card,3.7,28,9
2704,31,Female,Beauty,Perfume,22,Spring,Cash on Delivery,5,20,5
2705,57,Female,Beauty,Makeup Set,135,Spring,Card,4.5,16,3
2706,28,Female,Beauty,Perfume,30,Summer,Card,4.4,16,8
2707,21,Male,Mens Clothing,Shirt,59,Autumn,Card,3.6,20,5
2708,31,Male,Electronics,Laptop,2023,Autumn,Card,2.6,9,2
2709,57,Female,Beauty,Skincare Kit,66,Summer,Cash on Delivery,3.1,8,4
2710,59,Male,Mens Clothing,Jacket,142,Summer,Card,4.1,8,4
2711,21,Male,Electronics,Laptop,2110,Winter,Card,3.2,12,6
2712,25,Female,Groceries,Snacks,42,Autumn,Cash on Delivery,5,2,1
2713,41,Female,Beauty,Perfume,140,Spring,Card,4.3,6,3
2714,46,Female,Accessories,Sunglasses,39,Winter,Cash on Delivery,3.2,12,6
2715,40,Female,Beauty,Makeup Set,105,Winter,Card,2.2,17,6
2716,47,Male,Mens Clothing,Jacket,119,Winter,Card,2.5,9,2
2717,53,Female,Accessories,Sunglasses,158,Summer,Card,4.4,22,6
2718,34,Male,Mens Clothing,Jeans,111,Spring,Card,4.5,18,4
2719,34,Female,Footwear,Sneakers,172,Spring,Card,3.3,20,5
2720,61,Female,Womens Clothing,Jeans,199,Spring,Card,3.2,24,7
2721,29,Male,Footwear,Sneakers,202,Summer,Card,4.1,11,3
2722,33,Male,Groceries,Beverages,30,Spring,Card,4.2,10,5
2723,70,Female,Footwear,Sandals,174,Spring,Card,4,12,6
2724,51,Male,Sports,Dumbbells,27,Winter,Card,3.5,12,6
2725,57,Male,Electronics,Mobile Phone,800,Autumn,Card,4,22,6
2726,45,Male,Mens Clothing,Shirt,95,Spring,Card,4.4,19,7
2727,67,Female,Home,Lamp,249,Summer,Card,3.9,8,4
2728,45,Female,Accessories,Sunglasses,31,Winter,Cash on Delivery,3.5,12,1
2729,60,Male,Sports,Dumbbells,166,Winter,Card,2.6,8,4
2730,70,Female,Womens Clothing,Dress,68,Autumn,Cash on Delivery,4.7,14,2
2731,21,Male,Electronics,Laptop,2061,Spring,Card,4,20,5
2732,42,Female,Footwear,Sandals,45,Winter,Card,3.5,19,7
2733,26,Female,Womens Clothing,Skirt,67,Autumn,Cash on Delivery,3.5,2,1
2734,69,Female,Footwear,Sandals,43,Autumn,Cash on Delivery,3.4,2,1
2735,49,Male,Electronics,Mobile Phone,520,Spring,Card,3.7,22,6
2736,28,Female,Womens Clothing,Jeans,168,Spring,Card,3.8,19,7
2737,59,Male,Home,Curtains,58,Autumn,Card,4.7,17,6
2738,41,Female,Home,Kitchen Set,83,Summer,Cash on Delivery,3.9,26,8
2739,30,Male,Electronics,Mobile Phone,579,Winter,Card,3.2,21,8
2740,69,Male,Groceries,Snacks,65,Autumn,Card,4.2,11,3
2741,62,Female,Womens Clothing,Jeans,101,Spring,Card,3.9,8,4
2742,33,Female,Beauty,Perfume,110,Winter,Card,4.1,14,2
2743,22,Male,Sports,Dumbbells,63,Autumn,Cash on Delivery,3,28,9
2744,56,Male,Mens Clothing,Jacket,144,Autumn,Card,3.8,28,9
2745,37,Male,Footwear,Sandals,236,Winter,Card,4.5,28,9
2746,41,Female,Accessories,Wallet,53,Winter,Cash on Delivery,2.7,13,4
2747,66,Male,Sports,Yoga Mat,50,Spring,Cash on Delivery,2.6,18,4
2748,22,Male,Electronics,Smart Watch,1764,Winter,Card,4.1,16,8
2749,50,Female,Beauty,Skincare Kit,78,Winter,Cash on Delivery,4.8,18,4
2750,67,Male,Groceries,Snacks,18,Spring,Card,3,14,7
2751,35,Male,Home,Curtains,244,Spring,Card,4.6,12,1
2752,36,Male,Home,Kitchen Set,112,Summer,Card,3.8,14,7
2753,22,Male,Mens Clothing,Jacket,117,Summer,Card,5,15,5
2754,30,Female,Groceries,Snacks,29,Spring,Card,3.5,12,6
2755,54,Male,Electronics,Headphones,1264,Winter,Card,3.3,8,4
2756,35,Male,Sports,Football,137,Winter,Card,3.6,16,8
2757,21,Male,Groceries,Cooking Oil,50,Spring,Card,3.2,13,4
2758,50,Female,Footwear,Sneakers,99,Summer,Cash on Delivery,4.3,9,2
2759,30,Male,Electronics,Mobile Phone,1684,Winter,Card,3.5,11,3
2760,48,Female,Groceries,Rice Pack,77,Summer,Card,4.7,28,9
2761,38,Female,Groceries,Cooking Oil,15,Spring,Card,3.2,18,4
2762,62,Male,Footwear,Sandals,44,Winter,Cash on Delivery,2.6,24,7
2763,30,Female,Beauty,Perfume,51,Summer,Cash on Delivery,4.5,8,4
2764,24,Female,Sports,Dumbbells,232,Summer,Card,2.7,9,2
2765,56,Female,Beauty,Skincare Kit,78,Spring,Cash on Delivery,5,22,6
2766,70,Female,Groceries,Beverages,26,Spring,Cash on Delivery,4.4,10,5
2767,22,Male,Mens Clothing,Jacket,60,Winter,Card,3.3,16,3
2768,36,Female,Womens Clothing,Jeans,151,Summer,Card,4.1,15,5
2769,47,Female,Womens Clothing,Top,148,Spring,Card,4,16,3
2770,57,Male,Footwear,Formal Shoes,196,Winter,Card,4.3,6,3
2771,46,Male,Electronics,Laptop,854,Spring,Card,2.7,11,3
2772,62,Male,Electronics,Headphones,1900,Autumn,Card,4.2,24,7
2773,20,Male,Mens Clothing,T-Shirt,90,Autumn,Card,4.3,28,9
2774,61,Male,Sports,Dumbbells,31,Winter,Card,3.5,17,6
2775,48,Male,Home,Kitchen Set,298,Winter,Card,5,18,4
2776,52,Male,Mens Clothing,Jeans,170,Winter,Card,4.3,19,7
2777,60,Female,Womens Clothing,Skirt,98,Winter,Card,4,19,7
2778,23,Male,Home,Lamp,93,Autumn,Card,3.3,8,4
2779,43,Male,Sports,Dumbbells,218,Summer,Card,4.1,10,5
2780,27,Male,Footwear,Sandals,145,Summer,Card,4.6,13,4
2781,37,Female,Womens Clothing,Skirt,95,Winter,Cash on Delivery,4.1,17,6
2782,20,Female,Home,Curtains,292,Summer,Card,2.8,20,5
2783,44,Male,Mens Clothing,T-Shirt,154,Summer,Card,4.5,16,8
2784,20,Female,Beauty,Makeup Set,52,Spring,Cash on Delivery,3.5,12,6
2785,43,Female,Beauty,Skincare Kit,138,Spring,Card,4.1,20,5
2786,46,Female,Footwear,Sneakers,107,Winter,Card,4.9,26,8
2787,30,Female,Accessories,Wallet,120,Spring,Card,3.8,13,4
2788,22,Female,Beauty,Makeup Set,91,Spring,Card,4,14,2
2789,57,Female,Home,Curtains,106,Spring,Card,2.4,15,5
2790,50,Male,Footwear,Sandals,116,Summer,Card,3.7,18,9
2791,61,Male,Footwear,Sandals,166,Winter,Card,4.3,8,4
2792,38,Male,Footwear,Formal Shoes,204,Spring,Card,4.7,6,3
2793,37,Male,Sports,Dumbbells,239,Winter,Card,2.2,15,5
2794,37,Male,Footwear,Sandals,174,Spring,Card,3.2,15,5
2795,30,Male,Footwear,Formal Shoes,55,Summer,Cash on Delivery,3.6,22,6
2796,32,Female,Sports,Dumbbells,65,Summer,Cash on Delivery,4.9,15,5
2797,29,Male,Sports,Yoga Mat,121,Spring,Card,3.4,4,2
2798,37,Female,Beauty,Perfume,112,Spring,Card,4.6,11,3
2799,38,Female,Beauty,Makeup Set,143,Autumn,Card,3.8,7,1
2800,61,Male,Sports,Dumbbells,85,Winter,Cash on Delivery,2.7,4,2
2801,25,Female,Accessories,Wallet,137,Summer,Card,4.7,20,10
2802,60,Male,Footwear,Sandals,83,Spring,Cash on Delivery,3.6,8,4
2803,25,Male,Mens Clothing,Jacket,186,Autumn,Card,3.8,9,2
2804,23,Female,Footwear,Formal Shoes,212,Autumn,Card,3.8,15,5
2805,48,Female,Beauty,Perfume,36,Winter,Card,4.6,18,4
2806,41,Female,Beauty,Makeup Set,120,Spring,Card,4,14,7
2807,44,Male,Mens Clothing,Jeans,134,Spring,Card,4.1,24,7
2808,22,Male,Footwear,Sandals,157,Winter,Card,4,13,4
2809,28,Female,Accessories,Handbag,28,Winter,Cash on Delivery,4.4,22,6
2810,27,Male,Mens Clothing,Shirt,144,Summer,Card,3.9,19,7
2811,55,Male,Footwear,Sandals,71,Autumn,Card,4.4,16,3
2812,52,Female,Sports,Football,173,Spring,Card,3.3,12,6
2813,49,Female,Beauty,Makeup Set,67,Winter,Cash on Delivery,4.1,4,2
2814,40,Male,Groceries,Snacks,21,Summer,Cash on Delivery,3,6,3
2815,39,Female,Beauty,Perfume,63,Autumn,Card,3.7,13,4
2816,32,Female,Womens Clothing,Dress,40,Winter,Card,3.5,15,5
2817,63,Female,Womens Clothing,Skirt,81,Summer,Card,5,24,7
2818,43,Male,Groceries,Cooking Oil,42,Spring,Card,4,16,3
2819,22,Male,Mens Clothing,Shirt,149,Autumn,Card,3.8,0,0
2820,39,Male,Sports,Yoga Mat,73,Autumn,Card,4.1,32,11
2821,50,Male,Sports,Yoga Mat,51,Summer,Card,4.8,21,8
2822,62,Female,Home,Curtains,268,Summer,Card,4,15,5
2823,34,Male,Mens Clothing,T-Shirt,173,Summer,Card,3.6,16,8
2824,58,Male,Groceries,Snacks,27,Autumn,Card,3.3,18,4
2825,36,Female,Accessories,Sunglasses,112,Summer,Card,4.5,14,2
2826,30,Male,Sports,Football,78,Winter,Card,4.7,15,5
2827,42,Female,Footwear,Formal Shoes,170,Spring,Card,3.8,11,3
2828,50,Male,Mens Clothing,Jacket,163,Spring,Card,4.6,14,2
2829,63,Female,Sports,Football,195,Winter,Card,3.8,15,5
2830,50,Female,Sports,Football,83,Spring,Card,3.7,16,3
2831,49,Female,Womens Clothing,Top,146,Winter,Card,2.9,10,5
2832,27,Female,Sports,Dumbbells,175,Spring,Card,2.7,18,9
2833,21,Female,Womens Clothing,Dress,170,Spring,Card,3.3,14,7
2834,42,Female,Home,Lamp,92,Summer,Cash on Delivery,5,15,5
2835,54,Male,Sports,Yoga Mat,188,Spring,Card,4.8,24,7
2836,47,Male,Electronics,Laptop,585,Autumn,Card,3.6,14,2
2837,62,Male,Groceries,Rice Pack,72,Summer,Cash on Delivery,2.8,14,7
2838,55,Female,Womens Clothing,Top,148,Autumn,Card,3.8,14,7
2839,65,Male,Mens Clothing,T-Shirt,31,Winter,Cash on Delivery,2.5,11,3
2840,23,Female,Accessories,Sunglasses,49,Winter,Cash on Delivery,3.1,10,5
2841,49,Female,Womens Clothing,Skirt,72,Spring,Cash on Delivery,2.7,6,3
2842,64,Female,Footwear,Formal Shoes,174,Winter,Card,3.1,15,5
2843,20,Female,Womens Clothing,Top,168,Spring,Card,4.2,20,5
2844,28,Male,Electronics,Smart Watch,582,Summer,Card,3,10,5
2845,66,Female,Footwear,Sandals,100,Autumn,Card,3.6,11,3
2846,57,Female,Beauty,Makeup Set,29,Winter,Cash on Delivery,3.3,16,3
2847,48,Male,Mens Clothing,T-Shirt,150,Winter,Card,3.7,24,7
2848,39,Female,Womens Clothing,Jeans,193,Spring,Card,2.9,15,5
2849,58,Male,Footwear,Sneakers,81,Summer,Cash on Delivery,3.7,15,5
2850,64,Female,Groceries,Beverages,20,Autumn,Cash on Delivery,3,6,3
2851,38,Female,Beauty,Skincare Kit,82,Summer,Cash on Delivery,4.1,8,4
2852,47,Male,Groceries,Rice Pack,20,Summer,Cash on Delivery,3.8,9,2
2853,49,Female,Womens Clothing,Dress,73,Spring,Cash on Delivery,3.5,20,5
2854,30,Male,Sports,Yoga Mat,95,Summer,Cash on Delivery,4.2,17,6
2855,24,Female,Accessories,Handbag,106,Autumn,Card,3.9,19,7
2856,68,Male,Mens Clothing,Shirt,83,Winter,Card,3.6,8,4
2857,68,Male,Home,Curtains,260,Summer,Card,4,24,7
2858,55,Female,Footwear,Sneakers,197,Summer,Card,3.7,10,5
2859,47,Female,Beauty,Perfume,137,Summer,Card,3.7,14,7
2860,31,Male,Groceries,Rice Pack,61,Spring,Card,3.6,16,3
2861,38,Male,Sports,Football,152,Winter,Card,5,18,9
2862,50,Female,Womens Clothing,Dress,36,Autumn,Cash on Delivery,3.8,10,5
2863,33,Female,Groceries,Beverages,47,Summer,Card,3.5,11,3
2864,35,Male,Mens Clothing,Shirt,130,Spring,Card,4,21,8
2865,47,Male,Sports,Yoga Mat,224,Winter,Card,4.8,24,7
2866,28,Female,Beauty,Skincare Kit,30,Spring,Cash on Delivery,5,17,6
2867,55,Male,Sports,Dumbbells,229,Summer,Card,4.9,28,9
2868,57,Male,Sports,Dumbbells,196,Winter,Card,3.4,10,5
2869,59,Male,Footwear,Formal Shoes,131,Autumn,Card,3.2,15,5
2870,27,Male,Sports,Yoga Mat,119,Autumn,Card,2.2,8,4
2871,62,Female,Womens Clothing,Top,117,Winter,Card,4.5,10,5
2872,58,Female,Footwear,Formal Shoes,144,Winter,Card,2.8,14,2
2873,21,Male,Sports,Football,85,Spring,Cash on Delivery,4.6,28,9
2874,48,Female,Womens Clothing,Dress,136,Spring,Card,4.2,21,8
2875,33,Female,Sports,Dumbbells,249,Winter,Card,4.3,6,3
2876,41,Male,Mens Clothing,T-Shirt,128,Summer,Card,4,14,2
2877,68,Male,Electronics,Mobile Phone,2121,Spring,Card,3.6,4,2
2878,64,Male,Mens Clothing,Jeans,130,Summer,Card,3.5,16,3
2879,54,Male,Footwear,Formal Shoes,68,Autumn,Cash on Delivery,3.7,18,9
2880,55,Male,Sports,Football,236,Summer,Card,2.6,13,4
2881,49,Male,Electronics,Headphones,2448,Autumn,Card,2.8,13,4
2882,26,Male,Electronics,Mobile Phone,1923,Autumn,Card,2.9,8,4
2883,54,Male,Electronics,Smart Watch,1253,Summer,Card,3.9,2,1
2884,40,Female,Womens Clothing,Dress,144,Summer,Card,3.9,10,5
2885,42,Male,Footwear,Sneakers,227,Autumn,Card,2.8,13,4
2886,20,Female,Accessories,Sunglasses,104,Summer,Card,5,21,8
2887,51,Male,Mens Clothing,Shirt,168,Spring,Card,3.3,13,4
2888,37,Female,Beauty,Perfume,95,Autumn,Card,4.4,12,6
2889,45,Female,Womens Clothing,Top,30,Spring,Cash on Delivery,4.2,30,10
2890,57,Male,Sports,Yoga Mat,197,Autumn,Card,3.8,11,3
2891,33,Female,Accessories,Sunglasses,136,Spring,Card,3.6,12,1
2892,41,Female,Beauty,Skincare Kit,111,Summer,Card,3.6,13,4
2893,21,Female,Accessories,Sunglasses,50,Autumn,Cash on Delivery,4.3,14,2
2894,49,Female,Accessories,Handbag,144,Winter,Card,3.2,6,3
2895,65,Male,Home,Curtains,107,Summer,Card,3.7,10,5
2896,55,Male,Sports,Yoga Mat,207,Autumn,Card,4.8,16,3
2897,59,Male,Electronics,Smart Watch,1203,Winter,Card,3.1,18,4
2898,56,Female,Beauty,Perfume,138,Winter,Card,3.7,7,1
2899,40,Female,Footwear,Formal Shoes,209,Summer,Card,4.3,30,10
2900,48,Male,Mens Clothing,Jacket,188,Autumn,Card,4.1,24,12
2901,30,Male,Home,Kitchen Set,38,Summer,Card,3.2,14,7
2902,41,Female,Groceries,Cooking Oil,58,Summer,Cash on Delivery,2.3,10,5
2903,58,Male,Electronics,Headphones,824,Spring,Card,3.8,10,5
2904,47,Female,Home,Curtains,124,Autumn,Card,3,6,3
2905,61,Male,Electronics,Headphones,1369,Winter,Card,2.8,4,2
2906,50,Male,Groceries,Cooking Oil,58,Spring,Card,3.1,16,3
2907,69,Male,Sports,Dumbbells,169,Spring,Card,3.2,36,13
2908,48,Female,Womens Clothing,Jeans,147,Winter,Card,3.5,20,5
2909,40,Male,Home,Lamp,156,Winter,Card,3.3,16,3
2910,29,Female,Home,Lamp,244,Spring,Card,4.5,12,6
2911,67,Male,Electronics,Headphones,1908,Spring,Card,4,24,7
2912,70,Male,Footwear,Sandals,74,Summer,Card,3.4,20,5
2913,38,Female,Womens Clothing,Skirt,74,Summer,Cash on Delivery,4.3,18,4
2914,23,Female,Womens Clothing,Top,44,Summer,Cash on Delivery,4.9,15,5
2915,47,Male,Footwear,Formal Shoes,175,Autumn,Card,5,9,2
2916,42,Female,Accessories,Sunglasses,138,Summer,Card,5,12,1
2917,69,Male,Mens Clothing,T-Shirt,172,Autumn,Card,4.3,18,9
2918,59,Female,Accessories,Wallet,99,Winter,Card,3.5,18,4
2919,67,Female,Womens Clothing,Skirt,149,Autumn,Card,3.8,20,10
2920,47,Female,Footwear,Formal Shoes,58,Autumn,Cash on Delivery,3.1,16,3
2921,40,Male,Sports,Yoga Mat,109,Spring,Card,3.6,12,6
2922,42,Male,Sports,Dumbbells,74,Spring,Card,2.7,8,4
2923,63,Female,Groceries,Snacks,36,Autumn,Card,2.9,19,7
2924,45,Male,Sports,Dumbbells,56,Winter,Card,3.4,15,5
2925,51,Male,Footwear,Formal Shoes,68,Winter,Card,4.3,13,4
2926,66,Male,Electronics,Mobile Phone,2243,Spring,Card,4.4,12,1
2927,25,Male,Mens Clothing,Jeans,136,Spring,Card,4.5,8,4
2928,55,Male,Sports,Football,97,Winter,Card,3.9,6,3
2929,41,Female,Beauty,Perfume,34,Spring,Cash on Delivery,4.3,26,8
2930,64,Female,Accessories,Wallet,108,Winter,Card,3.3,10,5
2931,67,Male,Footwear,Sandals,96,Spring,Card,3.1,5,0
2932,23,Female,Beauty,Skincare Kit,51,Autumn,Cash on Delivery,1.9,14,2
2933,49,Male,Footwear,Sneakers,123,Spring,Card,2.8,21,8
2934,53,Male,Mens Clothing,Jacket,198,Spring,Card,3.4,9,2
2935,58,Male,Electronics,Headphones,1495,Autumn,Card,3.8,6,3
2936,37,Female,Beauty,Perfume,91,Autumn,Cash on Delivery,4.5,12,6
2937,64,Male,Home,Kitchen Set,145,Spring,Card,3.4,19,7
2938,21,Female,Beauty,Makeup Set,32,Autumn,Cash on Delivery,4.1,19,7
2939,50,Male,Electronics,Mobile Phone,1364,Autumn,Card,4.2,20,10
2940,27,Female,Womens Clothing,Top,50,Autumn,Cash on Delivery,3.7,13,4
2941,22,Male,Electronics,Mobile Phone,1428,Summer,Card,3.6,24,7
2942,63,Male,Home,Curtains,208,Autumn,Card,4.2,30,10
2943,28,Female,Footwear,Sneakers,220,Spring,Card,2.7,15,5
2944,48,Male,Electronics,Mobile Phone,1710,Winter,Card,3.9,11,3
2945,31,Male,Sports,Yoga Mat,235,Winter,Card,4.3,18,4
2946,29,Female,Footwear,Formal Shoes,147,Autumn,Card,3.4,6,3
2947,62,Female,Accessories,Handbag,21,Spring,Card,4.7,10,5
2948,37,Female,Beauty,Perfume,98,Autumn,Card,4.2,14,7
2949,51,Male,Electronics,Mobile Phone,1172,Winter,Card,4.1,6,3
2950,52,Female,Accessories,Wallet,48,Summer,Card,3.4,4,2
2951,53,Female,Accessories,Wallet,61,Summer,Card,4.6,11,3
2952,67,Female,Womens Clothing,Dress,154,Winter,Card,4,8,4
2953,70,Female,Footwear,Sneakers,117,Spring,Card,4.6,18,4
2954,37,Male,Sports,Yoga Mat,42,Summer,Cash on Delivery,3.6,15,5
2955,44,Female,Groceries,Rice Pack,43,Autumn,Cash on Delivery,3.9,20,10
2956,57,Female,Womens Clothing,Dress,187,Autumn,Card,2.9,9,2
2957,61,Male,Home,Curtains,151,Winter,Card,4.4,11,3
2958,66,Female,Beauty,Perfume,130,Autumn,Card,3.5,14,7
2959,28,Male,Mens Clothing,Jacket,173,Winter,Card,4.2,20,5
2960,44,Female,Groceries,Rice Pack,66,Spring,Cash on Delivery,2.7,10,5
2961,61,Female,Womens Clothing,Dress,87,Summer,Cash on Delivery,3,20,5
2962,38,Male,Mens Clothing,Shirt,187,Summer,Card,4.6,16,3
2963,40,Female,Accessories,Handbag,41,Winter,Card,3.4,4,2
2964,36,Female,Beauty,Perfume,131,Winter,Card,2.9,16,3
2965,68,Female,Beauty,Makeup Set,58,Autumn,Card,4,22,6
2966,59,Male,Sports,Dumbbells,51,Summer,Card,4.4,11,3
2967,34,Male,Sports,Football,74,Spring,Cash on Delivery,4.5,34,12
2968,40,Female,Footwear,Sandals,169,Spring,Card,4.7,11,3
2969,67,Male,Mens Clothing,Jeans,168,Autumn,Card,3.3,20,5
2970,63,Female,Accessories,Handbag,45,Summer,Cash on Delivery,4.4,13,4
2971,39,Male,Footwear,Sneakers,214,Spring,Card,3.3,8,4
2972,55,Female,Accessories,Sunglasses,34,Summer,Card,3.1,20,5
2973,27,Male,Mens Clothing,Jacket,164,Winter,Card,4.1,10,5
2974,49,Female,Beauty,Makeup Set,56,Winter,Card,2.8,18,4
2975,54,Female,Womens Clothing,Top,131,Winter,Card,3.5,24,7
2976,64,Male,Sports,Yoga Mat,118,Autumn,Card,2.9,13,4
2977,24,Male,Sports,Yoga Mat,154,Autumn,Card,3.5,24,7
2978,58,Male,Electronics,Headphones,2236,Spring,Card,3.1,22,6
2979,33,Female,Footwear,Sandals,64,Summer,Cash on Delivery,4.2,2,1
2980,66,Female,Footwear,Sandals,228,Winter,Card,3.3,26,8
2981,50,Female,Accessories,Handbag,31,Summer,Card,3.9,26,8
2982,39,Female,Footwear,Formal Shoes,114,Spring,Card,3.4,8,4
2983,43,Male,Mens Clothing,Jeans,145,Winter,Card,5,16,3
2984,64,Male,Footwear,Sneakers,53,Winter,Card,3.1,6,3
2985,47,Female,Footwear,Sneakers,69,Autumn,Cash on Delivery,3.4,21,8
2986,26,Male,Groceries,Cooking Oil,48,Spring,Cash on Delivery,3.5,12,6
2987,60,Male,Mens Clothing,T-Shirt,34,Winter,Card,4.6,26,8
2988,35,Female,Womens Clothing,Jeans,59,Autumn,Cash on Delivery,2.9,10,5
2989,32,Female,Accessories,Sunglasses,66,Winter,Card,3.7,15,5
2990,33,Female,Womens Clothing,Dress,58,Winter,Card,3.6,6,3
2991,36,Female,Accessories,Handbag,129,Autumn,Card,3.6,8,4
2992,31,Male,Footwear,Sandals,162,Autumn,Card,4.1,12,6
2993,38,Female,Accessories,Sunglasses,43,Winter,Card,5,10,5
2994,42,Female,Womens Clothing,Top,182,Autumn,Card,2.8,26,8
2995,48,Male,Electronics,Headphones,1721,Spring,Card,3.5,16,3
2996,53,Male,Sports,Football,240,Winter,Card,4.1,17,6
2997,26,Female,Beauty,Skincare Kit,66,Spring,Cash on Delivery,3.8,10,5
2998,22,Female,Beauty,Skincare Kit,48,Winter,Cash on Delivery,3,15,5
2999,52,Male,Footwear,Formal Shoes,157,Autumn,Card,3.5,15,5
3000,37,Female,Footwear,Sneakers,176,Spring,Card,4.7,20,5
3001,35,Female,Beauty,Skincare Kit,47,Autumn,Card,4.2,12,6
3002,69,Male,Electronics,Laptop,1404,Winter,Card,2.5,13,4
3003,59,Female,Footwear,Formal Shoes,112,Spring,Card,3.6,10,5
3004,44,Female,Accessories,Wallet,124,Spring,Card,3.7,21,8
3005,37,Male,Sports,Yoga Mat,145,Spring,Card,2.4,20,5
3006,63,Male,Footwear,Sneakers,214,Autumn,Card,3.3,19,7
3007,42,Female,Beauty,Makeup Set,25,Spring,Card,3.6,15,5
3008,38,Male,Sports,Yoga Mat,159,Winter,Card,3.4,13,4
3009,46,Female,Sports,Yoga Mat,234,Spring,Card,3.4,6,3
3010,42,Female,Womens Clothing,Jeans,31,Winter,Cash on Delivery,3.1,10,5
3011,23,Female,Womens Clothing,Jeans,134,Autumn,Card,3.9,22,6
3012,48,Male,Mens Clothing,Jacket,51,Winter,Card,5,2,1
3013,51,Male,Electronics,Laptop,2375,Winter,Card,2.5,8,4
3014,53,Male,Sports,Yoga Mat,52,Autumn,Card,3.6,6,3
3015,38,Female,Footwear,Formal Shoes,242,Summer,Card,2.6,18,4
3016,23,Female,Accessories,Wallet,64,Spring,Cash on Delivery,3.7,9,2
3017,25,Female,Womens Clothing,Jeans,60,Spring,Card,4.1,22,6
3018,63,Male,Footwear,Sandals,91,Winter,Card,4.1,32,11
3019,63,Male,Mens Clothing,Jacket,112,Autumn,Card,4,8,4
3020,47,Male,Electronics,Laptop,2831,Summer,Card,3.5,16,3
3021,67,Male,Electronics,Mobile Phone,805,Winter,Card,3.8,9,2
3022,35,Male,Mens Clothing,Jacket,63,Summer,Cash on Delivery,3.6,15,5
3023,43,Female,Beauty,Makeup Set,20,Winter,Cash on Delivery,2.7,20,5
3024,60,Female,Footwear,Sandals,53,Spring,Card,4.2,4,2
3025,56,Female,Womens Clothing,Top,81,Spring,Card,3.4,12,6
3026,46,Male,Mens Clothing,Jacket,174,Spring,Card,5,17,6
3027,63,Male,Mens Clothing,Jacket,116,Winter,Card,3.3,26,8
3028,44,Female,Womens Clothing,Skirt,140,Summer,Card,3.5,11,3
3029,46,Female,Accessories,Wallet,169,Winter,Card,3,15,5
3030,44,Male,Electronics,Smart Watch,2810,Winter,Card,4.4,8,4
3031,46,Female,Womens Clothing,Skirt,152,Summer,Card,2.6,11,3
3032,50,Male,Electronics,Headphones,908,Autumn,Card,2.8,8,4
3033,57,Female,Womens Clothing,Skirt,194,Winter,Card,2.9,2,1
3034,28,Male,Footwear,Formal Shoes,240,Spring,Card,4.6,20,5
3035,38,Male,Electronics,Laptop,2592,Autumn,Card,3.3,26,8
3036,57,Female,Womens Clothing,Top,165,Summer,Card,4.7,13,4
3037,22,Male,Footwear,Sandals,42,Winter,Card,3.9,11,3
3038,29,Male,Sports,Dumbbells,236,Summer,Card,2.7,13,4
3039,26,Male,Electronics,Laptop,1688,Summer,Card,2.4,12,6
3040,40,Male,Mens Clothing,T-Shirt,145,Autumn,Card,3.6,22,6
3041,59,Male,Groceries,Beverages,60,Autumn,Cash on Delivery,3.7,13,4
3042,42,Female,Footwear,Sneakers,176,Spring,Card,4.2,16,3
3043,66,Female,Beauty,Skincare Kit,46,Spring,Card,3.2,26,8
3044,50,Male,Electronics,Laptop,1517,Summer,Card,3.6,18,9
3045,51,Female,Beauty,Skincare Kit,87,Spring,Cash on Delivery,3.5,19,7
3046,40,Female,Womens Clothing,Dress,42,Summer,Card,3.5,10,5
3047,35,Female,Beauty,Skincare Kit,149,Spring,Card,4.7,28,9
3048,30,Female,Womens Clothing,Top,142,Winter,Card,2.9,19,7
3049,68,Male,Sports,Dumbbells,149,Autumn,Card,4.7,30,10
3050,34,Female,Footwear,Formal Shoes,223,Winter,Card,4,18,4
3051,37,Female,Accessories,Wallet,24,Winter,Card,3.2,18,4
3052,48,Male,Electronics,Laptop,1299,Winter,Card,3.5,10,0
3053,57,Female,Accessories,Sunglasses,148,Summer,Card,4,24,7
3054,46,Male,Electronics,Mobile Phone,1161,Autumn,Card,4.8,10,5
3055,51,Female,Footwear,Sneakers,204,Autumn,Card,3.4,11,3
3056,57,Female,Home,Lamp,146,Summer,Card,3.2,14,7
3057,70,Female,Footwear,Formal Shoes,222,Spring,Card,3.8,13,4
3058,22,Female,Womens Clothing,Jeans,142,Summer,Card,3.7,14,2
3059,46,Male,Mens Clothing,Jeans,150,Winter,Card,3.9,8,4
3060,33,Female,Beauty,Perfume,48,Autumn,Cash on Delivery,3.8,12,6
3061,28,Male,Groceries,Cooking Oil,12,Autumn,Card,3.7,9,2
3062,39,Female,Womens Clothing,Dress,120,Winter,Card,4,24,7
3063,60,Male,Mens Clothing,T-Shirt,188,Summer,Card,3.4,23,9
3064,37,Male,Groceries,Cooking Oil,70,Autumn,Cash on Delivery,4.3,28,9
3065,40,Female,Womens Clothing,Top,167,Winter,Card,3.9,20,5
3066,56,Male,Mens Clothing,Jeans,109,Autumn,Card,4.4,22,6
3067,42,Male,Footwear,Formal Shoes,235,Winter,Card,4.1,4,2
3068,35,Female,Footwear,Sneakers,203,Spring,Card,3.8,20,5
3069,31,Male,Footwear,Formal Shoes,118,Winter,Card,4.4,15,5
3070,66,Female,Beauty,Perfume,106,Spring,Card,3.5,26,8
3071,59,Male,Electronics,Mobile Phone,2313,Summer,Card,3,18,4
3072,34,Female,Home,Curtains,158,Winter,Card,4.7,17,6
3073,33,Male,Sports,Yoga Mat,59,Spring,Card,3,18,4
3074,40,Male,Mens Clothing,Shirt,192,Summer,Card,3.5,21,8
3075,38,Female,Home,Kitchen Set,164,Summer,Card,3.9,12,6
3076,65,Male,Footwear,Sneakers,85,Summer,Card,3.3,15,5
3077,37,Female,Womens Clothing,Skirt,54,Autumn,Cash on Delivery,3.9,15,5
3078,37,Female,Beauty,Makeup Set,53,Winter,Card,4.3,21,8
3079,46,Male,Electronics,Laptop,1239,Spring,Card,4.1,13,4
3080,30,Female,Womens Clothing,Skirt,100,Winter,Card,3.3,14,2
3081,42,Female,Footwear,Sandals,73,Summer,Cash on Delivery,4.6,22,6
3082,25,Male,Electronics,Mobile Phone,728,Spring,Card,3.6,18,4
3083,48,Female,Accessories,Sunglasses,59,Winter,Card,4.1,18,9
3084,39,Female,Sports,Yoga Mat,178,Summer,Card,3.2,10,5
3085,51,Female,Accessories,Sunglasses,151,Spring,Card,3.6,17,6
3086,54,Male,Footwear,Formal Shoes,94,Winter,Cash on Delivery,3,17,6
3087,52,Male,Mens Clothing,T-Shirt,37,Winter,Card,3.9,9,2
3088,52,Female,Footwear,Sandals,203,Summer,Card,4.6,4,2
3089,26,Male,Sports,Football,178,Winter,Card,3.9,4,2
3090,66,Female,Accessories,Wallet,111,Winter,Card,3.7,13,4
3091,67,Male,Electronics,Mobile Phone,2107,Summer,Card,4.5,10,5
3092,30,Female,Accessories,Handbag,144,Spring,Card,3.8,19,7
3093,37,Male,Sports,Dumbbells,140,Spring,Card,3.8,15,5
3094,64,Female,Beauty,Makeup Set,146,Winter,Card,4,4,2
3095,43,Male,Home,Curtains,50,Spring,Cash on Delivery,4.5,22,6
3096,56,Male,Electronics,Laptop,1391,Spring,Card,4.4,20,5
3097,42,Female,Sports,Dumbbells,55,Summer,Cash on Delivery,4,8,4
3098,61,Male,Footwear,Sandals,214,Spring,Card,4.9,20,5
3099,66,Male,Mens Clothing,Jacket,115,Winter,Card,4.4,8,4
3100,43,Male,Sports,Dumbbells,38,Autumn,Cash on Delivery,4.2,20,5
3101,22,Male,Electronics,Laptop,1684,Autumn,Card,4.5,20,5
3102,21,Male,Electronics,Laptop,1600,Summer,Card,4.2,20,5
3103,70,Female,Accessories,Wallet,55,Autumn,Cash on Delivery,3.7,18,4
3104,20,Female,Home,Curtains,246,Spring,Card,4.4,24,7
3105,24,Female,Sports,Dumbbells,236,Spring,Card,3.8,14,2
3106,53,Male,Sports,Yoga Mat,249,Winter,Card,3.9,18,4
3107,44,Male,Mens Clothing,Jacket,106,Autumn,Card,3.9,25,10
3108,54,Female,Footwear,Formal Shoes,105,Summer,Card,3.2,16,8
3109,62,Female,Groceries,Beverages,41,Summer,Cash on Delivery,2.1,10,5
3110,40,Female,Womens Clothing,Top,165,Spring,Card,4.3,22,6
3111,52,Male,Electronics,Headphones,1788,Winter,Card,4.6,8,4
3112,52,Male,Footwear,Sneakers,158,Spring,Card,3.5,11,3
3113,44,Female,Footwear,Sandals,222,Spring,Card,2.6,10,5
3114,56,Female,Footwear,Sneakers,149,Winter,Card,4.1,17,6
3115,52,Female,Womens Clothing,Skirt,153,Winter,Card,3.8,8,4
3116,55,Female,Groceries,Beverages,68,Spring,Cash on Delivery,4.6,14,2
3117,55,Female,Accessories,Wallet,160,Summer,Card,3.5,6,3
3118,70,Female,Accessories,Handbag,63,Autumn,Cash on Delivery,3.3,14,2
3119,69,Male,Sports,Dumbbells,95,Winter,Card,2.8,16,3
3120,38,Female,Accessories,Sunglasses,172,Summer,Card,4.6,26,8
3121,53,Female,Womens Clothing,Skirt,195,Winter,Card,3.6,14,7
3122,51,Male,Electronics,Headphones,2503,Autumn,Card,1.9,28,9
3123,29,Female,Footwear,Formal Shoes,133,Winter,Card,5,20,5
3124,20,Female,Accessories,Sunglasses,142,Summer,Card,3.8,13,4
3125,28,Male,Sports,Football,108,Winter,Card,2.8,15,5
3126,57,Male,Mens Clothing,T-Shirt,142,Summer,Card,4.3,11,3
3127,56,Male,Sports,Yoga Mat,198,Summer,Card,4.3,25,10
3128,27,Female,Beauty,Perfume,34,Winter,Card,3.4,4,2
3129,61,Female,Groceries,Snacks,23,Summer,Cash on Delivery,3.6,13,4
3130,44,Male,Footwear,Formal Shoes,143,Summer,Card,5,15,5
3131,67,Male,Electronics,Headphones,2411,Winter,Card,3.1,9,2
3132,26,Male,Footwear,Formal Shoes,130,Spring,Card,4,29,12
3133,69,Female,Beauty,Perfume,53,Summer,Card,4.3,19,7
3134,62,Male,Footwear,Sneakers,233,Spring,Card,3.7,13,4
3135,47,Female,Beauty,Makeup Set,38,Summer,Cash on Delivery,3.4,23,9
3136,62,Male,Home,Kitchen Set,204,Summer,Card,3.4,18,4
3137,49,Male,Home,Curtains,73,Spring,Cash on Delivery,4.5,22,6
3138,52,Male,Footwear,Sandals,69,Winter,Cash on Delivery,2.3,24,7
3139,67,Male,Footwear,Sandals,55,Autumn,Cash on Delivery,3.4,23,9
3140,34,Female,Sports,Yoga Mat,199,Autumn,Card,4.3,11,3
3141,43,Male,Electronics,Smart Watch,1989,Spring,Card,3.8,17,6
3142,60,Female,Womens Clothing,Top,119,Winter,Card,3.4,16,3
3143,45,Female,Footwear,Sandals,80,Summer,Cash on Delivery,3.7,22,6
3144,53,Male,Electronics,Laptop,2987,Summer,Card,3.4,16,3
3145,58,Female,Accessories,Handbag,101,Autumn,Card,3.3,18,4
3146,62,Female,Footwear,Sandals,121,Winter,Card,5,22,6
3147,45,Male,Sports,Yoga Mat,152,Autumn,Card,3.6,8,4
3148,28,Female,Accessories,Wallet,28,Winter,Card,3.5,14,2
3149,59,Female,Sports,Yoga Mat,27,Spring,Card,4.5,19,7
3150,70,Female,Sports,Yoga Mat,62,Autumn,Card,3.2,11,3
3151,32,Male,Footwear,Sandals,245,Autumn,Card,3.2,20,5
3152,30,Male,Electronics,Laptop,1948,Summer,Card,4.2,22,6
3153,41,Male,Sports,Dumbbells,125,Winter,Card,3.7,8,4
3154,28,Male,Sports,Dumbbells,181,Autumn,Card,4.3,6,3
3155,34,Female,Sports,Football,45,Spring,Cash on Delivery,3.5,12,6
3156,60,Female,Beauty,Perfume,143,Summer,Card,5,34,12
3157,25,Female,Accessories,Handbag,147,Summer,Card,3.3,6,3
3158,23,Male,Electronics,Smart Watch,2464,Summer,Card,3,9,2
3159,42,Female,Womens Clothing,Top,41,Autumn,Card,3.5,18,4
3160,70,Male,Electronics,Headphones,2039,Spring,Card,4.7,16,3
3161,43,Female,Accessories,Handbag,141,Summer,Card,3.9,8,4
3162,59,Male,Mens Clothing,Jeans,126,Winter,Card,4,4,2
3163,46,Male,Footwear,Sandals,137,Spring,Card,4.6,17,6
3164,26,Female,Beauty,Makeup Set,32,Spring,Card,4.4,25,10
3165,51,Female,Womens Clothing,Top,104,Autumn,Card,4.2,14,2
3166,28,Female,Beauty,Makeup Set,128,Winter,Card,3.6,15,5
3167,31,Female,Footwear,Formal Shoes,60,Summer,Cash on Delivery,3.4,22,6
3168,57,Male,Electronics,Smart Watch,2941,Autumn,Card,3.1,10,5
3169,60,Male,Sports,Dumbbells,100,Autumn,Cash on Delivery,2.5,18,4
3170,43,Female,Accessories,Wallet,35,Spring,Card,4.5,20,5
3171,32,Male,Mens Clothing,Jeans,174,Summer,Card,3.2,8,4
3172,52,Male,Electronics,Laptop,1090,Winter,Card,3.6,13,4
3173,69,Male,Sports,Yoga Mat,37,Summer,Card,3.7,30,10
3174,64,Male,Sports,Dumbbells,243,Winter,Card,4.3,9,2
3175,68,Male,Electronics,Smart Watch,1208,Spring,Card,3.6,12,6
3176,24,Female,Footwear,Sandals,144,Summer,Card,4.4,4,2
3177,57,Male,Mens Clothing,Shirt,74,Autumn,Cash on Delivery,3.2,16,3
3178,22,Female,Footwear,Formal Shoes,249,Spring,Card,2.7,10,5
3179,49,Male,Sports,Yoga Mat,85,Winter,Card,3.3,18,4
3180,65,Female,Footwear,Formal Shoes,183,Winter,Card,4.2,8,4
3181,63,Female,Footwear,Sandals,96,Winter,Card,2.5,11,3
3182,37,Male,Mens Clothing,Shirt,174,Summer,Card,4.3,8,4
3183,35,Male,Sports,Football,203,Spring,Card,2.8,6,3
3184,22,Male,Footwear,Formal Shoes,126,Summer,Card,4.8,10,5
3185,40,Female,Accessories,Handbag,60,Summer,Cash on Delivery,3.1,10,5
3186,40,Male,Sports,Yoga Mat,83,Spring,Card,2.7,13,4
3187,68,Female,Home,Lamp,178,Spring,Card,3.2,15,5
3188,46,Male,Sports,Football,205,Winter,Card,3.2,16,8
3189,35,Male,Mens Clothing,Shirt,166,Spring,Card,2.9,12,6
3190,28,Male,Groceries,Snacks,31,Summer,Cash on Delivery,4.1,8,4
3191,66,Male,Mens Clothing,Jacket,39,Summer,Cash on Delivery,2.9,15,5
3192,41,Female,Accessories,Handbag,45,Spring,Cash on Delivery,4.7,22,6
3193,57,Male,Sports,Dumbbells,175,Autumn,Card,3.6,22,6
3194,22,Male,Footwear,Sandals,243,Winter,Card,4,12,6
3195,62,Female,Womens Clothing,Dress,117,Summer,Card,3.9,23,9
3196,56,Female,Beauty,Skincare Kit,58,Winter,Cash on Delivery,2.8,20,5
3197,21,Male,Footwear,Sneakers,156,Autumn,Card,5,30,10
3198,44,Male,Mens Clothing,T-Shirt,122,Winter,Card,4.8,16,3
3199,24,Male,Mens Clothing,Jacket,78,Summer,Cash on Delivery,3,25,10
3200,34,Male,Sports,Yoga Mat,91,Spring,Cash on Delivery,3.2,14,2
3201,68,Female,Footwear,Sandals,49,Summer,Cash on Delivery,3.8,22,6
3202,59,Male,Electronics,Smart Watch,1412,Spring,Card,2.8,11,3
3203,70,Female,Sports,Dumbbells,192,Autumn,Card,3,9,2
3204,70,Female,Beauty,Perfume,132,Summer,Card,4.3,16,3
3205,48,Female,Beauty,Skincare Kit,70,Winter,Card,3.7,2,1
3206,35,Male,Footwear,Formal Shoes,85,Spring,Card,2.8,20,5
3207,61,Male,Mens Clothing,Shirt,47,Winter,Cash on Delivery,3.8,13,4
3208,55,Male,Sports,Football,164,Autumn,Card,3.7,12,6
3209,50,Male,Mens Clothing,Jacket,74,Spring,Card,5,23,9
3210,23,Female,Beauty,Makeup Set,146,Summer,Card,3.3,18,4
3211,26,Male,Footwear,Sandals,189,Summer,Card,4.2,10,5
3212,41,Female,Beauty,Makeup Set,106,Summer,Card,4.9,13,4
3213,45,Male,Home,Curtains,171,Winter,Card,4.4,12,6
3214,27,Female,Footwear,Sneakers,77,Winter,Cash on Delivery,4.2,15,5
3215,21,Female,Beauty,Skincare Kit,147,Winter,Card,3.4,8,4
3216,46,Female,Womens Clothing,Skirt,31,Winter,Card,4.2,6,3
3217,23,Male,Footwear,Sneakers,232,Autumn,Card,4.2,23,9
3218,59,Male,Sports,Yoga Mat,235,Winter,Card,4.1,22,6
3219,52,Female,Beauty,Perfume,131,Winter,Card,5,24,7
3220,36,Male,Sports,Football,51,Winter,Card,2.4,6,3
3221,40,Female,Accessories,Sunglasses,161,Summer,Card,2.8,14,7
3222,50,Male,Home,Kitchen Set,122,Spring,Card,3.9,16,8
3223,39,Male,Home,Lamp,113,Spring,Card,3.1,30,10
3224,65,Female,Beauty,Makeup Set,85,Winter,Cash on Delivery,2.7,18,4
3225,52,Female,Beauty,Skincare Kit,23,Spring,Card,3.4,6,3
3226,54,Female,Footwear,Sneakers,226,Summer,Card,4.5,17,6
3227,64,Female,Sports,Yoga Mat,209,Spring,Card,2.8,8,4
3228,53,Male,Sports,Football,120,Spring,Card,3.7,6,3
3229,29,Male,Groceries,Rice Pack,42,Spring,Cash on Delivery,4,18,4
3230,50,Male,Sports,Dumbbells,31,Winter,Card,3,12,6
3231,51,Male,Footwear,Sandals,47,Summer,Cash on Delivery,3.5,15,5
3232,70,Female,Accessories,Wallet,125,Spring,Card,4.6,19,7
3233,32,Female,Home,Lamp,101,Winter,Card,3.6,6,3
3234,69,Male,Sports,Football,170,Autumn,Card,3.8,4,2
3235,38,Female,Accessories,Handbag,124,Autumn,Card,3.8,14,7
3236,45,Male,Footwear,Sneakers,118,Winter,Card,5,18,4
3237,47,Female,Accessories,Handbag,167,Autumn,Card,4.1,13,4
3238,65,Male,Home,Curtains,114,Autumn,Card,3.2,8,4
3239,62,Female,Accessories,Handbag,62,Autumn,Card,3.9,10,5
3240,41,Female,Beauty,Makeup Set,30,Autumn,Card,3.5,8,4
3241,60,Female,Beauty,Makeup Set,29,Autumn,Cash on Delivery,4.2,11,3
3242,36,Female,Sports,Yoga Mat,173,Summer,Card,4.4,12,6
3243,47,Male,Footwear,Sandals,143,Winter,Card,3.8,20,5
3244,66,Female,Footwear,Sandals,215,Spring,Card,2.9,11,3
3245,50,Male,Mens Clothing,T-Shirt,179,Spring,Card,3.6,11,3
3246,55,Female,Home,Kitchen Set,41,Spring,Card,4.8,18,9
3247,54,Female,Beauty,Skincare Kit,117,Winter,Card,4.3,28,9
3248,21,Male,Sports,Dumbbells,66,Summer,Card,5,22,6
3249,41,Female,Beauty,Perfume,49,Summer,Card,2.7,8,4
3250,58,Male,Sports,Dumbbells,246,Winter,Card,3.9,20,5
3251,56,Male,Electronics,Mobile Phone,649,Summer,Card,3.3,12,6
3252,51,Female,Groceries,Snacks,68,Autumn,Cash on Delivery,3.9,18,4
3253,38,Male,Mens Clothing,T-Shirt,154,Autumn,Card,3.2,11,3
3254,29,Male,Sports,Yoga Mat,51,Spring,Card,4.9,30,10
3255,70,Female,Accessories,Wallet,116,Spring,Card,4.4,6,3
3256,49,Female,Beauty,Perfume,132,Winter,Card,2.3,15,5
3257,69,Male,Footwear,Sandals,195,Winter,Card,4.7,9,2
3258,34,Male,Footwear,Formal Shoes,114,Autumn,Card,3.6,21,8
3259,58,Female,Sports,Yoga Mat,84,Spring,Card,3.8,16,3
3260,60,Male,Electronics,Smart Watch,2936,Summer,Card,5,20,5
3261,51,Male,Electronics,Smart Watch,1370,Summer,Card,3,10,5
3262,68,Female,Beauty,Makeup Set,23,Autumn,Card,5,11,3
3263,40,Male,Sports,Yoga Mat,231,Winter,Card,4,8,4
3264,31,Male,Sports,Football,212,Autumn,Card,3.5,15,5
3265,20,Female,Womens Clothing,Top,78,Winter,Cash on Delivery,4.1,8,4
3266,35,Male,Sports,Yoga Mat,190,Autumn,Card,4.5,11,3
3267,39,Female,Footwear,Formal Shoes,144,Summer,Card,4.9,16,3
3268,56,Male,Groceries,Snacks,44,Summer,Cash on Delivery,3.9,27,11
3269,58,Female,Beauty,Skincare Kit,69,Autumn,Card,4.3,18,4
3270,68,Female,Footwear,Sandals,70,Winter,Cash on Delivery,4.9,21,8
3271,22,Female,Home,Lamp,242,Autumn,Card,4.5,22,6
3272,20,Female,Beauty,Perfume,140,Spring,Card,4.1,19,7
3273,64,Male,Home,Curtains,80,Spring,Card,3.3,26,8
3274,33,Male,Footwear,Sandals,249,Autumn,Card,3.8,15,5
3275,45,Male,Footwear,Sneakers,227,Winter,Card,3.8,15,5
3276,24,Male,Sports,Dumbbells,153,Spring,Card,3.2,15,5
3277,24,Male,Mens Clothing,T-Shirt,101,Spring,Card,2.9,10,5
3278,70,Male,Mens Clothing,Jacket,129,Summer,Card,4.4,17,6
3279,49,Female,Sports,Yoga Mat,93,Summer,Cash on Delivery,4,8,4
3280,69,Male,Mens Clothing,T-Shirt,121,Winter,Card,3.9,10,5
3281,36,Male,Mens Clothing,Shirt,76,Summer,Cash on Delivery,4.3,10,5
3282,25,Male,Sports,Yoga Mat,227,Winter,Card,3.8,24,7
3283,63,Male,Sports,Yoga Mat,130,Winter,Card,2.6,4,2
3284,57,Male,Footwear,Sandals,53,Winter,Card,4.3,16,3
3285,21,Female,Womens Clothing,Jeans,151,Summer,Card,3,24,7
3286,57,Male,Footwear,Sneakers,49,Autumn,Cash on Delivery,3.3,18,4
3287,50,Female,Beauty,Skincare Kit,72,Winter,Cash on Delivery,4.5,20,5
3288,30,Male,Home,Lamp,166,Autumn,Card,4.5,18,4
3289,62,Male,Sports,Football,249,Autumn,Card,2.8,13,4
3290,35,Male,Electronics,Laptop,2953,Spring,Card,3,11,3
3291,20,Male,Sports,Football,227,Summer,Card,4,17,6
3292,41,Male,Mens Clothing,T-Shirt,137,Autumn,Card,4,9,2
3293,60,Female,Footwear,Formal Shoes,192,Spring,Card,5,9,2
3294,34,Female,Womens Clothing,Dress,83,Winter,Cash on Delivery,3.5,32,11
3295,52,Female,Footwear,Sandals,50,Summer,Card,4.2,17,6
3296,43,Female,Accessories,Sunglasses,171,Winter,Card,3,15,5
3297,22,Male,Mens Clothing,Jacket,58,Summer,Cash on Delivery,3.4,10,5
3298,25,Male,Electronics,Smart Watch,1660,Autumn,Card,4.1,11,3
3299,50,Male,Sports,Football,100,Spring,Card,3.2,22,6
3300,61,Female,Footwear,Formal Shoes,101,Summer,Card,3.6,16,3
3301,37,Male,Electronics,Laptop,1894,Winter,Card,4.3,12,6
3302,44,Female,Footwear,Sneakers,111,Spring,Card,3.3,20,5
3303,45,Female,Beauty,Makeup Set,41,Spring,Card,3.8,14,2
3304,66,Female,Womens Clothing,Dress,46,Summer,Cash on Delivery,3.5,16,8
3305,61,Female,Accessories,Wallet,48,Winter,Card,3.6,10,5
3306,49,Male,Electronics,Mobile Phone,2743,Summer,Card,4.7,20,5
3307,21,Female,Womens Clothing,Top,104,Autumn,Card,3.8,10,5
3308,28,Male,Electronics,Mobile Phone,2723,Spring,Card,3.9,17,6
3309,41,Male,Electronics,Smart Watch,956,Autumn,Card,3.5,21,8
3310,59,Male,Mens Clothing,Jacket,179,Winter,Card,3.9,11,3
3311,70,Male,Footwear,Sneakers,238,Winter,Card,3.3,13,4
3312,21,Female,Footwear,Formal Shoes,112,Winter,Card,3,15,5
3313,53,Female,Womens Clothing,Dress,100,Summer,Card,3.4,21,8
3314,46,Male,Footwear,Formal Shoes,70,Autumn,Card,4,22,6
3315,61,Female,Womens Clothing,Skirt,128,Spring,Card,4.6,18,4
3316,43,Male,Mens Clothing,T-Shirt,84,Spring,Cash on Delivery,3,8,4
3317,39,Female,Footwear,Sneakers,140,Winter,Card,3.8,12,6
3318,25,Female,Footwear,Sandals,67,Autumn,Cash on Delivery,3.8,8,4
3319,69,Female,Beauty,Perfume,49,Autumn,Cash on Delivery,4.3,2,1
3320,52,Female,Beauty,Skincare Kit,34,Spring,Cash on Delivery,2.4,15,5
3321,40,Male,Mens Clothing,Jacket,71,Autumn,Card,4.5,16,3
3322,29,Female,Womens Clothing,Jeans,65,Spring,Cash on Delivery,4.6,4,2
3323,65,Male,Sports,Yoga Mat,245,Spring,Card,3.1,10,5
3324,61,Female,Accessories,Handbag,68,Autumn,Cash on Delivery,4.9,18,9
3325,66,Female,Accessories,Handbag,41,Winter,Cash on Delivery,2.8,2,1
3326,63,Male,Sports,Football,154,Autumn,Card,3.3,13,4
3327,24,Female,Footwear,Sneakers,175,Summer,Card,3.9,17,6
3328,38,Male,Mens Clothing,Jacket,193,Spring,Card,3.6,16,8
3329,21,Female,Footwear,Formal Shoes,42,Summer,Cash on Delivery,2.9,9,2
3330,41,Female,Home,Curtains,260,Summer,Card,4,22,6
3331,42,Male,Mens Clothing,Jeans,48,Summer,Cash on Delivery,5,10,5
3332,56,Female,Beauty,Makeup Set,100,Summer,Card,3.5,8,4
3333,25,Male,Footwear,Formal Shoes,98,Autumn,Card,4.3,9,2
3334,34,Male,Electronics,Mobile Phone,2073,Autumn,Card,4.2,8,4
3335,47,Female,Womens Clothing,Top,98,Summer,Cash on Delivery,3.7,18,4
3336,35,Male,Sports,Football,33,Spring,Cash on Delivery,4.5,10,5
3337,26,Male,Sports,Dumbbells,168,Spring,Card,2.9,14,7
3338,63,Male,Electronics,Headphones,2939,Summer,Card,3.3,18,4
3339,59,Female,Accessories,Sunglasses,37,Winter,Cash on Delivery,2.4,18,4
3340,57,Male,Footwear,Sneakers,219,Summer,Card,4.3,18,4
3341,24,Female,Footwear,Sandals,80,Spring,Card,3.6,10,5
3342,44,Female,Beauty,Perfume,83,Spring,Cash on Delivery,3.2,14,7
3343,35,Male,Groceries,Beverages,20,Summer,Card,4.8,12,6
3344,55,Male,Mens Clothing,Shirt,112,Autumn,Card,3.6,8,4
3345,31,Female,Home,Curtains,219,Summer,Card,4.1,20,5
3346,62,Female,Beauty,Perfume,136,Winter,Card,2.7,12,6
3347,52,Female,Sports,Dumbbells,210,Autumn,Card,3,10,5
3348,53,Male,Mens Clothing,Shirt,90,Spring,Card,3.5,18,4
3349,28,Female,Beauty,Skincare Kit,132,Autumn,Card,2.7,19,7
3350,20,Male,Footwear,Formal Shoes,162,Winter,Card,3.5,8,4
3351,47,Female,Home,Lamp,243,Autumn,Card,2.8,11,3
3352,40,Male,Mens Clothing,T-Shirt,114,Spring,Card,3.2,6,3
3353,24,Female,Accessories,Sunglasses,46,Summer,Cash on Delivery,3.9,12,1
3354,24,Female,Accessories,Handbag,144,Spring,Card,5,28,9
3355,59,Male,Home,Curtains,79,Winter,Cash on Delivery,4.4,22,6
3356,47,Female,Accessories,Wallet,40,Summer,Card,3.3,11,3
3357,68,Male,Footwear,Formal Shoes,205,Spring,Card,2,18,4
3358,56,Male,Sports,Yoga Mat,53,Summer,Cash on Delivery,4.6,10,0
3359,34,Male,Sports,Dumbbells,110,Winter,Card,3.3,16,8
3360,31,Male,Footwear,Sneakers,234,Autumn,Card,4.6,14,7
3361,22,Female,Accessories,Wallet,117,Winter,Card,3.8,10,5
3362,59,Male,Mens Clothing,T-Shirt,177,Winter,Card,5,28,9
3363,20,Male,Footwear,Sneakers,52,Spring,Card,3.5,20,5
3364,51,Female,Beauty,Skincare Kit,95,Winter,Cash on Delivery,3.7,18,4
3365,22,Female,Sports,Football,53,Autumn,Cash on Delivery,4.3,26,8
3366,26,Female,Footwear,Sandals,119,Spring,Card,4.1,13,4
3367,36,Female,Accessories,Handbag,142,Summer,Card,3.1,20,5
3368,38,Female,Home,Lamp,279,Summer,Card,4.3,5,0
3369,22,Female,Beauty,Makeup Set,69,Autumn,Cash on Delivery,3.2,16,3
3370,48,Male,Sports,Yoga Mat,185,Spring,Card,1.7,16,3
3371,42,Female,Sports,Dumbbells,94,Winter,Card,4.1,18,4
3372,24,Male,Mens Clothing,Shirt,158,Spring,Card,3.2,15,5
3373,24,Male,Footwear,Sandals,74,Autumn,Cash on Delivery,3.7,22,6
3374,63,Male,Groceries,Rice Pack,14,Spring,Card,3.7,16,8
3375,34,Male,Mens Clothing,Jacket,59,Autumn,Card,3.6,22,6
3376,57,Female,Home,Lamp,149,Winter,Card,3.8,16,3
3377,62,Male,Footwear,Formal Shoes,171,Winter,Card,4,18,4
3378,49,Male,Groceries,Beverages,56,Winter,Cash on Delivery,3.2,16,3
3379,41,Female,Beauty,Makeup Set,85,Spring,Card,5,10,5
3380,47,Female,Beauty,Skincare Kit,122,Autumn,Card,4.2,18,4
3381,49,Female,Footwear,Sneakers,100,Autumn,Card,3.6,19,7
3382,41,Female,Footwear,Formal Shoes,215,Autumn,Card,3.7,16,8
3383,56,Female,Beauty,Skincare Kit,49,Autumn,Card,4.7,16,3
3384,21,Female,Home,Kitchen Set,184,Winter,Card,4.6,27,11
3385,24,Male,Sports,Dumbbells,137,Summer,Card,3.3,11,3
3386,44,Female,Womens Clothing,Skirt,32,Winter,Cash on Delivery,3.6,15,5
3387,68,Male,Mens Clothing,T-Shirt,193,Autumn,Card,4.1,13,4
3388,41,Female,Groceries,Rice Pack,18,Summer,Card,2.5,30,10
3389,43,Female,Sports,Dumbbells,123,Summer,Card,4.5,17,6
3390,21,Female,Footwear,Sandals,84,Autumn,Card,3.3,4,2
3391,63,Female,Womens Clothing,Dress,180,Autumn,Card,4.6,13,4
3392,63,Female,Womens Clothing,Jeans,103,Autumn,Card,2.3,14,7
3393,46,Male,Electronics,Mobile Phone,1335,Summer,Card,2.4,16,3
3394,60,Male,Electronics,Headphones,2996,Spring,Card,4.6,14,7
3395,26,Female,Footwear,Sandals,113,Autumn,Card,3.7,26,8
3396,65,Female,Beauty,Makeup Set,116,Winter,Card,3.9,30,10
3397,69,Female,Accessories,Sunglasses,107,Winter,Card,4.1,13,4
3398,48,Male,Footwear,Sneakers,107,Spring,Card,4.7,22,6
3399,22,Female,Groceries,Cooking Oil,72,Spring,Card,3.6,22,6
3400,23,Male,Sports,Dumbbells,79,Summer,Card,3.9,13,4
3401,21,Male,Footwear,Sneakers,219,Winter,Card,4.5,12,6
3402,54,Male,Mens Clothing,Jacket,131,Autumn,Card,4.9,14,7
3403,23,Male,Footwear,Sandals,76,Spring,Card,4.8,11,3
3404,36,Male,Sports,Yoga Mat,135,Summer,Card,4.8,12,6
3405,56,Male,Sports,Dumbbells,225,Autumn,Card,4.8,13,4
3406,65,Female,Beauty,Skincare Kit,29,Autumn,Card,3.6,13,4
3407,64,Male,Mens Clothing,Shirt,57,Summer,Cash on Delivery,3.6,15,5
3408,38,Male,Footwear,Sneakers,72,Spring,Cash on Delivery,3.3,13,4
3409,34,Female,Sports,Dumbbells,214,Autumn,Card,3.7,22,6
3410,35,Female,Womens Clothing,Skirt,97,Spring,Cash on Delivery,3.1,18,4
3411,67,Female,Accessories,Sunglasses,155,Winter,Card,3.9,18,4
3412,55,Female,Beauty,Perfume,93,Winter,Card,3.7,8,4
3413,64,Female,Beauty,Makeup Set,82,Spring,Card,3.8,17,6
3414,39,Female,Footwear,Sneakers,249,Summer,Card,3.9,21,8
3415,23,Male,Home,Lamp,269,Spring,Card,4.2,13,4
3416,66,Male,Sports,Football,81,Winter,Cash on Delivery,3.9,20,5
3417,29,Female,Womens Clothing,Skirt,135,Summer,Card,2.2,19,7
3418,54,Female,Beauty,Skincare Kit,127,Autumn,Card,3.5,18,4
3419,48,Male,Footwear,Sneakers,122,Spring,Card,4.4,6,3
3420,30,Female,Home,Lamp,194,Spring,Card,4.2,13,4
3421,48,Female,Footwear,Sandals,226,Summer,Card,3.2,6,3
3422,47,Female,Womens Clothing,Jeans,194,Spring,Card,3.3,16,3
3423,48,Male,Electronics,Laptop,2611,Summer,Card,3.5,13,4
3424,20,Female,Footwear,Sneakers,104,Spring,Card,2.8,11,3
3425,37,Male,Footwear,Formal Shoes,160,Winter,Card,3.8,11,3
3426,63,Male,Mens Clothing,Jeans,163,Autumn,Card,4,18,4
3427,49,Female,Home,Kitchen Set,106,Winter,Card,3.5,16,3
3428,40,Male,Electronics,Headphones,1340,Spring,Card,4.1,28,9
3429,55,Female,Accessories,Wallet,67,Spring,Card,3.7,14,2
3430,50,Female,Womens Clothing,Dress,114,Autumn,Card,3.3,10,5
3431,63,Female,Accessories,Wallet,172,Summer,Card,3.8,17,6
3432,36,Male,Footwear,Sneakers,75,Spring,Cash on Delivery,4.3,11,3
3433,34,Female,Womens Clothing,Dress,47,Spring,Cash on Delivery,3.1,18,4
3434,70,Male,Footwear,Sandals,248,Spring,Card,4.1,12,6
3435,65,Female,Beauty,Perfume,119,Summer,Card,2.9,18,4
3436,38,Male,Electronics,Mobile Phone,2078,Winter,Card,3.2,8,4
3437,24,Male,Electronics,Mobile Phone,2161,Winter,Card,2.7,6,3
3438,45,Male,Footwear,Sandals,179,Autumn,Card,3.9,13,4
3439,63,Male,Home,Kitchen Set,49,Winter,Cash on Delivery,3.6,18,4
3440,55,Male,Electronics,Headphones,845,Winter,Card,4.7,4,2
3441,58,Female,Groceries,Cooking Oil,62,Autumn,Card,2.9,10,5
3442,20,Male,Electronics,Mobile Phone,1267,Summer,Card,3.5,6,3
3443,51,Female,Accessories,Handbag,89,Summer,Cash on Delivery,3,14,7
3444,59,Female,Beauty,Perfume,31,Autumn,Cash on Delivery,3.7,15,5
3445,20,Female,Groceries,Rice Pack,40,Spring,Cash on Delivery,4.9,20,5
3446,33,Female,Footwear,Sneakers,95,Summer,Cash on Delivery,4.9,20,5
3447,46,Female,Groceries,Rice Pack,48,Winter,Cash on Delivery,3.4,11,3
3448,29,Male,Footwear,Sneakers,52,Winter,Card,3.9,17,6
3449,59,Female,Groceries,Beverages,63,Autumn,Card,3.1,26,8
3450,37,Female,Beauty,Perfume,38,Spring,Card,2.9,15,5
3451,43,Female,Footwear,Sandals,183,Autumn,Card,4.4,28,9
3452,38,Female,Sports,Dumbbells,104,Summer,Card,3.4,21,8
3453,25,Male,Mens Clothing,T-Shirt,86,Spring,Card,3.9,25,10
3454,25,Male,Sports,Yoga Mat,134,Winter,Card,3.8,9,2
3455,50,Male,Electronics,Headphones,2995,Autumn,Card,3.6,25,10
3456,23,Female,Womens Clothing,Jeans,130,Spring,Card,3.8,20,5
3457,44,Female,Home,Lamp,219,Winter,Card,5,28,9
3458,33,Female,Womens Clothing,Skirt,111,Winter,Card,3.7,10,5
3459,20,Male,Groceries,Beverages,32,Autumn,Cash on Delivery,4.3,12,1
3460,56,Female,Womens Clothing,Skirt,67,Winter,Card,4.8,20,5
3461,70,Male,Footwear,Sandals,216,Summer,Card,4.5,14,2
3462,55,Female,Footwear,Formal Shoes,166,Summer,Card,4.1,6,3
3463,24,Male,Footwear,Sandals,75,Summer,Cash on Delivery,4.1,14,7
3464,34,Female,Womens Clothing,Skirt,78,Spring,Cash on Delivery,4.2,10,5
3465,45,Female,Footwear,Sneakers,66,Spring,Card,3.7,11,3
3466,49,Male,Footwear,Formal Shoes,101,Autumn,Card,4.6,18,9
3467,68,Female,Beauty,Perfume,110,Spring,Card,2.8,14,7
3468,26,Female,Beauty,Skincare Kit,101,Summer,Card,4.1,16,3
3469,52,Female,Footwear,Sneakers,236,Spring,Card,3.6,11,3
3470,66,Male,Mens Clothing,T-Shirt,164,Summer,Card,4.1,17,6
3471,53,Male,Sports,Dumbbells,205,Summer,Card,4.2,12,6
3472,44,Female,Womens Clothing,Dress,61,Winter,Card,4.6,22,6
3473,44,Female,Accessories,Sunglasses,80,Winter,Card,3.2,16,3
3474,37,Male,Sports,Dumbbells,229,Winter,Card,3.9,22,6
3475,30,Female,Beauty,Makeup Set,146,Winter,Card,3.4,8,4
3476,58,Female,Beauty,Perfume,58,Summer,Cash on Delivery,1.9,8,4
3477,42,Male,Home,Curtains,62,Winter,Card,5,17,6
3478,46,Male,Mens Clothing,Shirt,76,Winter,Cash on Delivery,4.7,16,8
3479,23,Female,Womens Clothing,Skirt,93,Autumn,Card,3.6,14,2
3480,41,Male,Sports,Dumbbells,51,Summer,Card,3.7,22,6
3481,29,Male,Mens Clothing,T-Shirt,89,Winter,Cash on Delivery,2.7,15,5
3482,38,Male,Footwear,Sneakers,129,Spring,Card,4.1,12,6
3483,61,Female,Footwear,Formal Shoes,58,Summer,Cash on Delivery,4.3,22,6
3484,33,Female,Home,Kitchen Set,145,Winter,Card,3.6,12,1
3485,61,Male,Mens Clothing,Shirt,160,Winter,Card,2.7,6,3
3486,42,Female,Footwear,Formal Shoes,226,Winter,Card,3.7,10,5
3487,28,Female,Womens Clothing,Jeans,57,Summer,Cash on Delivery,3.1,13,4
3488,53,Male,Mens Clothing,T-Shirt,134,Autumn,Card,4.3,18,4
3489,64,Female,Beauty,Perfume,58,Summer,Card,5,18,4
3490,64,Male,Mens Clothing,Shirt,77,Summer,Card,3.9,6,3
3491,68,Male,Sports,Football,33,Spring,Cash on Delivery,3.9,18,9
3492,34,Male,Mens Clothing,T-Shirt,57,Spring,Cash on Delivery,3.9,18,4
3493,57,Female,Womens Clothing,Jeans,114,Autumn,Card,3.1,8,4
3494,50,Female,Womens Clothing,Jeans,34,Summer,Card,4.2,21,8
3495,45,Male,Electronics,Laptop,1461,Winter,Card,4.3,8,4
3496,23,Male,Sports,Yoga Mat,207,Summer,Card,4.4,16,8
3497,33,Female,Womens Clothing,Jeans,80,Spring,Card,4.4,20,5
3498,38,Male,Footwear,Sandals,171,Autumn,Card,2.7,12,6
3499,50,Female,Footwear,Sandals,109,Autumn,Card,3.9,15,5
3500,33,Male,Electronics,Mobile Phone,2665,Winter,Card,5,22,6
3501,38,Female,Accessories,Sunglasses,127,Spring,Card,4.1,15,5
3502,40,Male,Sports,Yoga Mat,200,Summer,Card,3.7,20,5
3503,37,Female,Footwear,Sneakers,163,Autumn,Card,4.4,20,5
3504,50,Male,Sports,Football,113,Winter,Card,4.5,17,6
3505,47,Female,Groceries,Snacks,73,Summer,Cash on Delivery,3.6,22,6
3506,49,Female,Accessories,Sunglasses,41,Autumn,Card,2.1,4,2
3507,70,Male,Electronics,Smart Watch,2743,Summer,Card,4,22,6
3508,32,Female,Groceries,Beverages,10,Spring,Card,4.4,10,5
3509,65,Female,Accessories,Sunglasses,34,Spring,Card,3.1,22,6
3510,39,Male,Mens Clothing,Jeans,84,Winter,Cash on Delivery,4,11,3
3511,58,Male,Mens Clothing,Shirt,147,Winter,Card,4.5,6,3
3512,44,Female,Groceries,Cooking Oil,29,Summer,Cash on Delivery,4.8,9,2
3513,38,Male,Home,Lamp,180,Autumn,Card,2.9,14,7
3514,65,Male,Electronics,Headphones,1279,Autumn,Card,4.4,11,3
3515,23,Female,Womens Clothing,Skirt,31,Summer,Cash on Delivery,3,8,4
3516,20,Female,Groceries,Beverages,48,Spring,Card,4.3,24,7
3517,36,Female,Womens Clothing,Top,99,Spring,Card,4.4,10,5
3518,46,Female,Womens Clothing,Top,84,Summer,Card,3.4,4,2
3519,45,Male,Footwear,Sandals,174,Summer,Card,4,13,4
3520,62,Male,Sports,Yoga Mat,50,Spring,Card,3.4,24,7
3521,66,Male,Electronics,Smart Watch,2989,Spring,Card,4.1,8,4
3522,25,Male,Footwear,Sandals,91,Winter,Cash on Delivery,4.6,21,8
3523,63,Male,Footwear,Formal Shoes,149,Winter,Card,3.7,4,2
3524,68,Female,Sports,Dumbbells,208,Autumn,Card,3.3,6,3
3525,41,Male,Groceries,Snacks,76,Autumn,Cash on Delivery,4.7,12,1
3526,42,Female,Womens Clothing,Top,196,Summer,Card,2.7,15,5
3527,20,Female,Womens Clothing,Skirt,102,Autumn,Card,3.6,4,2
3528,62,Male,Footwear,Formal Shoes,163,Autumn,Card,4.3,22,6
3529,67,Female,Womens Clothing,Dress,184,Autumn,Card,3.2,14,2
3530,27,Female,Beauty,Skincare Kit,92,Winter,Cash on Delivery,4.2,14,2
3531,27,Male,Home,Lamp,91,Spring,Card,3.6,10,5
3532,69,Male,Sports,Yoga Mat,214,Summer,Card,3.7,6,3
3533,40,Male,Electronics,Laptop,2397,Winter,Card,4,32,11
3534,64,Female,Accessories,Handbag,175,Autumn,Card,5,24,7
3535,34,Male,Electronics,Smart Watch,2048,Autumn,Card,4,22,6
3536,67,Female,Womens Clothing,Skirt,148,Spring,Card,4.5,20,5
3537,27,Male,Sports,Football,118,Spring,Card,4,19,7
3538,33,Female,Beauty,Skincare Kit,55,Winter,Card,3.4,13,4
3539,57,Female,Accessories,Wallet,40,Summer,Cash on Delivery,3.4,10,5
3540,47,Male,Footwear,Formal Shoes,138,Autumn,Card,4.6,15,5
3541,20,Female,Footwear,Formal Shoes,80,Winter,Card,4.6,10,5
3542,58,Female,Accessories,Handbag,98,Spring,Cash on Delivery,2.8,10,5
3543,29,Female,Accessories,Wallet,135,Spring,Card,3.7,10,5
3544,68,Male,Mens Clothing,Shirt,95,Autumn,Card,4.4,17,6
3545,50,Female,Beauty,Skincare Kit,122,Winter,Card,4.1,28,9
3546,21,Female,Womens Clothing,Dress,155,Summer,Card,3,13,4
3547,65,Male,Mens Clothing,Shirt,146,Summer,Card,2.5,2,1
3548,67,Male,Sports,Yoga Mat,223,Summer,Card,4.8,13,4
3549,28,Female,Footwear,Sandals,238,Autumn,Card,4.7,9,2
3550,53,Female,Womens Clothing,Dress,182,Autumn,Card,2.8,13,4
3551,53,Male,Electronics,Headphones,2807,Summer,Card,2.7,22,6
3552,24,Male,Sports,Dumbbells,141,Autumn,Card,4.1,10,5
3553,68,Male,Groceries,Beverages,78,Winter,Cash on Delivery,3.6,10,5
3554,70,Female,Footwear,Formal Shoes,165,Autumn,Card,4.1,6,3
3555,43,Male,Sports,Yoga Mat,246,Winter,Card,4.5,14,2
3556,26,Female,Beauty,Makeup Set,122,Summer,Card,4.1,11,3
3557,21,Male,Sports,Dumbbells,245,Winter,Card,2.9,6,3
3558,68,Female,Beauty,Makeup Set,116,Autumn,Card,3.3,28,9
3559,65,Male,Groceries,Cooking Oil,32,Autumn,Cash on Delivery,2.4,14,7
3560,42,Male,Sports,Dumbbells,151,Summer,Card,4.3,17,6
3561,40,Female,Footwear,Sandals,170,Summer,Card,3,13,4
3562,47,Female,Sports,Football,58,Autumn,Cash on Delivery,4.4,16,3
3563,53,Female,Beauty,Skincare Kit,68,Autumn,Cash on Delivery,3.3,10,5
3564,48,Male,Footwear,Sneakers,180,Autumn,Card,4.9,28,9
3565,33,Male,Electronics,Laptop,2845,Summer,Card,3.9,8,4
3566,42,Female,Footwear,Sneakers,126,Summer,Card,2.8,10,5
3567,45,Female,Beauty,Skincare Kit,22,Spring,Cash on Delivery,3.4,9,2
3568,42,Male,Groceries,Beverages,66,Winter,Cash on Delivery,2.8,10,5
3569,56,Female,Accessories,Wallet,111,Autumn,Card,4,22,6
3570,37,Female,Accessories,Handbag,35,Autumn,Cash on Delivery,3.5,13,4
3571,34,Female,Footwear,Sandals,42,Spring,Card,4,8,4
3572,61,Male,Sports,Football,44,Summer,Cash on Delivery,3.3,20,5
3573,34,Male,Footwear,Sandals,186,Autumn,Card,3.8,16,3
3574,42,Male,Mens Clothing,Jacket,183,Winter,Card,3.1,12,6
3575,38,Female,Accessories,Wallet,115,Spring,Card,2.7,19,7
3576,58,Female,Footwear,Formal Shoes,201,Spring,Card,3.7,14,7
3577,31,Male,Footwear,Formal Shoes,142,Winter,Card,3.7,30,10
3578,22,Male,Mens Clothing,Shirt,61,Autumn,Card,3.2,8,4
3579,54,Female,Womens Clothing,Top,81,Summer,Cash on Delivery,3.7,21,8
3580,63,Female,Accessories,Sunglasses,88,Autumn,Cash on Delivery,3.4,28,9
3581,47,Male,Electronics,Headphones,1425,Autumn,Card,3.5,24,7
3582,36,Male,Mens Clothing,Jacket,77,Autumn,Cash on Delivery,2.8,12,6
3583,47,Female,Groceries,Rice Pack,46,Autumn,Card,3.4,14,7
3584,54,Male,Mens Clothing,Jeans,42,Autumn,Card,4.2,22,6
3585,46,Male,Sports,Football,63,Spring,Card,2.3,13,4
3586,38,Male,Electronics,Smart Watch,2479,Spring,Card,4.9,32,11
3587,25,Female,Accessories,Wallet,84,Spring,Cash on Delivery,3.7,20,5
3588,68,Male,Electronics,Headphones,2454,Autumn,Card,4.1,20,5
3589,56,Male,Electronics,Smart Watch,1041,Autumn,Card,3.4,15,5
3590,56,Male,Sports,Dumbbells,235,Summer,Card,2.4,15,5
3591,35,Female,Beauty,Makeup Set,36,Autumn,Card,4.3,8,4
3592,27,Male,Mens Clothing,Shirt,135,Spring,Card,3.2,16,3
3593,33,Female,Footwear,Sandals,149,Winter,Card,4.1,4,2
3594,30,Male,Mens Clothing,Jacket,105,Summer,Card,3.9,22,6
3595,49,Female,Accessories,Handbag,103,Summer,Card,3.5,26,8
3596,55,Female,Home,Lamp,299,Autumn,Card,4.7,17,6
3597,51,Male,Sports,Yoga Mat,39,Spring,Card,3.7,20,5
3598,40,Male,Mens Clothing,Shirt,133,Summer,Card,3.8,17,6
3599,42,Male,Electronics,Mobile Phone,897,Autumn,Card,3.8,19,7
3600,52,Male,Footwear,Sneakers,86,Winter,Cash on Delivery,3.2,22,6
3601,56,Female,Footwear,Sandals,125,Autumn,Card,2.8,18,4
3602,46,Male,Sports,Yoga Mat,216,Winter,Card,3.2,22,6
3603,55,Female,Beauty,Makeup Set,30,Spring,Cash on Delivery,3.8,4,2
3604,39,Female,Womens Clothing,Top,175,Autumn,Card,2.9,13,4
3605,49,Male,Mens Clothing,Shirt,101,Spring,Card,3.3,12,6
3606,53,Male,Sports,Dumbbells,62,Winter,Card,5,28,9
3607,34,Female,Sports,Dumbbells,118,Autumn,Card,4.4,16,3
3608,70,Female,Beauty,Perfume,130,Spring,Card,4.3,15,5
3609,69,Male,Sports,Yoga Mat,226,Winter,Card,3.8,22,6
3610,27,Male,Sports,Dumbbells,166,Summer,Card,3.4,14,2
3611,30,Male,Footwear,Sneakers,198,Spring,Card,3.3,17,6
3612,58,Male,Mens Clothing,Jacket,104,Autumn,Card,2.8,6,3
3613,32,Male,Groceries,Snacks,78,Autumn,Card,4.2,8,4
3614,43,Female,Footwear,Sneakers,118,Spring,Card,4,12,1
3615,26,Male,Groceries,Cooking Oil,70,Winter,Card,2.5,19,7
3616,60,Female,Accessories,Wallet,105,Autumn,Card,3.7,17,6
3617,64,Female,Beauty,Makeup Set,72,Winter,Cash on Delivery,2.9,28,9
3618,53,Female,Beauty,Skincare Kit,51,Autumn,Card,4.4,19,7
3619,23,Male,Mens Clothing,Jeans,77,Winter,Card,3.8,8,4
3620,32,Male,Mens Clothing,Jeans,82,Summer,Card,3.9,8,4
3621,66,Male,Sports,Dumbbells,65,Spring,Card,3.2,20,5
3622,47,Female,Womens Clothing,Top,52,Winter,Cash on Delivery,3.7,24,7
3623,20,Male,Footwear,Formal Shoes,205,Spring,Card,4.2,17,6
3624,50,Female,Beauty,Skincare Kit,30,Winter,Card,2.4,18,4
3625,68,Female,Sports,Football,152,Autumn,Card,4.1,14,7
3626,47,Male,Groceries,Beverages,57,Summer,Card,3.7,10,5
3627,66,Female,Footwear,Sandals,229,Spring,Card,4.1,14,2
3628,53,Female,Footwear,Sneakers,131,Summer,Card,3.8,16,8
3629,57,Male,Footwear,Formal Shoes,66,Summer,Cash on Delivery,3.9,17,6
3630,60,Female,Accessories,Sunglasses,86,Spring,Card,4.4,13,4
3631,31,Male,Sports,Yoga Mat,204,Winter,Card,3.4,18,4
3632,68,Male,Home,Curtains,289,Winter,Card,3.5,9,2
3633,54,Male,Sports,Football,158,Summer,Card,2.3,12,6
3634,47,Female,Womens Clothing,Dress,71,Summer,Cash on Delivery,3.8,26,8
3635,62,Female,Accessories,Handbag,176,Autumn,Card,3.4,16,8
3636,33,Female,Footwear,Sandals,61,Autumn,Cash on Delivery,3.3,12,6
3637,40,Male,Footwear,Formal Shoes,236,Autumn,Card,4.1,30,10
3638,66,Male,Electronics,Smart Watch,1417,Winter,Card,3.3,23,9
3639,39,Female,Womens Clothing,Jeans,120,Winter,Card,4.3,13,4
3640,63,Female,Womens Clothing,Dress,78,Summer,Card,4.5,18,4
3641,57,Female,Footwear,Sneakers,176,Winter,Card,5,6,3
3642,50,Male,Electronics,Headphones,2463,Autumn,Card,3.7,20,5
3643,65,Male,Sports,Football,210,Summer,Card,4.5,19,7
3644,43,Male,Footwear,Sneakers,43,Autumn,Cash on Delivery,3.3,24,7
3645,66,Male,Electronics,Laptop,2062,Winter,Card,3.8,11,3
3646,54,Female,Beauty,Skincare Kit,116,Autumn,Card,3.3,11,3
3647,21,Female,Accessories,Wallet,74,Autumn,Card,4.1,22,6
3648,49,Female,Groceries,Snacks,63,Winter,Card,3.5,22,6
3649,41,Male,Mens Clothing,Jeans,53,Winter,Cash on Delivery,4.4,16,3
3650,51,Male,Mens Clothing,Shirt,160,Spring,Card,4.3,22,6
3651,63,Female,Womens Clothing,Skirt,129,Winter,Card,2.9,11,3
3652,29,Male,Sports,Dumbbells,206,Summer,Card,3.5,20,5
3653,68,Female,Footwear,Sandals,87,Summer,Card,5,28,9
3654,63,Male,Sports,Yoga Mat,139,Spring,Card,3.5,17,6
3655,49,Female,Womens Clothing,Skirt,46,Spring,Card,5,22,6
3656,56,Female,Womens Clothing,Jeans,81,Autumn,Card,3.5,14,7
3657,42,Male,Home,Kitchen Set,134,Summer,Card,3.9,18,4
3658,34,Male,Electronics,Laptop,739,Autumn,Card,4.3,30,10
3659,49,Male,Sports,Football,246,Winter,Card,4.1,15,5
3660,38,Male,Mens Clothing,Jeans,76,Winter,Cash on Delivery,3.8,15,5
3661,51,Female,Accessories,Wallet,102,Summer,Card,4.1,12,6
3662,50,Female,Womens Clothing,Jeans,194,Autumn,Card,2.9,19,7
3663,27,Male,Mens Clothing,Jacket,154,Summer,Card,4.2,22,6
3664,40,Male,Footwear,Formal Shoes,70,Summer,Card,4.3,21,8
3665,43,Female,Groceries,Cooking Oil,43,Summer,Cash on Delivery,2.4,9,2
3666,57,Female,Footwear,Sneakers,186,Spring,Card,5,17,6
3667,20,Male,Electronics,Laptop,1839,Winter,Card,3.8,10,5
3668,25,Male,Sports,Yoga Mat,224,Autumn,Card,3.3,18,4
3669,64,Male,Mens Clothing,Jacket,65,Summer,Cash on Delivery,3.8,22,6
3670,43,Male,Electronics,Headphones,907,Winter,Card,4.3,8,4
3671,56,Female,Beauty,Makeup Set,92,Autumn,Card,3.3,13,4
3672,67,Male,Mens Clothing,Jacket,51,Summer,Cash on Delivery,4,14,2
3673,60,Female,Accessories,Handbag,59,Summer,Card,4.9,12,1
3674,35,Male,Home,Kitchen Set,118,Winter,Card,4.7,28,9
3675,35,Female,Accessories,Handbag,130,Spring,Card,3.8,24,7
3676,44,Female,Groceries,Rice Pack,53,Winter,Cash on Delivery,3.9,15,5
3677,47,Female,Accessories,Handbag,72,Spring,Cash on Delivery,4.2,16,8
3678,54,Male,Sports,Dumbbells,98,Winter,Card,3.7,10,5
3679,70,Female,Womens Clothing,Top,132,Autumn,Card,3.3,16,3
3680,56,Female,Womens Clothing,Jeans,184,Autumn,Card,3.4,22,6
3681,20,Female,Beauty,Perfume,58,Spring,Cash on Delivery,4.5,11,3
3682,25,Female,Accessories,Sunglasses,21,Summer,Card,5,8,4
3683,57,Female,Beauty,Perfume,93,Spring,Card,3.4,14,2
3684,30,Female,Accessories,Sunglasses,95,Spring,Card,5,10,5
3685,20,Male,Sports,Football,168,Winter,Card,3.8,20,5
3686,70,Male,Mens Clothing,Jacket,79,Summer,Card,3.9,8,4
3687,28,Male,Sports,Football,39,Summer,Cash on Delivery,3.9,13,4
3688,35,Female,Home,Curtains,299,Winter,Card,3.4,10,5
3689,29,Female,Groceries,Snacks,71,Autumn,Card,3.8,13,4
3690,40,Female,Womens Clothing,Skirt,191,Spring,Card,4.1,16,3
3691,34,Female,Footwear,Sneakers,240,Summer,Card,5,18,9
3692,57,Female,Beauty,Makeup Set,134,Summer,Card,4,12,6
3693,50,Female,Beauty,Skincare Kit,93,Autumn,Card,4.2,26,8
3694,60,Female,Womens Clothing,Top,170,Autumn,Card,4.8,23,9
3695,70,Female,Womens Clothing,Skirt,52,Autumn,Cash on Delivery,3.4,24,7
3696,35,Female,Footwear,Sandals,221,Summer,Card,3.7,14,7
3697,31,Female,Home,Curtains,87,Autumn,Cash on Delivery,4.5,20,10
3698,37,Male,Groceries,Rice Pack,44,Autumn,Card,4.6,16,3
3699,63,Male,Footwear,Sneakers,174,Spring,Card,4.4,16,3
3700,46,Male,Home,Curtains,163,Autumn,Card,4.7,18,4
3701,35,Female,Beauty,Skincare Kit,76,Spring,Card,4.1,17,6
3702,42,Female,Footwear,Sneakers,148,Winter,Card,2.7,12,6
3703,47,Female,Beauty,Makeup Set,32,Winter,Cash on Delivery,4.3,13,4
3704,62,Male,Home,Lamp,36,Winter,Cash on Delivery,3.7,18,4
3705,47,Female,Beauty,Makeup Set,111,Winter,Card,4.1,10,5
3706,70,Female,Womens Clothing,Skirt,167,Spring,Card,3.5,2,1
3707,56,Female,Footwear,Formal Shoes,239,Spring,Card,5,20,5
3708,38,Male,Mens Clothing,Shirt,51,Summer,Cash on Delivery,4.6,6,3
3709,67,Male,Electronics,Laptop,2034,Autumn,Card,4.3,20,5
3710,32,Female,Beauty,Perfume,26,Spring,Card,4.3,21,8
3711,41,Female,Footwear,Sandals,195,Autumn,Card,3.6,15,5
3712,65,Male,Groceries,Beverages,57,Summer,Card,3.4,20,5
3713,46,Female,Accessories,Wallet,119,Spring,Card,5,26,8
3714,50,Male,Groceries,Beverages,31,Autumn,Card,4.2,26,8
3715,21,Female,Footwear,Sandals,226,Winter,Card,3.2,17,6
3716,38,Male,Sports,Yoga Mat,42,Autumn,Cash on Delivery,4.1,6,3
3717,22,Male,Sports,Dumbbells,78,Spring,Cash on Delivery,4.1,15,5
3718,51,Male,Sports,Yoga Mat,239,Winter,Card,3.2,10,5
3719,29,Female,Footwear,Formal Shoes,232,Autumn,Card,3.8,16,8
3720,43,Male,Mens Clothing,Shirt,63,Winter,Card,3.6,9,2
3721,58,Male,Sports,Football,104,Autumn,Card,3.3,11,3
3722,62,Male,Groceries,Cooking Oil,21,Autumn,Cash on Delivery,4.1,11,3
3723,69,Female,Accessories,Sunglasses,176,Winter,Card,3.4,8,4
3724,37,Female,Accessories,Sunglasses,176,Spring,Card,3.9,15,5
3725,44,Male,Footwear,Sandals,200,Summer,Card,4.6,12,6
3726,56,Female,Accessories,Wallet,122,Winter,Card,3.8,8,4
3727,35,Male,Electronics,Smart Watch,2020,Autumn,Card,3,17,6
3728,35,Female,Beauty,Skincare Kit,53,Spring,Card,3.5,20,5
3729,62,Female,Womens Clothing,Top,149,Autumn,Card,3.5,20,5
3730,48,Female,Footwear,Sandals,166,Autumn,Card,3,16,3
3731,38,Female,Footwear,Sandals,138,Autumn,Card,4.1,20,5
3732,49,Female,Womens Clothing,Jeans,62,Summer,Cash on Delivery,2.9,4,2
3733,25,Male,Mens Clothing,T-Shirt,187,Summer,Card,3.3,20,5
3734,32,Female,Home,Lamp,161,Autumn,Card,4.6,24,7
3735,24,Female,Groceries,Snacks,35,Winter,Cash on Delivery,3.1,20,5
3736,52,Male,Sports,Dumbbells,41,Autumn,Card,5,15,5
3737,38,Male,Mens Clothing,T-Shirt,156,Winter,Card,4.9,18,4
3738,30,Female,Womens Clothing,Top,53,Autumn,Cash on Delivery,3.2,22,6
3739,70,Female,Womens Clothing,Skirt,91,Spring,Cash on Delivery,4,8,4
3740,23,Female,Womens Clothing,Top,102,Winter,Card,2.4,16,3
3741,52,Male,Footwear,Formal Shoes,84,Autumn,Card,3.5,15,5
3742,35,Female,Womens Clothing,Top,156,Summer,Card,4.1,15,5
3743,61,Female,Footwear,Sandals,241,Spring,Card,4,26,8
3744,25,Female,Footwear,Sneakers,162,Summer,Card,4.2,10,5
3745,60,Male,Home,Lamp,52,Winter,Card,5,18,4
3746,21,Female,Beauty,Skincare Kit,41,Autumn,Cash on Delivery,3.8,8,4
3747,59,Female,Accessories,Sunglasses,78,Summer,Cash on Delivery,4,13,4
3748,51,Female,Home,Curtains,75,Spring,Card,4,8,4
3749,39,Female,Footwear,Formal Shoes,88,Autumn,Cash on Delivery,4,10,5
3750,23,Female,Womens Clothing,Jeans,84,Spring,Cash on Delivery,3.3,20,5
3751,43,Female,Womens Clothing,Dress,88,Autumn,Cash on Delivery,4.6,4,2
3752,53,Female,Beauty,Perfume,79,Autumn,Card,3.6,12,6
3753,37,Female,Accessories,Wallet,29,Summer,Card,4.1,11,3
3754,54,Female,Sports,Dumbbells,107,Summer,Card,3.5,19,7
3755,56,Male,Footwear,Sneakers,242,Summer,Card,3.5,16,3
3756,31,Female,Beauty,Skincare Kit,106,Summer,Card,3.3,16,3
3757,47,Male,Mens Clothing,Jacket,100,Autumn,Card,3.7,18,4
3758,41,Female,Sports,Dumbbells,54,Spring,Cash on Delivery,3.7,21,8
3759,69,Male,Mens Clothing,Jacket,96,Autumn,Card,4.3,12,6
3760,25,Female,Accessories,Handbag,178,Spring,Card,3.7,16,8
3761,57,Female,Accessories,Sunglasses,97,Winter,Cash on Delivery,4.1,24,7
3762,43,Male,Footwear,Sneakers,135,Spring,Card,4.3,28,9
3763,55,Male,Sports,Dumbbells,154,Spring,Card,3.4,13,4
3764,55,Male,Sports,Dumbbells,73,Spring,Cash on Delivery,3,17,6
3765,59,Female,Womens Clothing,Skirt,79,Autumn,Card,3.9,17,6
3766,59,Male,Sports,Dumbbells,193,Autumn,Card,4.1,8,4
3767,58,Female,Womens Clothing,Dress,124,Summer,Card,4.3,12,6
3768,31,Female,Accessories,Handbag,127,Summer,Card,3.3,10,5
3769,42,Male,Electronics,Laptop,2663,Summer,Card,3.6,19,7
3770,68,Male,Footwear,Formal Shoes,207,Summer,Card,5,26,8
3771,54,Female,Accessories,Handbag,149,Autumn,Card,4,22,6
3772,33,Male,Mens Clothing,Jacket,91,Autumn,Cash on Delivery,4.5,14,2
3773,45,Female,Footwear,Sandals,154,Spring,Card,4,20,5
3774,68,Male,Sports,Dumbbells,111,Autumn,Card,3.9,15,5
3775,43,Female,Accessories,Wallet,179,Autumn,Card,3.2,16,3
3776,23,Male,Mens Clothing,Jacket,85,Winter,Card,2.6,18,9
3777,59,Female,Accessories,Sunglasses,95,Autumn,Card,5,9,2
3778,21,Male,Electronics,Smart Watch,1513,Spring,Card,4,15,5
3779,35,Female,Footwear,Sandals,69,Spring,Cash on Delivery,5,20,5
3780,26,Female,Beauty,Skincare Kit,30,Spring,Card,2.8,13,4
3781,40,Male,Sports,Yoga Mat,200,Autumn,Card,3.1,7,1
3782,24,Female,Beauty,Skincare Kit,48,Summer,Card,4.6,4,2
3783,68,Female,Womens Clothing,Top,185,Summer,Card,3.4,14,2
3784,39,Female,Sports,Football,102,Summer,Card,4.5,20,5
3785,27,Male,Electronics,Mobile Phone,502,Winter,Card,5,16,3
3786,29,Female,Beauty,Skincare Kit,137,Autumn,Card,4.7,22,6
3787,21,Male,Sports,Dumbbells,137,Summer,Card,2.8,12,6
3788,52,Female,Sports,Football,130,Autumn,Card,3.8,11,3
3789,39,Female,Footwear,Sneakers,129,Spring,Card,3.5,11,3
3790,65,Male,Sports,Football,155,Winter,Card,3.1,18,4
3791,67,Female,Womens Clothing,Jeans,55,Autumn,Card,4.7,19,7
3792,21,Male,Sports,Yoga Mat,77,Spring,Card,4.3,19,7
3793,62,Male,Electronics,Laptop,1865,Winter,Card,3.9,14,2
3794,52,Female,Beauty,Skincare Kit,98,Summer,Card,3.6,15,5
3795,28,Male,Electronics,Smart Watch,2248,Spring,Card,3.6,23,9
3796,59,Female,Groceries,Cooking Oil,27,Winter,Card,5,19,7
3797,67,Female,Beauty,Perfume,99,Autumn,Cash on Delivery,4,15,5
3798,35,Male,Electronics,Smart Watch,1797,Winter,Card,4.5,8,4
3799,68,Male,Electronics,Headphones,2202,Spring,Card,3.9,15,5
3800,43,Female,Accessories,Wallet,109,Winter,Card,3.6,16,3
3801,21,Female,Beauty,Skincare Kit,77,Spring,Card,4.9,17,6
3802,51,Female,Accessories,Wallet,100,Winter,Card,3.8,20,10
3803,64,Female,Beauty,Perfume,82,Autumn,Cash on Delivery,4.6,18,4
3804,38,Female,Sports,Yoga Mat,212,Summer,Card,4.5,2,1
3805,60,Female,Beauty,Makeup Set,73,Spring,Card,4.5,13,4
3806,33,Female,Accessories,Wallet,126,Winter,Card,2.8,12,6
3807,25,Female,Sports,Dumbbells,91,Summer,Card,4.1,30,10
3808,42,Male,Mens Clothing,Jacket,104,Summer,Card,4.7,11,3
3809,36,Female,Footwear,Formal Shoes,143,Spring,Card,3.7,24,7
3810,64,Female,Womens Clothing,Skirt,153,Autumn,Card,4,12,6
3811,33,Female,Accessories,Wallet,93,Autumn,Card,3.4,10,5
3812,24,Female,Beauty,Makeup Set,35,Summer,Card,3.5,7,1
3813,55,Female,Beauty,Makeup Set,64,Winter,Card,4,17,6
3814,31,Male,Electronics,Smart Watch,1016,Autumn,Card,3.7,12,6
3815,49,Male,Mens Clothing,Jeans,61,Autumn,Card,3.9,4,2
3816,61,Female,Womens Clothing,Dress,189,Winter,Card,3.2,6,3
3817,24,Male,Groceries,Beverages,38,Spring,Cash on Delivery,4.7,20,5
3818,32,Female,Beauty,Skincare Kit,149,Autumn,Card,3.1,4,2
3819,39,Male,Groceries,Rice Pack,71,Summer,Card,4.1,18,4
3820,47,Male,Mens Clothing,T-Shirt,86,Autumn,Cash on Delivery,5,28,9
3821,41,Male,Groceries,Cooking Oil,14,Summer,Cash on Delivery,3.8,16,3
3822,70,Male,Mens Clothing,Jacket,189,Summer,Card,4.3,20,5
3823,56,Female,Beauty,Perfume,69,Autumn,Cash on Delivery,5,10,5
3824,30,Male,Electronics,Mobile Phone,1289,Spring,Card,3.9,24,7
3825,37,Male,Sports,Dumbbells,152,Autumn,Card,2.9,18,4
3826,37,Female,Accessories,Handbag,109,Summer,Card,4.2,12,6
3827,57,Male,Sports,Yoga Mat,102,Autumn,Card,3.5,2,1
3828,35,Female,Accessories,Wallet,90,Spring,Card,3.6,6,3
3829,66,Male,Electronics,Laptop,2342,Summer,Card,3.7,23,9
3830,54,Female,Beauty,Makeup Set,102,Summer,Card,3.9,12,6
3831,57,Female,Sports,Dumbbells,195,Spring,Card,4.7,22,6
3832,27,Male,Electronics,Smart Watch,1483,Spring,Card,4.1,16,3
3833,66,Female,Groceries,Beverages,17,Spring,Cash on Delivery,3,15,5
3834,45,Male,Sports,Football,192,Winter,Card,3,8,4
3835,48,Male,Mens Clothing,Jacket,114,Autumn,Card,3.5,7,1
3836,44,Male,Home,Curtains,195,Autumn,Card,2.6,20,5
3837,42,Female,Womens Clothing,Dress,161,Spring,Card,3.2,10,5
3838,21,Female,Beauty,Makeup Set,129,Spring,Card,3.7,16,3
3839,42,Male,Electronics,Mobile Phone,1996,Summer,Card,3,4,2
3840,57,Male,Footwear,Sneakers,184,Spring,Card,3.4,17,6
3841,31,Female,Womens Clothing,Top,42,Autumn,Card,4.2,8,4
3842,34,Female,Groceries,Rice Pack,33,Spring,Cash on Delivery,2.2,22,6
3843,36,Male,Mens Clothing,Jeans,178,Autumn,Card,5,20,5
3844,52,Male,Groceries,Rice Pack,28,Summer,Card,2.6,10,5
3845,56,Male,Electronics,Headphones,1510,Spring,Card,4.1,8,4
3846,22,Male,Footwear,Formal Shoes,221,Summer,Card,3,9,2
3847,25,Male,Footwear,Formal Shoes,129,Winter,Card,3.8,11,3
3848,33,Female,Beauty,Makeup Set,34,Winter,Card,3.8,16,8
3849,60,Female,Womens Clothing,Jeans,73,Winter,Card,3,9,2
3850,22,Male,Electronics,Headphones,2441,Summer,Card,3.7,22,6
3851,35,Female,Home,Kitchen Set,164,Summer,Card,3.9,15,5
3852,35,Female,Accessories,Handbag,73,Spring,Cash on Delivery,5,24,7
3853,22,Female,Footwear,Sandals,195,Summer,Card,3.6,17,6
3854,52,Female,Footwear,Sandals,166,Spring,Card,3.3,7,1
3855,57,Male,Sports,Yoga Mat,53,Autumn,Card,3.7,15,5
3856,43,Male,Sports,Yoga Mat,186,Summer,Card,2.7,8,4
3857,51,Male,Mens Clothing,T-Shirt,72,Summer,Cash on Delivery,4.2,19,7
3858,55,Male,Sports,Yoga Mat,129,Spring,Card,4.1,20,5
3859,68,Female,Beauty,Makeup Set,73,Autumn,Cash on Delivery,3,28,9
3860,61,Female,Groceries,Cooking Oil,26,Spring,Cash on Delivery,4,13,4
3861,54,Female,Womens Clothing,Jeans,49,Summer,Card,4.2,22,6
3862,65,Female,Accessories,Handbag,82,Summer,Cash on Delivery,3.3,17,6
3863,42,Male,Footwear,Formal Shoes,75,Winter,Cash on Delivery,2.4,22,6
3864,53,Female,Groceries,Rice Pack,37,Spring,Card,3.8,15,5
3865,25,Male,Sports,Football,163,Winter,Card,4.7,16,3
3866,49,Male,Sports,Football,76,Spring,Cash on Delivery,3,11,3
3867,59,Female,Groceries,Rice Pack,17,Summer,Card,3.9,17,6
3868,66,Female,Accessories,Handbag,119,Autumn,Card,2.9,15,5
3869,26,Female,Womens Clothing,Jeans,72,Spring,Card,3.5,21,8
3870,64,Female,Home,Kitchen Set,281,Summer,Card,4.9,17,6
3871,46,Female,Womens Clothing,Jeans,122,Summer,Card,4.6,26,8
3872,62,Male,Sports,Dumbbells,126,Autumn,Card,3.9,8,4
3873,43,Male,Sports,Dumbbells,200,Summer,Card,2.4,24,7
3874,63,Male,Sports,Football,245,Spring,Card,4.1,12,6
3875,36,Female,Beauty,Makeup Set,63,Summer,Card,2.8,12,6
3876,48,Female,Footwear,Sandals,71,Autumn,Card,4.2,18,4
3877,52,Female,Home,Lamp,72,Summer,Cash on Delivery,3.6,21,8
3878,34,Male,Home,Kitchen Set,200,Winter,Card,3.3,8,4
3879,46,Female,Accessories,Handbag,52,Winter,Cash on Delivery,5,22,6
3880,35,Female,Beauty,Skincare Kit,92,Summer,Cash on Delivery,4.8,30,10
3881,39,Female,Accessories,Wallet,42,Spring,Card,2.8,18,4
3882,67,Female,Footwear,Sneakers,135,Summer,Card,4.1,15,5
3883,52,Male,Sports,Football,91,Autumn,Cash on Delivery,2.9,6,3
3884,29,Female,Groceries,Rice Pack,30,Summer,Card,4.5,17,6
3885,55,Male,Home,Lamp,261,Spring,Card,3.2,24,7
3886,70,Male,Footwear,Sandals,88,Spring,Card,3.2,12,6
3887,41,Male,Mens Clothing,T-Shirt,153,Summer,Card,4.5,12,6
3888,24,Male,Home,Kitchen Set,160,Spring,Card,3.7,18,4
3889,61,Male,Sports,Football,92,Spring,Card,4.2,10,5
3890,55,Female,Womens Clothing,Dress,69,Summer,Card,4.9,9,2
3891,36,Male,Electronics,Smart Watch,2200,Winter,Card,4.3,17,6
3892,67,Female,Footwear,Sandals,191,Winter,Card,4.1,18,4
3893,50,Male,Home,Kitchen Set,56,Spring,Cash on Delivery,3.7,16,3
3894,33,Female,Footwear,Formal Shoes,222,Winter,Card,4.1,10,5
3895,33,Female,Groceries,Rice Pack,79,Summer,Card,3.4,6,3
3896,53,Female,Footwear,Formal Shoes,152,Summer,Card,3.5,7,1
3897,41,Female,Womens Clothing,Top,34,Autumn,Cash on Delivery,3.7,24,7
3898,44,Male,Home,Kitchen Set,194,Autumn,Card,3.9,11,3
3899,44,Female,Footwear,Sneakers,165,Winter,Card,3.8,20,5
3900,26,Female,Womens Clothing,Dress,98,Summer,Cash on Delivery,3,15,5
3901,60,Male,Mens Clothing,Shirt,102,Winter,Card,4.4,10,5
3902,20,Female,Beauty,Skincare Kit,140,Summer,Card,3.7,4,2
3903,45,Male,Groceries,Rice Pack,8,Spring,Card,2.7,12,6
3904,41,Male,Electronics,Mobile Phone,2138,Winter,Card,2.9,11,3
3905,24,Male,Electronics,Laptop,1012,Winter,Card,5,12,6
3906,23,Male,Footwear,Formal Shoes,159,Spring,Card,3.4,6,3
3907,70,Female,Beauty,Perfume,65,Winter,Cash on Delivery,3.5,11,3
3908,45,Male,Electronics,Headphones,1162,Spring,Card,3.9,9,2
3909,51,Male,Footwear,Formal Shoes,226,Summer,Card,4.2,20,10
3910,38,Male,Electronics,Laptop,1523,Summer,Card,5,32,11
3911,59,Male,Home,Kitchen Set,153,Autumn,Card,3.6,30,10
3912,42,Male,Sports,Yoga Mat,243,Autumn,Card,5,14,7
3913,64,Male,Groceries,Snacks,12,Summer,Card,4,9,2
3914,23,Male,Footwear,Sandals,76,Autumn,Card,2.8,22,6
3915,31,Male,Sports,Football,108,Autumn,Card,3.5,15,5
3916,64,Male,Sports,Football,171,Summer,Card,3.7,14,7
3917,61,Female,Accessories,Wallet,172,Summer,Card,3.5,16,3
3918,27,Female,Beauty,Skincare Kit,76,Spring,Card,4.3,9,2
3919,22,Female,Womens Clothing,Jeans,181,Winter,Card,4.5,21,8
3920,69,Male,Sports,Dumbbells,51,Autumn,Cash on Delivery,2.5,9,2
3921,66,Male,Mens Clothing,Jeans,40,Summer,Cash on Delivery,3.1,20,5
3922,39,Male,Sports,Dumbbells,149,Winter,Card,2.9,15,5
3923,22,Male,Footwear,Sandals,168,Spring,Card,4.9,19,7
3924,53,Female,Footwear,Sandals,142,Spring,Card,1.7,10,5
3925,50,Female,Footwear,Sandals,227,Spring,Card,3.8,16,3
3926,45,Male,Mens Clothing,Shirt,50,Summer,Card,4.9,26,8
3927,54,Male,Mens Clothing,Jacket,49,Winter,Card,2.6,13,4
3928,38,Female,Home,Lamp,289,Winter,Card,3.9,6,3
3929,45,Female,Accessories,Wallet,52,Winter,Card,4.6,8,4
3930,36,Female,Womens Clothing,Top,71,Winter,Cash on Delivery,3.4,6,3
3931,34,Male,Mens Clothing,T-Shirt,63,Summer,Card,3.6,20,10
3932,69,Male,Sports,Yoga Mat,236,Winter,Card,3.7,11,3
3933,25,Male,Sports,Dumbbells,157,Winter,Card,3.5,17,6
3934,70,Female,Groceries,Snacks,59,Spring,Card,4.5,26,8
3935,26,Male,Mens Clothing,Jeans,149,Winter,Card,3.5,20,5
3936,41,Male,Electronics,Headphones,560,Autumn,Card,3.4,8,4
3937,70,Female,Beauty,Makeup Set,58,Spring,Card,4.2,28,9
3938,67,Male,Sports,Football,178,Summer,Card,4.4,24,7
3939,51,Female,Sports,Football,184,Autumn,Card,4.5,19,7
3940,57,Female,Beauty,Makeup Set,113,Winter,Card,5,24,7
3941,43,Male,Mens Clothing,Shirt,74,Autumn,Cash on Delivery,2.4,11,3
3942,63,Female,Accessories,Handbag,83,Summer,Card,2.9,20,5
3943,42,Female,Accessories,Wallet,137,Winter,Card,2.3,16,3
3944,46,Male,Electronics,Smart Watch,1465,Autumn,Card,2.3,12,6
3945,69,Male,Mens Clothing,Jacket,174,Summer,Card,3.2,10,5
3946,49,Male,Electronics,Headphones,1876,Winter,Card,3.5,18,4
3947,36,Female,Beauty,Skincare Kit,149,Winter,Card,3.2,6,3
3948,37,Female,Footwear,Sandals,116,Autumn,Card,4.7,20,5
3949,21,Female,Accessories,Handbag,160,Autumn,Card,3.9,4,2
3950,70,Female,Womens Clothing,Top,54,Summer,Cash on Delivery,2.6,20,5
3951,40,Female,Womens Clothing,Skirt,180,Spring,Card,3.8,13,4
3952,65,Male,Sports,Dumbbells,178,Winter,Card,3.6,21,8
3953,65,Male,Electronics,Smart Watch,2849,Spring,Card,4.6,18,4
3954,34,Male,Groceries,Beverages,6,Spring,Card,4.2,15,5
3955,37,Male,Sports,Football,120,Spring,Card,2.8,15,5
3956,35,Male,Footwear,Formal Shoes,152,Summer,Card,3.3,8,4
3957,66,Male,Mens Clothing,T-Shirt,188,Winter,Card,5,6,3
3958,63,Female,Home,Kitchen Set,96,Spring,Cash on Delivery,4.9,24,7
3959,68,Female,Sports,Dumbbells,57,Autumn,Cash on Delivery,3.9,18,9
3960,58,Male,Home,Kitchen Set,54,Winter,Cash on Delivery,4.4,24,7
3961,48,Female,Womens Clothing,Dress,108,Spring,Card,2.9,13,4
3962,33,Female,Accessories,Handbag,38,Winter,Cash on Delivery,4.5,14,7
3963,61,Male,Sports,Dumbbells,105,Summer,Card,4.6,12,6
3964,39,Male,Electronics,Laptop,1041,Winter,Card,3.4,19,7
3965,41,Male,Sports,Dumbbells,172,Winter,Card,4.4,16,3
3966,60,Female,Footwear,Sneakers,235,Summer,Card,5,29,12
3967,38,Female,Footwear,Sandals,68,Winter,Card,4.3,22,6
3968,21,Male,Footwear,Formal Shoes,245,Winter,Card,3.9,4,2
3969,56,Female,Beauty,Perfume,79,Winter,Cash on Delivery,3,9,2
3970,51,Female,Footwear,Sandals,88,Autumn,Cash on Delivery,4,6,3
3971,27,Female,Home,Curtains,272,Spring,Card,3.5,12,6
3972,68,Female,Accessories,Handbag,120,Winter,Card,3.8,4,2
3973,20,Male,Footwear,Sneakers,100,Autumn,Cash on Delivery,4.3,4,2
3974,51,Female,Beauty,Perfume,98,Winter,Cash on Delivery,4,20,5
3975,52,Male,Footwear,Formal Shoes,153,Autumn,Card,3.6,19,7
3976,36,Male,Footwear,Sandals,149,Winter,Card,4.2,13,4
3977,57,Female,Footwear,Formal Shoes,223,Autumn,Card,3.9,14,2
3978,60,Female,Footwear,Sneakers,181,Summer,Card,3.7,4,2
3979,61,Male,Footwear,Sandals,224,Spring,Card,2.4,10,5
3980,43,Male,Electronics,Mobile Phone,2844,Autumn,Card,4.7,12,6
3981,21,Male,Sports,Football,85,Autumn,Cash on Delivery,3.5,12,6
3982,31,Male,Electronics,Mobile Phone,2371,Winter,Card,4.5,8,4
3983,62,Male,Sports,Dumbbells,150,Autumn,Card,3.8,20,10
3984,63,Male,Mens Clothing,Jeans,137,Winter,Card,4.5,14,2
3985,66,Male,Electronics,Smart Watch,2709,Summer,Card,2,20,10
3986,31,Female,Womens Clothing,Skirt,148,Spring,Card,3.5,17,6
3987,42,Male,Sports,Football,115,Spring,Card,2.8,14,2
3988,34,Male,Sports,Dumbbells,239,Summer,Card,3.9,11,3
3989,61,Male,Electronics,Mobile Phone,2513,Winter,Card,3.6,6,3
3990,47,Male,Sports,Yoga Mat,222,Spring,Card,4.4,16,3
3991,39,Male,Footwear,Sneakers,218,Spring,Card,3,20,5
3992,29,Male,Footwear,Sneakers,89,Summer,Cash on Delivery,2.8,15,5
3993,49,Female,Home,Curtains,249,Spring,Card,3.8,23,9
3994,28,Female,Home,Curtains,225,Winter,Card,3.9,10,5
3995,23,Female,Accessories,Handbag,164,Spring,Card,4.7,12,6
3996,28,Female,Accessories,Handbag,140,Summer,Card,4.8,15,5
3997,67,Female,Accessories,Handbag,133,Summer,Card,4.6,12,6
3998,63,Female,Accessories,Handbag,139,Summer,Card,3.8,18,9
3999,38,Female,Sports,Dumbbells,52,Spring,Card,4.1,21,8
4000,41,Male,Mens Clothing,Jeans,36,Autumn,Cash on Delivery,4.6,18,4
4001,50,Male,Mens Clothing,T-Shirt,97,Summer,Cash on Delivery,3.6,6,3
4002,65,Female,Womens Clothing,Jeans,170,Autumn,Card,4.7,26,8
4003,49,Male,Sports,Dumbbells,191,Spring,Card,4,14,7
4004,41,Male,Mens Clothing,Shirt,106,Autumn,Card,4.1,9,2
4005,24,Female,Beauty,Makeup Set,125,Winter,Card,2.6,12,1
4006,27,Female,Beauty,Skincare Kit,140,Summer,Card,3.2,11,3
4007,50,Female,Groceries,Snacks,73,Winter,Cash on Delivery,3.8,10,5
4008,36,Female,Beauty,Makeup Set,122,Winter,Card,3.8,12,6
4009,52,Male,Electronics,Smart Watch,1169,Summer,Card,3,20,10
4010,66,Female,Sports,Football,195,Winter,Card,5,18,4
4011,70,Female,Womens Clothing,Skirt,200,Spring,Card,4,13,4
4012,44,Female,Womens Clothing,Skirt,82,Autumn,Cash on Delivery,2.7,10,5
4013,64,Female,Womens Clothing,Top,168,Winter,Card,3.1,4,2
4014,37,Female,Beauty,Perfume,38,Autumn,Card,4,16,8
4015,36,Male,Sports,Football,37,Winter,Card,5,23,9
4016,58,Female,Accessories,Wallet,153,Summer,Card,3.2,17,6
4017,65,Female,Accessories,Wallet,88,Autumn,Card,3.8,18,4
4018,35,Male,Mens Clothing,Shirt,50,Spring,Cash on Delivery,4.6,18,4
4019,41,Male,Sports,Football,201,Summer,Card,4.6,4,2
4020,52,Female,Accessories,Wallet,86,Summer,Cash on Delivery,2.7,8,4
4021,41,Male,Groceries,Snacks,36,Winter,Card,4.4,24,7
4022,28,Female,Beauty,Skincare Kit,133,Spring,Card,3.4,10,5
4023,54,Female,Womens Clothing,Jeans,42,Spring,Cash on Delivery,3.3,14,2
4024,62,Male,Footwear,Formal Shoes,238,Spring,Card,3.1,16,8
4025,66,Female,Beauty,Skincare Kit,67,Autumn,Card,3.4,22,6
4026,35,Female,Sports,Dumbbells,127,Autumn,Card,3.1,17,6
4027,59,Female,Home,Curtains,124,Summer,Card,3.3,22,11
4028,65,Female,Footwear,Sandals,188,Summer,Card,4.1,26,8
4029,33,Male,Footwear,Sneakers,156,Spring,Card,4.6,13,4
4030,37,Female,Beauty,Perfume,22,Winter,Card,2.9,10,5
4031,66,Female,Accessories,Sunglasses,155,Autumn,Card,2.8,10,5
4032,62,Female,Footwear,Sneakers,113,Spring,Card,3.8,20,10
4033,22,Female,Accessories,Handbag,67,Winter,Cash on Delivery,3,15,5
4034,29,Male,Footwear,Sandals,139,Spring,Card,3.3,13,4
4035,52,Female,Beauty,Skincare Kit,106,Summer,Card,4.5,18,4
4036,47,Female,Womens Clothing,Top,80,Autumn,Cash on Delivery,3.3,6,3
4037,67,Male,Mens Clothing,T-Shirt,189,Winter,Card,4.5,20,5
4038,34,Male,Home,Kitchen Set,137,Winter,Card,4,14,7
4039,42,Female,Footwear,Formal Shoes,212,Winter,Card,4.6,17,6
4040,51,Female,Beauty,Skincare Kit,87,Summer,Card,4,16,8
4041,51,Female,Footwear,Sneakers,80,Summer,Cash on Delivery,4,25,10
4042,50,Female,Womens Clothing,Dress,110,Winter,Card,3,17,6
4043,62,Female,Accessories,Wallet,173,Winter,Card,3.9,13,4
4044,41,Male,Footwear,Formal Shoes,228,Winter,Card,3.6,8,4
4045,59,Male,Sports,Yoga Mat,64,Winter,Cash on Delivery,3.9,22,6
4046,39,Male,Electronics,Headphones,2936,Spring,Card,4.3,9,2
4047,48,Female,Womens Clothing,Dress,86,Autumn,Cash on Delivery,4.2,15,5
4048,42,Female,Womens Clothing,Jeans,149,Winter,Card,4.6,32,11
4049,54,Male,Sports,Football,231,Summer,Card,4.6,21,8
4050,36,Male,Sports,Yoga Mat,194,Autumn,Card,2.2,10,5
4051,30,Male,Mens Clothing,Jeans,47,Autumn,Cash on Delivery,4.9,24,7
4052,38,Male,Electronics,Laptop,824,Spring,Card,4.9,12,6
4053,47,Female,Womens Clothing,Top,87,Autumn,Card,4.9,16,3
4054,37,Male,Sports,Dumbbells,218,Autumn,Card,4.1,20,5
4055,68,Male,Groceries,Rice Pack,22,Winter,Cash on Delivery,3.1,18,4
4056,21,Female,Beauty,Perfume,24,Summer,Cash on Delivery,4.3,22,6
4057,70,Male,Home,Curtains,177,Autumn,Card,3.2,22,6
4058,49,Female,Womens Clothing,Dress,126,Spring,Card,3.6,16,3
4059,70,Male,Home,Curtains,119,Autumn,Card,4.5,8,4
4060,60,Male,Sports,Yoga Mat,103,Winter,Card,3.2,26,8
4061,22,Female,Womens Clothing,Skirt,35,Spring,Card,3.9,4,2
4062,44,Male,Mens Clothing,Jacket,194,Summer,Card,2.8,17,6
4063,29,Male,Sports,Dumbbells,40,Winter,Cash on Delivery,3.5,7,1
4064,66,Male,Electronics,Mobile Phone,1248,Summer,Card,3.8,20,5
4065,64,Male,Sports,Dumbbells,176,Autumn,Card,3.5,10,5
4066,56,Male,Sports,Football,165,Autumn,Card,3.8,22,6
4067,65,Male,Sports,Yoga Mat,148,Autumn,Card,3.4,13,4
4068,26,Female,Footwear,Sandals,168,Summer,Card,3.4,30,10
4069,53,Male,Home,Kitchen Set,103,Winter,Card,3.3,11,3
4070,70,Male,Footwear,Sneakers,56,Summer,Card,2.9,10,5
4071,48,Male,Sports,Yoga Mat,136,Summer,Card,3.3,14,7
4072,53,Female,Beauty,Skincare Kit,126,Spring,Card,3.4,10,5
4073,26,Female,Accessories,Sunglasses,63,Summer,Cash on Delivery,3.8,16,8
4074,28,Female,Footwear,Sneakers,205,Autumn,Card,4.8,10,5
4075,39,Female,Beauty,Makeup Set,99,Autumn,Card,4.5,26,8
4076,33,Male,Sports,Yoga Mat,123,Winter,Card,4,18,9
4077,40,Male,Electronics,Laptop,1512,Spring,Card,3.8,15,5
4078,62,Male,Mens Clothing,T-Shirt,72,Summer,Card,4.9,17,6
4079,28,Male,Sports,Football,153,Winter,Card,4.4,9,2
4080,43,Female,Accessories,Sunglasses,74,Autumn,Card,3.6,11,3
4081,22,Female,Accessories,Sunglasses,101,Spring,Card,4.3,13,4
4082,51,Male,Electronics,Laptop,2200,Spring,Card,3.6,15,5
4083,53,Male,Sports,Dumbbells,74,Winter,Card,2.2,19,7
4084,36,Male,Electronics,Laptop,2049,Spring,Card,3,22,6
4085,68,Male,Electronics,Mobile Phone,2814,Summer,Card,4.1,13,4
4086,53,Female,Womens Clothing,Skirt,81,Winter,Cash on Delivery,5,20,5
4087,46,Male,Mens Clothing,Jeans,31,Winter,Card,5,12,6
4088,66,Male,Sports,Dumbbells,181,Spring,Card,4,23,9
4089,68,Male,Electronics,Laptop,2172,Spring,Card,3.8,14,2
4090,24,Female,Sports,Yoga Mat,165,Spring,Card,3,14,7
4091,37,Male,Groceries,Cooking Oil,18,Autumn,Card,3.5,10,5
4092,64,Female,Beauty,Skincare Kit,74,Winter,Card,3.1,7,1
4093,43,Male,Sports,Football,222,Autumn,Card,4.3,21,8
4094,68,Female,Beauty,Makeup Set,100,Autumn,Card,3.3,18,4
4095,41,Male,Sports,Football,71,Summer,Cash on Delivery,5,18,4
4096,26,Female,Home,Curtains,209,Spring,Card,4.3,6,3
4097,30,Female,Womens Clothing,Skirt,187,Winter,Card,2.6,4,2
4098,68,Female,Accessories,Wallet,150,Winter,Card,2.9,6,3
4099,26,Male,Mens Clothing,Jeans,119,Autumn,Card,4.5,6,3
4100,40,Male,Electronics,Laptop,2012,Winter,Card,3.8,10,5
4101,65,Female,Accessories,Sunglasses,99,Summer,Cash on Delivery,5,12,6
4102,53,Male,Sports,Football,139,Autumn,Card,3.6,10,5
4103,60,Female,Accessories,Handbag,85,Spring,Cash on Delivery,3.5,22,6
4104,58,Female,Womens Clothing,Dress,72,Spring,Card,5,9,2
4105,47,Male,Electronics,Laptop,2925,Winter,Card,3.5,13,4
4106,57,Female,Accessories,Handbag,97,Spring,Card,2.9,13,4
4107,62,Female,Footwear,Sneakers,94,Summer,Card,3.4,14,7
4108,59,Female,Womens Clothing,Dress,108,Winter,Card,3.5,10,5
4109,29,Male,Footwear,Sneakers,76,Spring,Cash on Delivery,4.6,18,4
4110,39,Female,Womens Clothing,Dress,154,Autumn,Card,4,23,9
4111,23,Female,Accessories,Handbag,101,Summer,Card,3.7,18,4
4112,63,Female,Footwear,Sandals,117,Summer,Card,4.3,26,8
4113,38,Male,Footwear,Sandals,158,Summer,Card,4.9,22,6
4114,63,Female,Sports,Football,109,Autumn,Card,3.5,17,6
4115,44,Male,Footwear,Sneakers,45,Summer,Card,3,28,9
4116,68,Male,Mens Clothing,Jeans,185,Autumn,Card,3.8,14,2
4117,63,Female,Womens Clothing,Jeans,44,Winter,Card,5,16,3
4118,27,Male,Sports,Dumbbells,100,Spring,Card,3.6,5,0
4119,49,Female,Sports,Yoga Mat,107,Winter,Card,3.8,16,8
4120,43,Female,Home,Kitchen Set,163,Summer,Card,5,6,3
4121,67,Female,Beauty,Perfume,58,Summer,Card,4,12,6
4122,69,Male,Sports,Football,170,Spring,Card,3.5,18,4
4123,20,Female,Accessories,Sunglasses,145,Autumn,Card,3.8,20,5
4124,31,Male,Sports,Football,118,Winter,Card,4.6,24,7
4125,23,Female,Footwear,Sandals,92,Spring,Card,3.2,18,4
4126,33,Female,Womens Clothing,Skirt,133,Summer,Card,2.9,4,2
4127,22,Female,Accessories,Wallet,77,Spring,Card,4.7,18,4
4128,45,Female,Groceries,Cooking Oil,60,Winter,Card,3.3,10,5
4129,39,Female,Footwear,Formal Shoes,114,Spring,Card,4.3,8,4
4130,43,Male,Mens Clothing,T-Shirt,144,Winter,Card,4,23,9
4131,50,Male,Mens Clothing,Shirt,131,Autumn,Card,3.3,24,7
4132,54,Female,Womens Clothing,Dress,198,Summer,Card,5,10,5
4133,46,Female,Footwear,Sandals,41,Autumn,Cash on Delivery,4.7,2,1
4134,65,Female,Beauty,Makeup Set,75,Spring,Card,4.1,18,9
4135,27,Female,Beauty,Makeup Set,118,Autumn,Card,3.2,11,3
4136,44,Female,Home,Curtains,211,Autumn,Card,4.5,16,8
4137,29,Male,Mens Clothing,T-Shirt,33,Spring,Cash on Delivery,3.8,9,2
4138,41,Male,Footwear,Formal Shoes,104,Winter,Card,4.1,11,3
4139,25,Male,Electronics,Smart Watch,991,Winter,Card,2.1,4,2
4140,34,Female,Home,Kitchen Set,138,Winter,Card,4.1,12,1
4141,61,Male,Sports,Dumbbells,176,Autumn,Card,3.9,6,3
4142,56,Male,Mens Clothing,T-Shirt,157,Summer,Card,3.7,11,3
4143,34,Male,Electronics,Headphones,1533,Winter,Card,3.8,24,7
4144,24,Female,Beauty,Perfume,38,Spring,Cash on Delivery,3.7,18,4
4145,49,Male,Mens Clothing,Jeans,132,Summer,Card,2.9,13,4
4146,40,Male,Sports,Football,43,Autumn,Cash on Delivery,2.7,8,4
4147,39,Female,Beauty,Makeup Set,28,Spring,Card,3.9,28,9
4148,27,Male,Electronics,Laptop,2663,Spring,Card,3.4,15,5
4149,63,Male,Electronics,Headphones,783,Spring,Card,2.9,16,8
4150,40,Female,Accessories,Sunglasses,29,Winter,Cash on Delivery,2.5,16,8
4151,29,Male,Sports,Dumbbells,103,Summer,Card,2.9,23,9
4152,48,Male,Mens Clothing,Jacket,121,Summer,Card,1.9,12,6
4153,30,Male,Groceries,Beverages,6,Summer,Cash on Delivery,3.2,17,6
4154,35,Male,Footwear,Sandals,241,Summer,Card,2.8,22,6
4155,62,Female,Beauty,Makeup Set,141,Summer,Card,2.7,6,3
4156,21,Male,Electronics,Headphones,1585,Winter,Card,3.6,15,5
4157,56,Female,Womens Clothing,Top,124,Autumn,Card,3.2,11,3
4158,20,Female,Accessories,Wallet,128,Spring,Card,2.9,17,6
4159,22,Female,Groceries,Snacks,24,Spring,Card,3.7,18,4
4160,47,Male,Footwear,Sandals,72,Autumn,Cash on Delivery,3.2,15,5
4161,44,Female,Accessories,Wallet,132,Autumn,Card,3.7,15,5
4162,50,Female,Beauty,Skincare Kit,129,Spring,Card,3.8,16,8
4163,39,Male,Mens Clothing,Jacket,144,Winter,Card,4.9,19,7
4164,64,Female,Footwear,Sneakers,162,Summer,Card,3.7,14,7
4165,67,Female,Footwear,Sandals,210,Autumn,Card,3.9,4,2
4166,48,Male,Electronics,Mobile Phone,1795,Spring,Card,4.6,16,8
4167,26,Male,Mens Clothing,T-Shirt,53,Autumn,Cash on Delivery,4.5,9,2
4168,46,Male,Sports,Dumbbells,120,Autumn,Card,4.5,15,5
4169,26,Female,Footwear,Sandals,230,Winter,Card,3.9,22,6
4170,50,Female,Home,Curtains,59,Winter,Cash on Delivery,4.8,16,3
4171,36,Male,Electronics,Headphones,2332,Winter,Card,3,8,4
4172,36,Male,Sports,Dumbbells,149,Autumn,Card,3.6,20,5
4173,64,Male,Electronics,Headphones,2758,Spring,Card,3.4,17,6
4174,69,Female,Beauty,Makeup Set,88,Autumn,Cash on Delivery,3.9,9,2
4175,41,Male,Mens Clothing,Shirt,199,Winter,Card,3.1,6,3
4176,39,Male,Mens Clothing,Shirt,146,Autumn,Card,3.8,4,2
4177,62,Female,Beauty,Makeup Set,145,Summer,Card,3.8,13,4
4178,47,Male,Electronics,Mobile Phone,1666,Summer,Card,3.9,17,6
4179,46,Female,Footwear,Sandals,89,Spring,Cash on Delivery,4.3,17,6
4180,56,Male,Mens Clothing,Shirt,153,Spring,Card,3.2,11,3
4181,32,Female,Accessories,Sunglasses,156,Winter,Card,2.6,12,6
4182,50,Male,Sports,Dumbbells,83,Summer,Card,3.4,10,5
4183,58,Male,Mens Clothing,T-Shirt,172,Summer,Card,3.9,8,4
4184,26,Female,Womens Clothing,Top,32,Winter,Cash on Delivery,3.4,23,9
4185,58,Female,Womens Clothing,Top,199,Winter,Card,3.3,15,5
4186,24,Female,Womens Clothing,Top,81,Spring,Card,3.4,24,7
4187,65,Female,Footwear,Sandals,232,Autumn,Card,3.5,22,6
4188,46,Male,Mens Clothing,T-Shirt,79,Autumn,Card,4.3,14,2
4189,57,Female,Groceries,Rice Pack,14,Winter,Card,4.4,7,1
4190,27,Female,Beauty,Perfume,114,Spring,Card,3.7,11,3
4191,41,Female,Footwear,Formal Shoes,217,Spring,Card,3.3,21,8
4192,40,Female,Beauty,Perfume,59,Spring,Cash on Delivery,4.8,6,3
4193,43,Male,Sports,Yoga Mat,188,Winter,Card,4.4,19,7
4194,37,Female,Womens Clothing,Skirt,116,Autumn,Card,4.4,22,6
4195,34,Female,Home,Curtains,143,Summer,Card,4.6,19,7
4196,43,Male,Footwear,Sneakers,159,Winter,Card,4.5,16,8
4197,49,Female,Groceries,Cooking Oil,44,Spring,Cash on Delivery,4,12,6
4198,57,Male,Sports,Football,66,Spring,Cash on Delivery,3.6,11,3
4199,60,Male,Electronics,Laptop,2586,Winter,Card,3.1,15,5
4200,45,Male,Electronics,Laptop,2463,Spring,Card,4.5,12,6
4201,38,Male,Sports,Yoga Mat,93,Spring,Card,4.6,19,7
4202,52,Female,Womens Clothing,Jeans,133,Autumn,Card,5,13,4
4203,49,Female,Groceries,Cooking Oil,44,Winter,Card,4.3,17,6
4204,26,Female,Beauty,Perfume,77,Spring,Card,3,10,5
4205,58,Male,Mens Clothing,Jacket,54,Spring,Card,4.4,12,6
4206,52,Male,Sports,Dumbbells,103,Autumn,Card,3.6,14,7
4207,64,Male,Footwear,Sneakers,184,Winter,Card,4.6,12,1
4208,55,Female,Footwear,Sneakers,171,Autumn,Card,3.8,12,6
4209,67,Female,Accessories,Wallet,38,Winter,Cash on Delivery,4.5,20,5
4210,41,Male,Home,Lamp,171,Autumn,Card,4.7,24,7
4211,23,Male,Footwear,Formal Shoes,249,Spring,Card,2.7,23,9
4212,66,Female,Footwear,Sandals,167,Spring,Card,4.2,24,7
4213,26,Female,Groceries,Cooking Oil,60,Autumn,Card,4.3,15,5
4214,44,Female,Womens Clothing,Top,32,Autumn,Card,5,14,7
4215,36,Male,Sports,Yoga Mat,47,Spring,Cash on Delivery,3.7,8,4
4216,31,Male,Footwear,Sneakers,83,Winter,Card,4.2,16,3
4217,69,Male,Footwear,Sneakers,246,Winter,Card,4,15,5
4218,48,Female,Accessories,Handbag,94,Spring,Cash on Delivery,4.3,10,5
4219,31,Female,Groceries,Rice Pack,9,Autumn,Card,4.2,14,2
4220,33,Female,Footwear,Formal Shoes,115,Winter,Card,2.8,6,3
4221,42,Male,Home,Lamp,288,Spring,Card,4.1,10,5
4222,61,Male,Electronics,Mobile Phone,2235,Winter,Card,4.4,14,7
4223,62,Male,Sports,Football,174,Summer,Card,4.2,8,4
4224,29,Female,Beauty,Perfume,20,Spring,Cash on Delivery,3.7,14,7
4225,23,Female,Beauty,Skincare Kit,47,Winter,Cash on Delivery,5,22,6
4226,49,Male,Electronics,Mobile Phone,2552,Autumn,Card,4.5,18,4
4227,67,Male,Sports,Yoga Mat,123,Summer,Card,4.1,12,6
4228,65,Male,Footwear,Formal Shoes,92,Summer,Cash on Delivery,4.2,18,4
4229,30,Female,Accessories,Wallet,38,Spring,Cash on Delivery,4.9,16,3
4230,52,Male,Electronics,Smart Watch,1076,Autumn,Card,4,4,2
4231,70,Male,Footwear,Formal Shoes,72,Summer,Cash on Delivery,4.5,10,5
4232,27,Male,Electronics,Headphones,2020,Autumn,Card,5,23,9
4233,41,Female,Accessories,Handbag,55,Spring,Card,3.2,15,5
4234,22,Female,Beauty,Makeup Set,120,Spring,Card,3.3,11,3
4235,50,Female,Accessories,Wallet,70,Autumn,Cash on Delivery,3.9,13,4
4236,27,Female,Womens Clothing,Top,185,Summer,Card,4.5,19,7
4237,28,Female,Accessories,Handbag,124,Spring,Card,3,14,2
4238,52,Male,Footwear,Formal Shoes,57,Summer,Cash on Delivery,2.9,15,5
4239,32,Female,Womens Clothing,Top,61,Winter,Cash on Delivery,3.6,12,6
4240,68,Female,Accessories,Wallet,81,Spring,Card,4,16,3
4241,52,Female,Accessories,Handbag,153,Autumn,Card,4.5,15,5
4242,29,Male,Electronics,Mobile Phone,2125,Winter,Card,3.2,15,5
4243,58,Male,Mens Clothing,Jacket,124,Autumn,Card,3,17,6
4244,54,Female,Footwear,Sandals,90,Spring,Card,2.2,11,3
4245,32,Male,Sports,Football,77,Summer,Card,3,18,4
4246,68,Female,Footwear,Sneakers,168,Summer,Card,4.4,15,5
4247,29,Male,Sports,Yoga Mat,140,Spring,Card,3.1,14,2
4248,63,Female,Accessories,Wallet,159,Winter,Card,5,13,4
4249,51,Female,Womens Clothing,Top,182,Autumn,Card,3.3,18,4
4250,43,Female,Footwear,Formal Shoes,207,Autumn,Card,3.9,10,5
4251,20,Female,Beauty,Makeup Set,143,Autumn,Card,3.7,14,2
4252,24,Male,Sports,Dumbbells,28,Spring,Card,3.7,18,4
4253,22,Female,Home,Kitchen Set,54,Summer,Card,3.7,9,2
4254,40,Male,Electronics,Laptop,2649,Autumn,Card,5,16,8
4255,56,Male,Electronics,Headphones,2274,Summer,Card,3.9,25,10
4256,68,Female,Sports,Football,118,Winter,Card,3.3,22,6
4257,39,Female,Footwear,Sandals,226,Winter,Card,3.8,20,5
4258,45,Female,Womens Clothing,Top,79,Spring,Cash on Delivery,3.7,18,4
4259,63,Male,Sports,Football,120,Autumn,Card,4.6,30,10
4260,46,Female,Accessories,Handbag,65,Autumn,Cash on Delivery,3.6,12,1
4261,34,Male,Footwear,Sandals,103,Winter,Card,5,15,5
4262,69,Male,Electronics,Headphones,1020,Spring,Card,4.5,18,4
4263,48,Female,Accessories,Sunglasses,177,Autumn,Card,4.7,6,3
4264,68,Female,Womens Clothing,Top,103,Spring,Card,3.5,17,6
4265,58,Male,Mens Clothing,T-Shirt,115,Spring,Card,5,14,7
4266,23,Male,Mens Clothing,Jacket,181,Summer,Card,3.9,14,7
4267,62,Female,Accessories,Wallet,156,Autumn,Card,3.9,22,6
4268,41,Female,Groceries,Beverages,9,Winter,Cash on Delivery,3.6,6,3
4269,38,Female,Womens Clothing,Skirt,87,Spring,Card,3.8,2,1
4270,48,Male,Sports,Football,134,Autumn,Card,2.7,14,7
4271,48,Female,Beauty,Perfume,101,Summer,Card,4,22,6
4272,27,Female,Sports,Dumbbells,84,Spring,Card,3,22,6
4273,64,Male,Mens Clothing,Jacket,71,Spring,Cash on Delivery,2.8,10,5
4274,62,Female,Womens Clothing,Skirt,90,Autumn,Card,4.6,28,9
4275,46,Male,Electronics,Mobile Phone,684,Spring,Card,3.8,26,8
4276,58,Male,Sports,Dumbbells,152,Autumn,Card,4.4,16,8
4277,58,Male,Footwear,Sneakers,72,Winter,Card,2.6,16,8
4278,25,Male,Groceries,Snacks,53,Autumn,Cash on Delivery,3.5,26,8
4279,49,Male,Sports,Yoga Mat,33,Winter,Card,2.9,22,6
4280,33,Female,Accessories,Sunglasses,62,Spring,Cash on Delivery,4.2,28,9
4281,43,Male,Sports,Dumbbells,89,Autumn,Card,3.5,16,8
4282,46,Female,Footwear,Sneakers,214,Summer,Card,3.8,13,4
4283,32,Male,Electronics,Smart Watch,745,Winter,Card,2.9,4,2
4284,64,Female,Womens Clothing,Jeans,199,Spring,Card,3.2,11,3
4285,67,Female,Womens Clothing,Dress,123,Autumn,Card,3.6,24,7
4286,56,Female,Womens Clothing,Jeans,82,Spring,Card,4.1,22,6
4287,51,Female,Groceries,Snacks,51,Summer,Cash on Delivery,3.4,20,5
4288,42,Female,Footwear,Formal Shoes,50,Spring,Cash on Delivery,4.1,12,6
4289,46,Male,Footwear,Formal Shoes,140,Winter,Card,3.5,18,9
4290,29,Female,Beauty,Perfume,52,Winter,Card,4.3,6,3
4291,67,Male,Sports,Dumbbells,162,Spring,Card,2.8,10,5
4292,61,Male,Sports,Dumbbells,116,Autumn,Card,3.6,16,3
4293,63,Female,Beauty,Skincare Kit,88,Winter,Cash on Delivery,4.2,18,4
4294,20,Male,Mens Clothing,T-Shirt,176,Summer,Card,4,21,8
4295,68,Female,Footwear,Sandals,109,Summer,Card,4.2,15,5
4296,41,Female,Home,Lamp,63,Autumn,Card,4.1,20,5
4297,66,Male,Mens Clothing,T-Shirt,178,Winter,Card,4.6,22,6
4298,53,Male,Sports,Football,204,Spring,Card,3.8,6,3
4299,66,Male,Footwear,Sandals,55,Spring,Cash on Delivery,5,16,8
4300,58,Female,Beauty,Perfume,121,Winter,Card,4.2,18,4
4301,65,Female,Footwear,Sneakers,108,Summer,Card,3.9,12,6
4302,22,Female,Beauty,Skincare Kit,89,Spring,Card,4,21,8
4303,41,Male,Sports,Dumbbells,132,Winter,Card,3.4,14,7
4304,54,Male,Home,Kitchen Set,59,Summer,Cash on Delivery,3.8,23,9
4305,62,Male,Mens Clothing,T-Shirt,185,Winter,Card,4.2,28,9
4306,65,Male,Electronics,Smart Watch,2803,Spring,Card,3.1,12,1
4307,54,Female,Accessories,Wallet,92,Autumn,Card,3.6,16,3
4308,45,Male,Home,Curtains,130,Winter,Card,4.5,14,7
4309,34,Male,Home,Lamp,225,Summer,Card,3.2,14,2
4310,32,Male,Footwear,Sandals,237,Autumn,Card,5,24,7
4311,52,Female,Accessories,Sunglasses,36,Winter,Cash on Delivery,4,17,6
4312,53,Male,Footwear,Formal Shoes,70,Spring,Card,3,8,4
4313,38,Female,Womens Clothing,Dress,136,Winter,Card,3.9,8,4
4314,44,Female,Womens Clothing,Skirt,159,Autumn,Card,4.3,10,5
4315,27,Male,Home,Curtains,105,Winter,Card,3.7,15,5
4316,55,Female,Home,Lamp,214,Winter,Card,3.7,11,3
4317,42,Female,Womens Clothing,Skirt,101,Autumn,Card,2.6,12,6
4318,39,Female,Groceries,Rice Pack,24,Summer,Cash on Delivery,3.7,14,7
4319,38,Male,Footwear,Sneakers,207,Winter,Card,4.5,23,9
4320,33,Female,Womens Clothing,Jeans,153,Winter,Card,2.9,17,6
4321,41,Female,Womens Clothing,Top,132,Summer,Card,5,9,2
4322,46,Male,Sports,Football,62,Autumn,Card,4.8,18,4
4323,33,Female,Sports,Yoga Mat,146,Autumn,Card,3.9,14,2
4324,30,Male,Sports,Football,176,Autumn,Card,3.9,10,5
4325,40,Male,Footwear,Sneakers,180,Autumn,Card,3.5,10,5
4326,31,Female,Home,Lamp,46,Autumn,Card,3,17,6
4327,52,Female,Beauty,Makeup Set,89,Autumn,Cash on Delivery,4.4,12,6
4328,65,Female,Sports,Yoga Mat,100,Autumn,Card,3.8,22,6
4329,48,Male,Mens Clothing,T-Shirt,90,Summer,Card,4.1,20,5
4330,54,Male,Electronics,Mobile Phone,971,Summer,Card,4.7,18,9
4331,33,Male,Electronics,Laptop,1987,Summer,Card,3.9,14,2
4332,56,Male,Electronics,Smart Watch,2919,Winter,Card,2.8,15,5
4333,41,Female,Sports,Yoga Mat,26,Summer,Card,4.4,16,3
4334,65,Male,Footwear,Formal Shoes,73,Winter,Card,3,12,6
4335,32,Female,Beauty,Skincare Kit,140,Summer,Card,3.1,20,5
4336,49,Female,Footwear,Formal Shoes,59,Spring,Cash on Delivery,2.9,14,7
4337,61,Male,Sports,Football,102,Spring,Card,3.9,11,3
4338,54,Male,Sports,Football,92,Spring,Card,3.3,11,3
4339,50,Female,Sports,Football,119,Summer,Card,4.6,20,10
4340,61,Male,Electronics,Mobile Phone,1079,Autumn,Card,3.6,26,8
4341,60,Female,Beauty,Perfume,65,Autumn,Cash on Delivery,5,16,3
4342,42,Female,Beauty,Skincare Kit,26,Winter,Cash on Delivery,4,8,4
4343,45,Female,Footwear,Sandals,50,Winter,Cash on Delivery,3.3,9,2
4344,28,Male,Sports,Yoga Mat,132,Winter,Card,4,23,9
4345,53,Female,Footwear,Sandals,56,Spring,Cash on Delivery,3.3,16,8
4346,59,Male,Electronics,Laptop,639,Winter,Card,3.9,16,8
4347,42,Female,Footwear,Formal Shoes,57,Spring,Card,4.1,8,4
4348,69,Female,Sports,Football,49,Summer,Cash on Delivery,3,22,6
4349,70,Female,Accessories,Wallet,27,Winter,Card,3.9,16,3
4350,69,Male,Footwear,Sneakers,116,Winter,Card,3.3,17,6
4351,21,Female,Sports,Yoga Mat,131,Autumn,Card,3.5,10,5
4352,23,Male,Electronics,Mobile Phone,1990,Spring,Card,4.1,10,0
4353,59,Female,Footwear,Sneakers,199,Summer,Card,3.4,10,5
4354,68,Female,Accessories,Sunglasses,117,Winter,Card,3.4,16,3
4355,41,Male,Mens Clothing,Shirt,144,Winter,Card,3.6,24,12
4356,22,Male,Footwear,Formal Shoes,73,Spring,Cash on Delivery,3.7,11,3
4357,20,Male,Footwear,Formal Shoes,239,Spring,Card,4.1,12,6
4358,52,Male,Mens Clothing,Shirt,164,Winter,Card,4.1,4,2
4359,69,Male,Electronics,Headphones,1339,Autumn,Card,3.5,9,2
4360,42,Male,Sports,Dumbbells,198,Autumn,Card,3.3,8,4
4361,37,Male,Groceries,Cooking Oil,63,Summer,Cash on Delivery,3.5,14,7
4362,29,Female,Womens Clothing,Dress,150,Spring,Card,3.9,19,7
4363,51,Male,Groceries,Cooking Oil,72,Winter,Cash on Delivery,3.5,16,3
4364,26,Female,Womens Clothing,Skirt,43,Spring,Cash on Delivery,2.9,2,1
4365,49,Male,Footwear,Sandals,173,Autumn,Card,3.8,22,6
4366,47,Male,Home,Lamp,287,Spring,Card,5,19,7
4367,30,Male,Mens Clothing,Jacket,83,Autumn,Card,3.6,14,2
4368,22,Female,Beauty,Perfume,28,Spring,Cash on Delivery,4.1,14,7
4369,46,Female,Footwear,Sneakers,208,Winter,Card,3.9,8,4
4370,57,Female,Womens Clothing,Dress,43,Winter,Card,5,20,5
4371,63,Female,Groceries,Beverages,43,Autumn,Cash on Delivery,4.3,24,7
4372,54,Male,Mens Clothing,Jacket,81,Summer,Card,4,26,8
4373,32,Female,Womens Clothing,Skirt,59,Winter,Card,3,12,6
4374,69,Male,Groceries,Rice Pack,59,Winter,Cash on Delivery,4.7,28,9
4375,65,Male,Electronics,Laptop,2600,Autumn,Card,2.1,13,4
4376,57,Female,Womens Clothing,Skirt,55,Autumn,Cash on Delivery,3.7,22,11
4377,27,Male,Footwear,Sandals,66,Autumn,Cash on Delivery,3,11,3
4378,40,Female,Womens Clothing,Jeans,65,Spring,Card,3.6,14,2
4379,62,Male,Sports,Yoga Mat,50,Winter,Cash on Delivery,2.8,19,7
4380,27,Female,Beauty,Makeup Set,125,Summer,Card,3.9,18,4
4381,62,Male,Footwear,Sneakers,167,Winter,Card,4.6,28,9
4382,46,Female,Womens Clothing,Skirt,141,Summer,Card,5,14,7
4383,60,Male,Footwear,Sneakers,167,Spring,Card,4.4,5,0
4384,62,Male,Footwear,Formal Shoes,152,Spring,Card,4.1,13,4
4385,49,Male,Mens Clothing,T-Shirt,50,Autumn,Cash on Delivery,4.6,21,8
4386,21,Female,Footwear,Formal Shoes,170,Spring,Card,4.8,21,8
4387,25,Female,Accessories,Sunglasses,30,Winter,Card,4.5,20,5
4388,50,Male,Groceries,Rice Pack,11,Winter,Cash on Delivery,4.5,26,8
4389,63,Male,Electronics,Headphones,2558,Spring,Card,4.2,6,3
4390,58,Female,Womens Clothing,Jeans,33,Spring,Cash on Delivery,3.4,17,6
4391,25,Male,Sports,Football,204,Summer,Card,4.7,26,13
4392,66,Female,Home,Kitchen Set,186,Summer,Card,3.9,12,6
4393,63,Female,Sports,Yoga Mat,154,Autumn,Card,3.5,16,3
4394,70,Female,Beauty,Perfume,105,Autumn,Card,3.2,16,3
4395,28,Female,Groceries,Snacks,71,Autumn,Card,3.6,11,3
4396,28,Female,Footwear,Sneakers,210,Summer,Card,4.4,24,7
4397,36,Female,Beauty,Perfume,29,Spring,Card,2.9,16,3
4398,47,Female,Beauty,Skincare Kit,109,Spring,Card,3.7,6,3
4399,25,Female,Footwear,Sneakers,249,Autumn,Card,2.5,18,4
4400,55,Male,Mens Clothing,Shirt,179,Spring,Card,5,8,4
4401,22,Female,Groceries,Snacks,65,Spring,Cash on Delivery,2.9,15,5
4402,55,Male,Electronics,Smart Watch,1774,Summer,Card,4,26,8
4403,25,Male,Mens Clothing,Shirt,174,Spring,Card,4.4,21,8
4404,34,Male,Sports,Dumbbells,131,Spring,Card,3.6,20,5
4405,39,Female,Accessories,Wallet,47,Summer,Card,3.8,15,5
4406,65,Male,Mens Clothing,Jeans,77,Spring,Card,3.9,16,8
4407,51,Female,Footwear,Sneakers,80,Autumn,Card,3.8,2,1
4408,52,Male,Footwear,Sneakers,92,Winter,Cash on Delivery,2.5,8,4
4409,48,Female,Footwear,Sandals,147,Spring,Card,3.5,11,3
4410,25,Female,Accessories,Handbag,101,Autumn,Card,3.5,19,7
4411,35,Male,Electronics,Laptop,2273,Winter,Card,2.3,14,7
4412,42,Male,Electronics,Mobile Phone,783,Winter,Card,3.6,20,5
4413,46,Male,Sports,Yoga Mat,126,Spring,Card,1.8,10,5
4414,21,Male,Footwear,Formal Shoes,151,Summer,Card,4.2,9,2
4415,22,Female,Beauty,Makeup Set,116,Summer,Card,4.2,12,6
4416,53,Female,Groceries,Snacks,47,Winter,Cash on Delivery,3,18,4
4417,26,Male,Electronics,Smart Watch,2162,Spring,Card,4.1,4,2
4418,29,Male,Mens Clothing,Jacket,100,Spring,Card,3,20,5
4419,22,Male,Electronics,Laptop,2633,Spring,Card,4.2,18,4
4420,63,Female,Accessories,Sunglasses,133,Autumn,Card,4.1,20,5
4421,20,Female,Footwear,Sandals,161,Spring,Card,3.7,8,4
4422,50,Female,Beauty,Perfume,36,Autumn,Card,4.4,18,9
4423,54,Female,Womens Clothing,Dress,41,Autumn,Cash on Delivery,3.4,19,7
4424,45,Male,Sports,Dumbbells,160,Summer,Card,3.9,17,6
4425,59,Female,Accessories,Wallet,153,Winter,Card,3.5,17,6
4426,43,Female,Womens Clothing,Skirt,72,Summer,Cash on Delivery,4.1,12,6
4427,21,Female,Accessories,Handbag,96,Autumn,Cash on Delivery,4.3,22,6
4428,62,Male,Home,Curtains,39,Winter,Cash on Delivery,3.6,8,4
4429,44,Male,Electronics,Smart Watch,1770,Spring,Card,4.8,20,5
4430,44,Female,Footwear,Formal Shoes,103,Winter,Card,3.1,15,5
4431,45,Female,Footwear,Formal Shoes,118,Winter,Card,4,10,5
4432,37,Female,Accessories,Wallet,163,Winter,Card,3.5,19,7
4433,49,Male,Sports,Yoga Mat,76,Summer,Cash on Delivery,4.5,15,5
4434,63,Male,Sports,Dumbbells,235,Spring,Card,3.1,16,3
4435,25,Female,Footwear,Sandals,108,Summer,Card,4.8,17,6
4436,44,Male,Sports,Football,150,Spring,Card,3.5,20,5
4437,36,Male,Sports,Dumbbells,97,Summer,Card,3.4,6,3
4438,44,Female,Sports,Yoga Mat,129,Summer,Card,5,20,5
4439,31,Female,Footwear,Sandals,76,Autumn,Card,3.5,18,4
4440,46,Female,Womens Clothing,Top,182,Winter,Card,4.3,8,4
4441,43,Male,Electronics,Mobile Phone,1217,Spring,Card,4.6,20,5
4442,23,Female,Footwear,Sneakers,241,Spring,Card,5,8,4
4443,58,Male,Electronics,Laptop,1944,Spring,Card,2.7,22,6
4444,22,Male,Sports,Yoga Mat,48,Summer,Cash on Delivery,4,4,2
4445,63,Female,Accessories,Sunglasses,107,Autumn,Card,2.2,12,1
4446,62,Male,Electronics,Headphones,1763,Autumn,Card,4,20,5
4447,69,Female,Womens Clothing,Dress,160,Winter,Card,2.9,24,7
4448,36,Male,Groceries,Cooking Oil,61,Winter,Cash on Delivery,4.5,16,3
4449,46,Female,Home,Lamp,119,Autumn,Card,4.1,16,3
4450,53,Male,Sports,Football,116,Summer,Card,3,6,3
4451,20,Female,Beauty,Perfume,110,Winter,Card,4.4,16,8
4452,48,Male,Footwear,Formal Shoes,198,Autumn,Card,3.4,17,6
4453,29,Female,Footwear,Sneakers,69,Summer,Card,3.6,0,0
4454,43,Male,Mens Clothing,T-Shirt,112,Summer,Card,4.1,12,6
4455,37,Male,Footwear,Sandals,75,Autumn,Card,2.9,11,3
4456,49,Male,Electronics,Headphones,2430,Winter,Card,2.9,18,9
4457,38,Male,Electronics,Headphones,1961,Summer,Card,2.9,26,8
4458,41,Female,Footwear,Sandals,120,Winter,Card,3.6,11,3
4459,25,Female,Groceries,Cooking Oil,78,Winter,Cash on Delivery,4.6,24,7
4460,55,Male,Electronics,Mobile Phone,1711,Autumn,Card,4,16,3
4461,47,Female,Footwear,Sandals,149,Autumn,Card,3.4,16,3
4462,70,Male,Home,Curtains,195,Summer,Card,3.3,12,6
4463,59,Female,Beauty,Perfume,59,Autumn,Cash on Delivery,3.3,12,6
4464,21,Female,Footwear,Sandals,229,Autumn,Card,2.5,10,5
4465,62,Male,Electronics,Mobile Phone,2058,Spring,Card,4.1,24,7
4466,25,Female,Footwear,Sandals,139,Summer,Card,3.8,20,5
4467,23,Male,Mens Clothing,Shirt,107,Summer,Card,4.5,20,5
4468,62,Male,Electronics,Headphones,2594,Autumn,Card,2.9,10,5
4469,30,Male,Mens Clothing,Jacket,196,Spring,Card,3.9,18,4
4470,69,Male,Home,Kitchen Set,127,Spring,Card,3.5,4,2
4471,29,Male,Footwear,Formal Shoes,86,Spring,Card,3.7,11,3
4472,21,Female,Beauty,Skincare Kit,110,Winter,Card,3.5,16,8
4473,57,Female,Accessories,Handbag,63,Winter,Cash on Delivery,4,17,6
4474,61,Female,Womens Clothing,Top,199,Winter,Card,3.5,15,5
4475,29,Female,Beauty,Makeup Set,144,Spring,Card,3.5,11,3
4476,44,Male,Electronics,Mobile Phone,606,Summer,Card,3,20,5
4477,24,Female,Footwear,Formal Shoes,53,Autumn,Cash on Delivery,2.4,13,4
4478,51,Male,Sports,Yoga Mat,180,Autumn,Card,2.9,9,2
4479,35,Female,Womens Clothing,Dress,171,Spring,Card,4.3,24,7
4480,61,Male,Mens Clothing,Shirt,124,Summer,Card,3.6,15,5
4481,54,Female,Womens Clothing,Top,102,Autumn,Card,4.8,6,3
4482,31,Male,Mens Clothing,Jeans,130,Autumn,Card,3.3,11,3
4483,31,Male,Sports,Football,107,Spring,Card,3.2,15,5
4484,56,Male,Electronics,Mobile Phone,1555,Autumn,Card,2.8,7,1
4485,66,Female,Womens Clothing,Top,131,Autumn,Card,3,20,10
4486,38,Male,Mens Clothing,Jacket,52,Winter,Card,4.2,14,2
4487,25,Male,Sports,Dumbbells,130,Summer,Card,4.7,16,3
4488,44,Male,Sports,Football,126,Summer,Card,3.2,12,1
4489,60,Female,Footwear,Sneakers,76,Winter,Card,4.7,13,4
4490,50,Male,Mens Clothing,T-Shirt,38,Winter,Card,3.5,8,4
4491,51,Male,Mens Clothing,T-Shirt,100,Winter,Card,3.5,14,7
4492,26,Male,Electronics,Laptop,1336,Winter,Card,3.8,9,2
4493,23,Male,Home,Kitchen Set,208,Winter,Card,4.9,17,6
4494,25,Female,Home,Lamp,44,Summer,Cash on Delivery,5,10,5
4495,34,Female,Home,Kitchen Set,228,Winter,Card,3.5,8,4
4496,24,Male,Home,Kitchen Set,69,Spring,Cash on Delivery,4.2,4,2
4497,40,Female,Beauty,Skincare Kit,38,Winter,Cash on Delivery,4.3,27,11
4498,23,Male,Electronics,Laptop,1287,Spring,Card,4,14,7
4499,28,Female,Footwear,Sneakers,99,Winter,Card,3.7,20,5
4500,22,Male,Sports,Football,215,Winter,Card,2.5,24,7
4501,27,Male,Electronics,Headphones,975,Spring,Card,3.6,4,2
4502,58,Female,Womens Clothing,Skirt,53,Spring,Cash on Delivery,3.3,16,8
4503,49,Male,Electronics,Headphones,2177,Summer,Card,3.6,26,8
4504,60,Female,Womens Clothing,Top,91,Spring,Card,3.7,25,10
4505,23,Female,Footwear,Sneakers,200,Autumn,Card,3,19,7
4506,51,Female,Beauty,Perfume,20,Autumn,Cash on Delivery,5,15,5
4507,42,Male,Mens Clothing,Shirt,120,Summer,Card,4.8,17,6
4508,63,Female,Beauty,Skincare Kit,65,Autumn,Card,3.5,6,3
4509,21,Male,Groceries,Rice Pack,5,Summer,Card,3.7,22,6
4510,52,Male,Electronics,Mobile Phone,1372,Winter,Card,3.4,14,7
4511,30,Male,Footwear,Formal Shoes,194,Winter,Card,3.1,14,2
4512,70,Female,Womens Clothing,Jeans,143,Winter,Card,4,17,6
4513,61,Female,Accessories,Sunglasses,119,Winter,Card,4.3,26,8
4514,55,Female,Womens Clothing,Top,178,Autumn,Card,4.7,16,3
4515,65,Male,Groceries,Cooking Oil,14,Spring,Card,3.1,10,5
4516,41,Male,Groceries,Beverages,11,Summer,Cash on Delivery,4.6,13,4
4517,35,Male,Sports,Yoga Mat,157,Winter,Card,3.3,6,3
4518,55,Female,Footwear,Formal Shoes,40,Autumn,Card,3.5,14,2
4519,65,Female,Beauty,Skincare Kit,54,Summer,Card,3.6,15,5
4520,40,Female,Home,Lamp,217,Summer,Card,3.7,4,2
4521,59,Female,Accessories,Sunglasses,30,Winter,Cash on Delivery,3.2,10,5
4522,59,Female,Beauty,Perfume,112,Spring,Card,2.2,4,2
4523,70,Female,Womens Clothing,Top,162,Winter,Card,3.8,17,6
4524,59,Male,Home,Kitchen Set,155,Summer,Card,3.6,18,9
4525,61,Female,Sports,Football,140,Summer,Card,4,10,5
4526,68,Male,Electronics,Headphones,894,Winter,Card,3.9,10,5
4527,45,Female,Footwear,Formal Shoes,232,Winter,Card,4.5,20,5
4528,35,Female,Footwear,Sneakers,185,Summer,Card,3.6,13,4
4529,54,Male,Sports,Dumbbells,245,Summer,Card,3.6,8,4
4530,53,Female,Beauty,Skincare Kit,31,Autumn,Card,4,7,1
4531,30,Female,Womens Clothing,Top,96,Winter,Cash on Delivery,4.5,17,6
4532,52,Male,Mens Clothing,Shirt,134,Winter,Card,3.1,8,4
4533,42,Male,Sports,Football,249,Summer,Card,5,18,4
4534,44,Male,Footwear,Sneakers,55,Summer,Card,4.5,28,9
4535,60,Male,Groceries,Snacks,10,Spring,Cash on Delivery,3.9,17,6
4536,22,Female,Footwear,Formal Shoes,110,Spring,Card,4.8,10,5
4537,31,Male,Electronics,Smart Watch,1551,Spring,Card,2.1,9,2
4538,38,Male,Footwear,Sneakers,192,Autumn,Card,3.5,11,3
4539,49,Male,Electronics,Smart Watch,2208,Summer,Card,3.8,8,4
4540,23,Female,Sports,Dumbbells,38,Winter,Card,3.1,19,7
4541,40,Female,Footwear,Sneakers,96,Summer,Cash on Delivery,4.1,14,2
4542,62,Male,Footwear,Formal Shoes,74,Spring,Card,3.2,10,5
4543,27,Female,Footwear,Formal Shoes,108,Winter,Card,4.4,15,5
4544,35,Female,Sports,Football,84,Summer,Card,4.8,19,7
4545,21,Male,Electronics,Laptop,2196,Winter,Card,3.8,10,5
4546,55,Male,Mens Clothing,T-Shirt,56,Winter,Card,5,12,6
4547,49,Male,Mens Clothing,Jacket,116,Spring,Card,3.7,15,5
4548,60,Male,Sports,Football,123,Autumn,Card,3.8,9,2
4549,46,Male,Electronics,Mobile Phone,562,Summer,Card,3.8,12,6
4550,69,Female,Womens Clothing,Top,74,Summer,Card,4.3,17,6
4551,49,Female,Footwear,Sandals,96,Spring,Cash on Delivery,4,15,5
4552,58,Male,Mens Clothing,T-Shirt,128,Spring,Card,3.6,22,6
4553,22,Male,Groceries,Cooking Oil,36,Autumn,Cash on Delivery,5,20,5
4554,50,Female,Beauty,Skincare Kit,23,Spring,Cash on Delivery,3.9,20,5
4555,41,Female,Footwear,Sandals,55,Spring,Cash on Delivery,4,26,8
4556,68,Female,Accessories,Wallet,121,Winter,Card,2.7,15,5
4557,67,Male,Footwear,Formal Shoes,203,Autumn,Card,3.7,20,5
4558,67,Male,Mens Clothing,Jeans,186,Autumn,Card,3.1,2,1
4559,24,Male,Mens Clothing,Jeans,156,Spring,Card,4.1,11,3
4560,56,Female,Beauty,Perfume,32,Summer,Card,3.7,34,12
4561,70,Female,Groceries,Rice Pack,65,Summer,Cash on Delivery,3.7,20,5
4562,62,Female,Footwear,Formal Shoes,49,Autumn,Card,3.4,10,5
4563,55,Female,Footwear,Sandals,134,Spring,Card,4.5,17,6
4564,41,Female,Sports,Yoga Mat,190,Autumn,Card,3,10,5
4565,64,Female,Accessories,Handbag,129,Autumn,Card,3.9,13,4
4566,67,Male,Footwear,Sandals,151,Autumn,Card,3.6,4,2
4567,30,Male,Footwear,Sneakers,123,Winter,Card,5,13,4
4568,70,Male,Footwear,Sandals,112,Spring,Card,5,25,10
4569,66,Female,Sports,Dumbbells,116,Winter,Card,3.2,12,1
4570,55,Female,Groceries,Rice Pack,69,Autumn,Cash on Delivery,4,6,3
4571,63,Male,Mens Clothing,Jeans,100,Autumn,Cash on Delivery,4.6,14,2
4572,65,Male,Sports,Yoga Mat,113,Winter,Card,4.7,25,10
4573,42,Male,Footwear,Formal Shoes,176,Summer,Card,4.3,10,5
4574,53,Male,Sports,Football,122,Summer,Card,4.7,17,6
4575,29,Female,Womens Clothing,Skirt,70,Winter,Card,3.1,8,4
4576,31,Female,Home,Lamp,212,Spring,Card,3.6,8,4
4577,22,Male,Mens Clothing,T-Shirt,132,Spring,Card,4.2,12,6
4578,61,Male,Home,Lamp,30,Spring,Card,4.5,24,7
4579,70,Female,Womens Clothing,Skirt,156,Spring,Card,4.8,26,8
4580,23,Female,Womens Clothing,Top,140,Summer,Card,3.2,13,4
4581,37,Female,Womens Clothing,Skirt,68,Spring,Card,5,15,5
4582,46,Female,Beauty,Skincare Kit,90,Autumn,Cash on Delivery,3.4,8,4
4583,30,Male,Groceries,Beverages,31,Summer,Cash on Delivery,4.3,22,6
4584,40,Female,Beauty,Perfume,58,Winter,Cash on Delivery,3.4,16,3
4585,22,Female,Footwear,Sandals,185,Winter,Card,3.7,13,4
4586,36,Female,Footwear,Sneakers,196,Spring,Card,3.3,8,4
4587,37,Female,Beauty,Skincare Kit,127,Summer,Card,4.4,18,4
4588,36,Male,Sports,Dumbbells,58,Winter,Cash on Delivery,3.6,17,6
4589,63,Female,Sports,Yoga Mat,50,Summer,Cash on Delivery,4.9,13,4
4590,55,Male,Footwear,Formal Shoes,127,Spring,Card,3.8,17,6
4591,59,Male,Footwear,Sandals,147,Autumn,Card,2.8,9,2
4592,27,Male,Electronics,Headphones,1476,Autumn,Card,5,16,3
4593,40,Female,Home,Kitchen Set,68,Spring,Card,4.6,12,6
4594,45,Female,Beauty,Skincare Kit,79,Winter,Cash on Delivery,3.6,18,4
4595,64,Male,Mens Clothing,Jacket,158,Summer,Card,3.9,4,2
4596,44,Female,Accessories,Sunglasses,92,Spring,Card,2.9,15,5
4597,27,Male,Mens Clothing,Shirt,87,Winter,Card,4.1,5,0
4598,64,Female,Footwear,Formal Shoes,233,Autumn,Card,4.8,6,3
4599,60,Male,Home,Lamp,83,Spring,Cash on Delivery,3.6,21,8
4600,60,Female,Sports,Football,218,Winter,Card,4.8,18,4
4601,68,Female,Footwear,Sneakers,70,Autumn,Cash on Delivery,3.9,9,2
4602,23,Female,Beauty,Perfume,86,Winter,Card,4.3,13,4
4603,63,Male,Sports,Yoga Mat,30,Autumn,Cash on Delivery,3.9,14,7
4604,25,Male,Sports,Dumbbells,31,Autumn,Cash on Delivery,3.9,22,6
4605,44,Female,Beauty,Skincare Kit,138,Winter,Card,4.4,16,3
4606,48,Female,Womens Clothing,Dress,42,Winter,Cash on Delivery,3.1,16,3
4607,30,Female,Womens Clothing,Dress,137,Summer,Card,4.4,16,3
4608,24,Male,Home,Curtains,233,Summer,Card,3.6,26,8
4609,25,Female,Accessories,Handbag,23,Winter,Cash on Delivery,2.9,12,6
4610,50,Male,Electronics,Smart Watch,2642,Winter,Card,3.5,20,5
4611,64,Female,Beauty,Skincare Kit,104,Spring,Card,4.3,14,7
4612,28,Female,Beauty,Perfume,108,Summer,Card,3.2,11,3
4613,55,Male,Sports,Dumbbells,176,Summer,Card,4.4,18,9
4614,42,Male,Electronics,Mobile Phone,910,Autumn,Card,3.5,19,7
4615,37,Male,Sports,Dumbbells,72,Autumn,Cash on Delivery,3.6,12,6
4616,60,Female,Footwear,Formal Shoes,150,Summer,Card,4.2,22,6
4617,32,Male,Sports,Football,60,Autumn,Cash on Delivery,4.4,11,3
4618,38,Female,Womens Clothing,Jeans,56,Winter,Card,4.9,18,9
4619,62,Male,Mens Clothing,Jeans,87,Summer,Cash on Delivery,3,11,3
4620,58,Male,Sports,Football,89,Winter,Card,3.5,13,4
4621,20,Male,Footwear,Sneakers,155,Autumn,Card,3.8,7,1
4622,43,Female,Beauty,Perfume,79,Winter,Cash on Delivery,4.3,21,8
4623,23,Male,Electronics,Mobile Phone,1001,Spring,Card,3.6,19,7
4624,34,Male,Electronics,Mobile Phone,654,Summer,Card,5,13,4
4625,31,Male,Sports,Dumbbells,227,Spring,Card,4.5,4,2
4626,32,Female,Accessories,Sunglasses,40,Summer,Card,5,18,4
4627,55,Male,Electronics,Smart Watch,556,Autumn,Card,4.1,12,6
4628,35,Female,Beauty,Skincare Kit,109,Winter,Card,3.8,4,2
4629,27,Female,Home,Curtains,176,Autumn,Card,4.1,20,5
4630,30,Female,Footwear,Formal Shoes,190,Summer,Card,4,13,4
4631,34,Female,Sports,Yoga Mat,197,Summer,Card,3.8,14,7
4632,52,Male,Sports,Football,43,Winter,Cash on Delivery,2.5,10,5
4633,70,Male,Mens Clothing,Jeans,80,Autumn,Card,4.4,13,4
4634,42,Female,Footwear,Sneakers,145,Summer,Card,4.1,6,3
4635,29,Male,Electronics,Laptop,1135,Autumn,Card,4.2,8,4
4636,33,Female,Footwear,Sandals,156,Summer,Card,4.4,20,5
4637,68,Female,Beauty,Skincare Kit,91,Autumn,Card,3.7,20,5
4638,47,Female,Beauty,Makeup Set,126,Summer,Card,4.9,18,4
4639,59,Male,Footwear,Sneakers,118,Autumn,Card,4.3,17,6
4640,41,Male,Electronics,Smart Watch,2453,Winter,Card,4.4,18,4
4641,60,Female,Footwear,Sandals,127,Summer,Card,3.2,13,4
4642,20,Male,Sports,Dumbbells,168,Summer,Card,2.7,13,4
4643,29,Male,Mens Clothing,Shirt,89,Spring,Cash on Delivery,3.8,15,5
4644,41,Female,Footwear,Formal Shoes,84,Autumn,Cash on Delivery,4.4,24,7
4645,22,Female,Womens Clothing,Skirt,73,Autumn,Card,3.9,18,4
4646,50,Female,Home,Curtains,99,Winter,Card,4.6,17,6
4647,51,Male,Electronics,Laptop,913,Summer,Card,4.4,18,9
4648,30,Male,Footwear,Sandals,116,Spring,Card,4.3,15,5
4649,47,Male,Mens Clothing,T-Shirt,93,Winter,Cash on Delivery,3.6,15,5
4650,67,Female,Womens Clothing,Skirt,36,Spring,Cash on Delivery,3.4,13,4
4651,64,Female,Accessories,Sunglasses,133,Summer,Card,3.3,19,7
4652,25,Male,Mens Clothing,T-Shirt,170,Spring,Card,3.6,9,2
4653,48,Female,Accessories,Wallet,86,Summer,Card,3.4,6,3
4654,47,Male,Electronics,Headphones,2683,Autumn,Card,3.3,11,3
4655,64,Male,Electronics,Smart Watch,1406,Winter,Card,3.7,22,6
4656,41,Female,Footwear,Formal Shoes,192,Summer,Card,3.8,13,4
4657,56,Female,Footwear,Sandals,234,Spring,Card,4.7,13,4
4658,65,Female,Womens Clothing,Top,51,Autumn,Card,4,23,9
4659,62,Female,Footwear,Sneakers,50,Spring,Cash on Delivery,2.5,19,7
4660,63,Male,Mens Clothing,Jeans,156,Winter,Card,3.7,13,4
4661,32,Female,Footwear,Formal Shoes,45,Winter,Cash on Delivery,3.8,18,4
4662,42,Male,Footwear,Formal Shoes,221,Spring,Card,2.4,15,5
4663,31,Female,Footwear,Sandals,43,Autumn,Cash on Delivery,3.4,5,0
4664,65,Male,Sports,Football,182,Winter,Card,4.6,11,3
4665,47,Male,Footwear,Formal Shoes,148,Spring,Card,4.3,26,8
4666,55,Male,Mens Clothing,Jeans,178,Autumn,Card,4,11,3
4667,35,Female,Beauty,Makeup Set,24,Autumn,Card,2.9,14,2
4668,42,Female,Beauty,Perfume,95,Winter,Card,3.6,9,2
4669,60,Female,Sports,Yoga Mat,119,Summer,Card,4.3,5,0
4670,66,Female,Beauty,Perfume,103,Summer,Card,3.1,10,5
4671,54,Female,Accessories,Handbag,151,Spring,Card,4.9,11,3
4672,69,Male,Mens Clothing,Jeans,173,Autumn,Card,3.2,17,6
4673,59,Male,Sports,Dumbbells,182,Spring,Card,4.4,20,5
4674,23,Female,Accessories,Handbag,121,Spring,Card,3.9,8,4
4675,45,Male,Sports,Yoga Mat,154,Spring,Card,2.9,12,6
4676,55,Female,Footwear,Sneakers,220,Spring,Card,3.7,15,5
4677,56,Male,Footwear,Formal Shoes,198,Winter,Card,3.8,21,8
4678,37,Female,Accessories,Sunglasses,173,Autumn,Card,3.4,11,3
4679,26,Male,Mens Clothing,Jeans,146,Summer,Card,4.4,23,9
4680,29,Female,Accessories,Handbag,23,Spring,Card,4.2,24,7
4681,27,Male,Sports,Yoga Mat,229,Spring,Card,4.1,30,10
4682,40,Male,Electronics,Laptop,2163,Spring,Card,3.9,11,3
4683,42,Female,Footwear,Sneakers,223,Winter,Card,3.3,12,6
4684,23,Female,Womens Clothing,Skirt,75,Spring,Cash on Delivery,3.2,15,5
4685,68,Male,Electronics,Smart Watch,1945,Spring,Card,2.4,18,4
4686,22,Male,Sports,Yoga Mat,40,Summer,Cash on Delivery,4.2,9,2
4687,54,Female,Sports,Yoga Mat,49,Winter,Cash on Delivery,3.8,18,4
4688,50,Female,Groceries,Rice Pack,43,Winter,Card,3.5,20,5
4689,34,Male,Sports,Football,246,Winter,Card,3.1,17,6
4690,28,Male,Mens Clothing,T-Shirt,185,Winter,Card,4.1,13,4
4691,32,Male,Mens Clothing,Jeans,81,Summer,Card,3.8,24,7
4692,50,Male,Mens Clothing,T-Shirt,109,Spring,Card,4,12,6
4693,34,Female,Accessories,Handbag,52,Spring,Card,3.7,15,5
4694,60,Female,Accessories,Wallet,130,Spring,Card,4,24,7
4695,59,Male,Mens Clothing,Jacket,116,Winter,Card,4.8,15,5
4696,40,Female,Groceries,Rice Pack,26,Summer,Cash on Delivery,3.3,9,2
4697,66,Female,Womens Clothing,Top,102,Spring,Card,3.3,11,3
4698,44,Female,Beauty,Perfume,106,Spring,Card,3.6,17,6
4699,43,Female,Footwear,Sneakers,200,Autumn,Card,4,17,6
4700,60,Male,Footwear,Sneakers,210,Summer,Card,4.8,15,5
4701,41,Female,Womens Clothing,Jeans,42,Winter,Card,4.1,13,4
4702,32,Male,Sports,Dumbbells,187,Summer,Card,3.2,12,6
4703,42,Male,Mens Clothing,T-Shirt,190,Winter,Card,3,14,7
4704,30,Male,Groceries,Cooking Oil,64,Winter,Cash on Delivery,4.4,21,8
4705,25,Female,Womens Clothing,Skirt,162,Winter,Card,3.6,14,7
4706,54,Male,Electronics,Headphones,2349,Summer,Card,3.3,7,1
4707,70,Female,Womens Clothing,Jeans,62,Summer,Card,2.9,17,6
4708,26,Female,Womens Clothing,Jeans,97,Autumn,Cash on Delivery,4.8,18,4
4709,57,Male,Sports,Yoga Mat,126,Autumn,Card,5,11,3
4710,38,Female,Beauty,Makeup Set,63,Autumn,Card,3.3,13,4
4711,57,Female,Womens Clothing,Top,150,Winter,Card,3.1,14,7
4712,68,Female,Groceries,Beverages,55,Winter,Cash on Delivery,3.5,12,6
4713,26,Male,Electronics,Headphones,733,Spring,Card,3,13,4
4714,22,Male,Footwear,Formal Shoes,117,Winter,Card,4.8,17,6
4715,38,Male,Footwear,Sneakers,140,Winter,Card,5,8,4
4716,58,Male,Sports,Dumbbells,96,Summer,Card,3.7,13,4
4717,66,Male,Sports,Football,52,Summer,Cash on Delivery,5,17,6
4718,44,Female,Beauty,Skincare Kit,29,Spring,Cash on Delivery,3.5,12,6
4719,34,Female,Accessories,Wallet,141,Summer,Card,4.5,19,7
4720,25,Male,Sports,Football,28,Winter,Card,3.5,2,1
4721,49,Male,Electronics,Mobile Phone,2621,Winter,Card,3.3,18,4
4722,36,Female,Accessories,Sunglasses,60,Winter,Cash on Delivery,4.4,6,3
4723,24,Male,Sports,Yoga Mat,89,Winter,Card,3.8,0,0
4724,32,Female,Footwear,Sandals,53,Spring,Cash on Delivery,3.1,18,4
4725,62,Female,Beauty,Perfume,93,Winter,Cash on Delivery,4.1,12,6
4726,48,Female,Beauty,Makeup Set,96,Autumn,Card,3.8,22,11
4727,44,Male,Groceries,Snacks,52,Autumn,Cash on Delivery,3.8,22,6
4728,58,Male,Sports,Football,147,Summer,Card,4.1,12,1
4729,59,Male,Footwear,Sneakers,209,Spring,Card,4,12,6
4730,31,Male,Footwear,Sneakers,223,Summer,Card,4.3,18,9
4731,37,Female,Womens Clothing,Skirt,57,Autumn,Card,5,14,7
4732,32,Male,Sports,Dumbbells,47,Spring,Cash on Delivery,3.4,17,6
4733,69,Male,Electronics,Smart Watch,772,Autumn,Card,4.8,14,7
4734,40,Male,Sports,Yoga Mat,123,Autumn,Card,2.8,13,4
4735,21,Female,Womens Clothing,Jeans,195,Winter,Card,4.4,20,5
4736,60,Female,Beauty,Perfume,80,Spring,Card,3.6,14,7
4737,66,Female,Womens Clothing,Top,110,Summer,Card,4.3,26,8
4738,42,Female,Beauty,Makeup Set,134,Summer,Card,3.3,14,7
4739,28,Male,Mens Clothing,T-Shirt,37,Summer,Card,4.4,22,6
4740,50,Male,Groceries,Rice Pack,20,Winter,Card,3.3,19,7
4741,65,Male,Groceries,Rice Pack,14,Summer,Card,4.1,21,8
4742,48,Male,Sports,Dumbbells,147,Summer,Card,3.4,20,5
4743,56,Female,Womens Clothing,Skirt,172,Summer,Card,3.7,18,4
4744,41,Male,Sports,Dumbbells,179,Autumn,Card,4.9,8,4
4745,26,Female,Footwear,Sandals,105,Winter,Card,4.1,6,3
4746,61,Male,Sports,Football,217,Autumn,Card,4.4,13,4
4747,54,Male,Electronics,Laptop,573,Autumn,Card,3.7,11,3
4748,45,Female,Footwear,Sneakers,198,Winter,Card,2.6,18,4
4749,66,Male,Sports,Yoga Mat,33,Autumn,Cash on Delivery,3.6,16,3
4750,29,Male,Footwear,Formal Shoes,219,Summer,Card,2.3,8,4
4751,27,Male,Sports,Football,97,Autumn,Cash on Delivery,3.2,8,4
4752,29,Male,Electronics,Headphones,2818,Autumn,Card,4.1,14,2
4753,24,Female,Home,Curtains,209,Autumn,Card,3.1,6,3
4754,65,Male,Home,Kitchen Set,205,Summer,Card,3.8,8,4
4755,50,Female,Footwear,Formal Shoes,70,Winter,Card,3.1,13,4
4756,28,Female,Beauty,Makeup Set,133,Winter,Card,4.4,17,6
4757,26,Male,Home,Curtains,240,Spring,Card,3.5,8,4
4758,33,Female,Footwear,Formal Shoes,226,Summer,Card,4.5,8,4
4759,69,Male,Home,Kitchen Set,233,Spring,Card,3.7,26,8
4760,31,Female,Womens Clothing,Skirt,158,Spring,Card,3.3,15,5
4761,59,Female,Groceries,Beverages,24,Autumn,Cash on Delivery,3.5,14,2
4762,34,Male,Mens Clothing,Shirt,175,Spring,Card,2.6,12,6
4763,36,Male,Sports,Dumbbells,189,Autumn,Card,2.4,16,3
4764,22,Female,Beauty,Makeup Set,28,Winter,Cash on Delivery,3.6,15,5
4765,42,Female,Accessories,Handbag,103,Summer,Card,4.1,15,5
4766,32,Male,Electronics,Mobile Phone,2817,Autumn,Card,2.6,12,6
4767,45,Male,Footwear,Sneakers,240,Spring,Card,4.7,12,6
4768,30,Male,Mens Clothing,T-Shirt,56,Winter,Card,3.7,24,7
4769,69,Female,Footwear,Formal Shoes,114,Winter,Card,3.4,28,9
4770,48,Female,Womens Clothing,Skirt,181,Autumn,Card,4,10,5
4771,44,Female,Womens Clothing,Jeans,45,Spring,Card,4.4,15,5
4772,30,Male,Footwear,Formal Shoes,243,Winter,Card,3.4,18,9
4773,66,Male,Footwear,Sandals,200,Spring,Card,4.4,18,4
4774,33,Female,Beauty,Skincare Kit,122,Winter,Card,4.4,8,4
4775,41,Female,Groceries,Rice Pack,29,Summer,Card,3.9,6,3
4776,27,Female,Footwear,Formal Shoes,117,Spring,Card,3.4,10,5
4777,57,Male,Electronics,Headphones,1598,Autumn,Card,4.2,19,7
4778,48,Male,Sports,Yoga Mat,138,Autumn,Card,3.5,8,4
4779,67,Female,Womens Clothing,Skirt,135,Winter,Card,3.9,13,4
4780,59,Female,Beauty,Skincare Kit,42,Summer,Card,2.2,11,3
4781,66,Male,Groceries,Cooking Oil,45,Autumn,Cash on Delivery,4.3,19,7
4782,60,Male,Groceries,Beverages,6,Summer,Cash on Delivery,3.7,15,5
4783,50,Female,Womens Clothing,Dress,91,Autumn,Cash on Delivery,3.6,19,7
4784,67,Female,Womens Clothing,Jeans,62,Spring,Cash on Delivery,3.8,14,2
4785,21,Male,Mens Clothing,T-Shirt,31,Winter,Card,3.2,15,5
4786,31,Male,Sports,Dumbbells,83,Spring,Card,3.2,13,4
4787,43,Female,Home,Curtains,163,Autumn,Card,3.3,12,1
4788,20,Male,Sports,Dumbbells,173,Spring,Card,2.9,10,5
4789,58,Male,Electronics,Headphones,1498,Spring,Card,4.2,8,4
4790,68,Female,Accessories,Sunglasses,125,Spring,Card,4.1,11,3
4791,57,Male,Groceries,Beverages,45,Autumn,Cash on Delivery,4.5,9,2
4792,66,Female,Womens Clothing,Dress,122,Winter,Card,3.9,24,7
4793,55,Male,Mens Clothing,Shirt,63,Winter,Cash on Delivery,2.9,12,6
4794,37,Male,Mens Clothing,Jacket,35,Summer,Cash on Delivery,2.9,10,0
4795,24,Female,Womens Clothing,Top,60,Winter,Card,3.3,14,2
4796,65,Female,Accessories,Wallet,178,Winter,Card,2.8,18,4
4797,66,Male,Sports,Yoga Mat,98,Autumn,Cash on Delivery,3.3,18,9
4798,56,Female,Accessories,Wallet,62,Winter,Cash on Delivery,4.4,7,1
4799,65,Female,Sports,Football,37,Autumn,Cash on Delivery,3.5,23,9
4800,50,Female,Sports,Yoga Mat,35,Summer,Card,2.8,12,6
4801,22,Female,Sports,Yoga Mat,137,Spring,Card,4.5,22,6
4802,67,Female,Womens Clothing,Dress,81,Spring,Cash on Delivery,4.6,14,7
4803,44,Female,Sports,Yoga Mat,49,Summer,Cash on Delivery,3.3,7,1
4804,31,Male,Sports,Yoga Mat,84,Winter,Cash on Delivery,4.1,26,8
4805,46,Female,Womens Clothing,Jeans,48,Spring,Cash on Delivery,4.1,12,6
4806,57,Female,Groceries,Rice Pack,45,Spring,Cash on Delivery,4.5,12,6
4807,35,Female,Accessories,Sunglasses,99,Spring,Card,4.3,8,4
4808,47,Male,Mens Clothing,T-Shirt,150,Spring,Card,3.7,8,4
4809,51,Male,Sports,Football,224,Winter,Card,3.3,15,5
4810,43,Female,Womens Clothing,Skirt,164,Summer,Card,2.6,15,5
4811,27,Male,Groceries,Beverages,55,Autumn,Card,3.1,10,5
4812,34,Male,Footwear,Sneakers,107,Winter,Card,3.4,26,8
4813,55,Female,Footwear,Sandals,105,Summer,Card,3.9,20,5
4814,30,Male,Electronics,Smart Watch,1844,Autumn,Card,3.5,9,2
4815,58,Male,Footwear,Sandals,65,Winter,Card,4.1,19,7
4816,67,Male,Electronics,Mobile Phone,2035,Spring,Card,3.7,13,4
4817,26,Male,Groceries,Rice Pack,43,Autumn,Card,4.1,9,2
4818,31,Male,Electronics,Mobile Phone,2125,Winter,Card,3.4,13,4
4819,58,Male,Electronics,Smart Watch,1687,Summer,Card,3.8,13,4
4820,38,Male,Electronics,Mobile Phone,1951,Autumn,Card,4.6,6,3
4821,37,Male,Mens Clothing,Jeans,160,Spring,Card,3.7,20,5
4822,28,Male,Sports,Football,178,Spring,Card,4.1,22,6
4823,48,Male,Footwear,Sandals,92,Spring,Card,3.3,14,7
4824,36,Female,Accessories,Wallet,36,Spring,Cash on Delivery,4.2,11,3
4825,57,Male,Sports,Dumbbells,235,Winter,Card,3.9,18,4
4826,42,Male,Groceries,Cooking Oil,77,Autumn,Cash on Delivery,4.5,9,2
4827,47,Male,Electronics,Smart Watch,692,Summer,Card,4.3,9,2
4828,56,Female,Womens Clothing,Jeans,129,Summer,Card,4.9,12,6
4829,30,Female,Beauty,Skincare Kit,97,Winter,Cash on Delivery,4.1,19,7
4830,24,Female,Accessories,Wallet,157,Summer,Card,2.8,8,4
4831,35,Female,Footwear,Formal Shoes,233,Spring,Card,3.1,11,3
4832,52,Female,Sports,Yoga Mat,66,Winter,Cash on Delivery,3.5,32,11
4833,55,Male,Sports,Football,245,Summer,Card,5,22,11
4834,27,Male,Electronics,Mobile Phone,540,Spring,Card,3.5,20,5
4835,50,Female,Beauty,Skincare Kit,56,Autumn,Card,3.7,11,3
4836,62,Female,Footwear,Sneakers,204,Autumn,Card,4.5,14,7
4837,64,Male,Mens Clothing,Jacket,187,Spring,Card,3.8,16,3
4838,70,Female,Beauty,Perfume,120,Summer,Card,4.2,22,6
4839,38,Male,Mens Clothing,T-Shirt,91,Autumn,Cash on Delivery,4.4,22,6
4840,24,Female,Groceries,Cooking Oil,42,Spring,Cash on Delivery,3.8,20,5
4841,26,Male,Electronics,Smart Watch,1499,Spring,Card,3.3,15,5
4842,46,Male,Mens Clothing,Jacket,167,Autumn,Card,3.3,26,8
4843,36,Male,Footwear,Formal Shoes,206,Summer,Card,4.6,11,3
4844,36,Female,Home,Lamp,280,Autumn,Card,4.4,24,7
4845,65,Male,Electronics,Smart Watch,1117,Spring,Card,3.8,22,6
4846,51,Female,Womens Clothing,Dress,76,Summer,Card,4.2,11,3
4847,21,Female,Accessories,Sunglasses,32,Winter,Cash on Delivery,2.6,20,5
4848,48,Female,Beauty,Skincare Kit,125,Summer,Card,3.6,18,4
4849,51,Male,Footwear,Formal Shoes,188,Autumn,Card,4.6,16,8
4850,46,Female,Accessories,Wallet,72,Autumn,Cash on Delivery,4.6,16,3
4851,46,Male,Home,Kitchen Set,237,Autumn,Card,4.1,12,6
4852,52,Female,Womens Clothing,Jeans,178,Spring,Card,3.8,6,3
4853,67,Male,Electronics,Laptop,1465,Winter,Card,3.8,22,11
4854,36,Male,Footwear,Formal Shoes,237,Autumn,Card,3.2,22,6
4855,38,Male,Home,Lamp,109,Autumn,Card,2.7,10,0
4856,45,Male,Home,Lamp,221,Summer,Card,4,8,4
4857,22,Female,Womens Clothing,Skirt,172,Winter,Card,3.9,12,6
4858,33,Female,Accessories,Handbag,83,Summer,Cash on Delivery,3.7,25,10
4859,60,Male,Sports,Football,224,Spring,Card,3.2,23,9
4860,38,Female,Footwear,Sneakers,212,Winter,Card,3.6,15,5
4861,57,Female,Accessories,Sunglasses,98,Summer,Card,4.2,16,8
4862,61,Male,Sports,Dumbbells,167,Spring,Card,3.5,12,1
4863,45,Male,Electronics,Mobile Phone,2483,Summer,Card,4.1,4,2
4864,26,Male,Sports,Yoga Mat,125,Spring,Card,2.5,18,4
4865,25,Female,Beauty,Skincare Kit,62,Spring,Cash on Delivery,4,18,9
4866,22,Female,Beauty,Makeup Set,94,Autumn,Card,3.3,10,5
4867,61,Male,Sports,Football,193,Summer,Card,4.1,15,5
4868,34,Female,Womens Clothing,Jeans,86,Winter,Cash on Delivery,3.5,24,7
4869,56,Male,Sports,Dumbbells,185,Summer,Card,4.1,12,6
4870,53,Male,Mens Clothing,T-Shirt,162,Summer,Card,5,20,5
4871,34,Male,Sports,Yoga Mat,76,Spring,Cash on Delivery,4.3,26,8
4872,20,Male,Groceries,Snacks,60,Summer,Card,4.8,14,2
4873,30,Male,Footwear,Sandals,114,Spring,Card,3.6,13,4
4874,28,Male,Mens Clothing,T-Shirt,110,Spring,Card,4.6,19,7
4875,27,Female,Accessories,Sunglasses,162,Summer,Card,3.8,12,1
4876,38,Female,Footwear,Sandals,78,Winter,Card,3.7,15,5
4877,48,Male,Footwear,Sandals,228,Autumn,Card,3.4,21,8
4878,30,Female,Beauty,Perfume,45,Spring,Card,3.1,26,8
4879,50,Female,Womens Clothing,Dress,178,Summer,Card,3.1,8,4
4880,45,Male,Electronics,Mobile Phone,1054,Autumn,Card,4.6,10,5
4881,67,Male,Footwear,Sandals,87,Summer,Cash on Delivery,4,10,5
4882,48,Male,Electronics,Mobile Phone,2184,Autumn,Card,4,8,4
4883,42,Female,Accessories,Handbag,129,Spring,Card,5,19,7
4884,26,Female,Beauty,Skincare Kit,104,Autumn,Card,4.2,20,5
4885,47,Male,Mens Clothing,T-Shirt,78,Autumn,Card,4.4,20,5
4886,65,Female,Accessories,Wallet,45,Spring,Cash on Delivery,3.9,14,2
4887,67,Male,Mens Clothing,Jacket,194,Spring,Card,3.6,16,3
4888,42,Female,Beauty,Skincare Kit,126,Summer,Card,3.6,12,6
4889,57,Female,Beauty,Perfume,35,Spring,Card,3.8,11,3
4890,37,Male,Footwear,Sandals,62,Autumn,Cash on Delivery,3.7,12,6
4891,61,Female,Accessories,Handbag,148,Autumn,Card,3.5,10,5
4892,55,Female,Sports,Football,122,Autumn,Card,3.5,22,6
4893,70,Female,Sports,Football,127,Winter,Card,4.2,14,7
4894,47,Male,Sports,Football,187,Spring,Card,5,24,7
4895,31,Female,Womens Clothing,Skirt,129,Winter,Card,3.2,10,5
4896,40,Female,Beauty,Skincare Kit,126,Autumn,Card,4.1,15,5
4897,64,Male,Sports,Football,131,Winter,Card,3.8,18,4
4898,57,Female,Womens Clothing,Skirt,128,Autumn,Card,4.2,30,10
4899,55,Male,Electronics,Mobile Phone,1091,Summer,Card,4.7,16,3
4900,48,Male,Home,Curtains,212,Autumn,Card,3.7,12,6
4901,29,Male,Electronics,Smart Watch,2200,Autumn,Card,4.8,19,7
4902,69,Male,Electronics,Mobile Phone,2613,Summer,Card,4.4,26,8
4903,23,Female,Footwear,Sandals,116,Spring,Card,5,14,2
4904,23,Male,Mens Clothing,Shirt,75,Summer,Card,4.2,17,6
4905,30,Female,Beauty,Makeup Set,55,Summer,Cash on Delivery,4.1,6,3
4906,41,Female,Home,Lamp,151,Winter,Card,3.2,8,4
4907,69,Female,Groceries,Beverages,14,Winter,Cash on Delivery,3.5,17,6
4908,36,Female,Footwear,Sandals,46,Spring,Card,4.1,32,11
4909,68,Female,Accessories,Handbag,133,Summer,Card,4,26,8
4910,47,Female,Sports,Yoga Mat,62,Winter,Card,4.2,8,4
4911,26,Female,Sports,Yoga Mat,72,Spring,Card,3.7,18,4
4912,62,Male,Mens Clothing,Shirt,85,Autumn,Card,3.9,19,7
4913,30,Male,Mens Clothing,Jeans,124,Autumn,Card,2.1,11,3
4914,44,Male,Footwear,Formal Shoes,115,Summer,Card,4,22,6
4915,44,Female,Footwear,Sandals,236,Autumn,Card,2,12,6
4916,44,Female,Groceries,Cooking Oil,63,Summer,Cash on Delivery,3.6,2,1
4917,39,Female,Groceries,Cooking Oil,70,Autumn,Cash on Delivery,4.1,14,2
4918,35,Female,Groceries,Snacks,69,Autumn,Card,4.3,22,6
4919,43,Female,Footwear,Sneakers,64,Spring,Cash on Delivery,4.1,14,7
4920,44,Female,Womens Clothing,Jeans,47,Autumn,Cash on Delivery,2.3,9,2
4921,69,Male,Sports,Football,206,Winter,Card,3.3,16,3
4922,25,Female,Accessories,Sunglasses,33,Autumn,Card,3.5,8,4
4923,24,Male,Groceries,Cooking Oil,60,Winter,Cash on Delivery,2.7,12,6
4924,45,Male,Sports,Dumbbells,82,Spring,Card,3.4,10,5
4925,55,Male,Groceries,Snacks,32,Winter,Card,3.7,15,5
4926,33,Male,Sports,Dumbbells,41,Winter,Cash on Delivery,4.6,4,2
4927,47,Female,Beauty,Makeup Set,100,Spring,Card,3,4,2
4928,67,Male,Electronics,Mobile Phone,1360,Summer,Card,5,24,7
4929,36,Female,Accessories,Sunglasses,142,Autumn,Card,4.4,17,6
4930,30,Male,Footwear,Formal Shoes,131,Summer,Card,3.9,18,4
4931,36,Male,Mens Clothing,Jeans,107,Winter,Card,5,22,6
4932,21,Male,Electronics,Mobile Phone,845,Winter,Card,3.7,16,8
4933,49,Male,Electronics,Mobile Phone,2662,Winter,Card,4.7,20,5
4934,50,Male,Sports,Dumbbells,187,Spring,Card,3,11,3
4935,66,Female,Accessories,Handbag,144,Autumn,Card,3.7,20,5
4936,23,Male,Electronics,Mobile Phone,2876,Spring,Card,3,16,3
4937,31,Male,Electronics,Laptop,2687,Winter,Card,3.3,9,2
4938,54,Female,Womens Clothing,Jeans,35,Autumn,Card,3.6,26,8
4939,64,Male,Electronics,Headphones,2546,Autumn,Card,4.9,15,5
4940,31,Male,Footwear,Sandals,248,Summer,Card,4.4,20,5
4941,31,Female,Beauty,Perfume,45,Winter,Cash on Delivery,4.1,22,6
4942,22,Male,Sports,Yoga Mat,194,Autumn,Card,4.9,14,7
4943,40,Female,Beauty,Perfume,99,Autumn,Card,4.7,16,3
4944,28,Male,Footwear,Sneakers,216,Autumn,Card,1.5,7,1
4945,64,Female,Footwear,Sandals,197,Autumn,Card,4.4,10,5
4946,48,Female,Groceries,Rice Pack,75,Spring,Card,3.7,8,4
4947,24,Female,Beauty,Skincare Kit,78,Summer,Cash on Delivery,3.6,12,6
4948,20,Female,Beauty,Skincare Kit,33,Spring,Cash on Delivery,2.9,8,4
4949,21,Female,Footwear,Formal Shoes,92,Autumn,Cash on Delivery,3,8,4
4950,70,Female,Beauty,Skincare Kit,71,Autumn,Cash on Delivery,4.7,28,9
4951,39,Female,Footwear,Sandals,93,Summer,Card,3.6,11,3
4952,53,Female,Beauty,Makeup Set,93,Summer,Card,4.9,11,3
4953,24,Male,Footwear,Sneakers,201,Winter,Card,3.4,0,0
4954,22,Female,Womens Clothing,Skirt,108,Autumn,Card,3.2,28,9
4955,29,Male,Sports,Football,49,Spring,Card,3.5,4,2
4956,37,Male,Groceries,Rice Pack,43,Autumn,Cash on Delivery,4.1,16,3
4957,47,Male,Mens Clothing,Jeans,180,Summer,Card,4.4,12,6
4958,69,Male,Groceries,Beverages,60,Autumn,Cash on Delivery,3.3,14,7
4959,36,Female,Groceries,Beverages,33,Spring,Card,4.3,15,5
4960,42,Male,Electronics,Mobile Phone,2341,Autumn,Card,3.1,9,2
4961,23,Female,Sports,Dumbbells,125,Spring,Card,4.9,20,5
4962,52,Male,Groceries,Snacks,69,Summer,Cash on Delivery,3.6,8,4
4963,59,Female,Accessories,Sunglasses,68,Winter,Cash on Delivery,2.7,13,4
4964,21,Male,Mens Clothing,T-Shirt,80,Spring,Card,4.5,19,7
4965,50,Male,Sports,Yoga Mat,66,Autumn,Cash on Delivery,4,16,8
4966,50,Male,Footwear,Formal Shoes,65,Spring,Card,4.4,9,2
4967,57,Male,Mens Clothing,Jeans,186,Spring,Card,3.6,17,6
4968,58,Female,Accessories,Handbag,61,Summer,Card,3.9,8,4
4969,34,Male,Home,Lamp,35,Winter,Cash on Delivery,3.6,8,4
4970,41,Male,Electronics,Laptop,2443,Spring,Card,4.8,10,5
4971,52,Female,Accessories,Wallet,177,Summer,Card,3.3,16,3
4972,24,Male,Mens Clothing,Jacket,161,Winter,Card,3.7,16,3
4973,42,Female,Beauty,Perfume,106,Autumn,Card,3.4,6,3
4974,53,Male,Sports,Football,130,Spring,Card,4.5,6,3
4975,50,Female,Footwear,Sneakers,244,Spring,Card,3.7,18,4
4976,47,Female,Accessories,Handbag,163,Summer,Card,5,22,6
4977,32,Male,Sports,Yoga Mat,49,Autumn,Card,4.1,10,5
4978,28,Female,Footwear,Sneakers,47,Summer,Cash on Delivery,4.3,15,5
4979,48,Male,Electronics,Mobile Phone,1886,Spring,Card,4.2,22,6
4980,65,Female,Womens Clothing,Jeans,150,Winter,Card,3.4,12,6
4981,58,Female,Beauty,Makeup Set,22,Autumn,Card,3.8,18,4
4982,31,Female,Footwear,Sneakers,180,Summer,Card,5,29,12
4983,31,Male,Electronics,Smart Watch,2164,Summer,Card,4.1,10,5
4984,47,Female,Footwear,Formal Shoes,231,Spring,Card,2.7,16,3
4985,50,Male,Sports,Yoga Mat,134,Autumn,Card,5,12,6
4986,22,Female,Footwear,Sneakers,158,Summer,Card,3.7,9,2
4987,29,Male,Mens Clothing,Jacket,63,Winter,Cash on Delivery,5,22,6
4988,45,Male,Footwear,Formal Shoes,215,Summer,Card,4.5,20,5
4989,69,Male,Footwear,Formal Shoes,173,Spring,Card,3.9,2,1
4990,39,Female,Accessories,Sunglasses,147,Winter,Card,3.7,4,2
4991,28,Female,Groceries,Snacks,56,Winter,Card,2.6,24,7
4992,41,Male,Sports,Football,167,Summer,Card,3,11,3
4993,48,Male,Sports,Football,153,Winter,Card,4.7,12,6
4994,69,Female,Womens Clothing,Jeans,63,Autumn,Cash on Delivery,3.2,28,9
4995,20,Male,Sports,Dumbbells,124,Spring,Card,4.4,14,2
4996,44,Female,Accessories,Sunglasses,173,Winter,Card,3.6,20,5
4997,59,Male,Groceries,Beverages,54,Spring,Cash on Delivery,3.8,14,2
4998,41,Female,Accessories,Handbag,159,Autumn,Card,4.3,26,8
4999,63,Female,Womens Clothing,Skirt,174,Autumn,Card,4.8,26,8
5000,41,Female,Footwear,Sandals,55,Autumn,Cash on Delivery,4.1,19,7
